{"level":"info","message":"Initializing JSON-file Database at: D:\\Frerlancing\\Treding Bot\\forex_bot_db.json","timestamp":"2026-07-10 12:48:25"}
{"level":"info","message":"JSON Database initialized successfully.","timestamp":"2026-07-10 12:48:25"}
{"level":"warn","message":"Risk Management: Position count limit reached (5/5). Rejects signal.","timestamp":"2026-07-10 12:48:25"}
{"level":"info","message":"Initializing JSON-file Database at: D:\\Frerlancing\\Treding Bot\\forex_bot_db.json","timestamp":"2026-07-10 12:48:25"}
{"level":"info","message":"JSON Database initialized successfully.","timestamp":"2026-07-10 12:48:25"}
{"level":"info","message":"Initializing JSON-file Database at: D:\\Frerlancing\\Treding Bot\\forex_bot_db.json","timestamp":"2026-07-10 12:48:25"}
{"level":"info","message":"JSON Database initialized successfully.","timestamp":"2026-07-10 12:48:25"}
{"level":"warn","message":"Risk Management: Daily loss limit breached (PnL: $-600.00, Limit: -$500.00). Halted trading for today.","timestamp":"2026-07-10 12:48:25"}
{"level":"info","message":"Initializing JSON-file Database at: D:\\Frerlancing\\Treding Bot\\forex_bot_db.json","timestamp":"2026-07-10 12:48:25"}
{"level":"info","message":"JSON Database initialized successfully.","timestamp":"2026-07-10 12:48:25"}
{"level":"info","message":"Trading Engine Initialized. Realized PnL: $0.00. Current Account Balance: $10000.00","timestamp":"2026-07-10 12:48:25"}
{"level":"info","message":"[ORDER EXECUTED] BUY 66667 EUR_USD @ 1.08025 | Strategy: ma_crossover | SL: 1.07725 | TP: 1.08625","timestamp":"2026-07-10 12:48:25"}
{"level":"info","message":"Initializing JSON-file Database at: D:\\Frerlancing\\Treding Bot\\forex_bot_db.json","timestamp":"2026-07-10 12:48:25"}
{"level":"info","message":"JSON Database initialized successfully.","timestamp":"2026-07-10 12:48:25"}
{"level":"info","message":"Trading Engine Initialized. Realized PnL: $0.00. Current Account Balance: $10000.00","timestamp":"2026-07-10 12:48:25"}
{"level":"info","message":"[ORDER EXECUTED] SELL 66667 EUR_USD @ 1.07995 | Strategy: ma_crossover | SL: 1.08295 | TP: 1.07395","timestamp":"2026-07-10 12:48:25"}
{"level":"info","message":"Initializing JSON-file Database at: D:\\Frerlancing\\Treding Bot\\forex_bot_db.json","timestamp":"2026-07-10 12:48:25"}
{"level":"info","message":"JSON Database initialized successfully.","timestamp":"2026-07-10 12:48:25"}
{"level":"info","message":"Trading Engine Initialized. Realized PnL: $0.00. Current Account Balance: $10000.00","timestamp":"2026-07-10 12:48:25"}
{"level":"info","message":"[ORDER EXECUTED] BUY 66667 EUR_USD @ 1.08025 | Strategy: ma_crossover | SL: 1.07725 | TP: 1.08625","timestamp":"2026-07-10 12:48:25"}
{"level":"info","message":"[POSITION CLOSED] BUY EUR_USD closed @ 1.08495 | Realized PnL: $313.33 | Reason: Test Close","timestamp":"2026-07-10 12:48:25"}
{"level":"info","message":"Initializing JSON-file Database at: D:\\Frerlancing\\Treding Bot\\forex_bot_db.json","timestamp":"2026-07-10 12:48:25"}
{"level":"info","message":"JSON Database initialized successfully.","timestamp":"2026-07-10 12:48:25"}
{"level":"info","message":"Trading Engine Initialized. Realized PnL: $0.00. Current Account Balance: $10000.00","timestamp":"2026-07-10 12:48:25"}
{"level":"info","message":"[ORDER EXECUTED] BUY 66667 EUR_USD @ 1.08025 | Strategy: ma_crossover | SL: 1.07725 | TP: 1.08625","timestamp":"2026-07-10 12:48:25"}
{"level":"info","message":"Initializing JSON-file Database at: D:\\Frerlancing\\Treding Bot\\forex_bot_db.json","timestamp":"2026-07-10 12:49:03"}
{"level":"info","message":"JSON Database initialized successfully.","timestamp":"2026-07-10 12:49:03"}
{"level":"warn","message":"Risk Management: Position count limit reached (5/5). Rejects signal.","timestamp":"2026-07-10 12:49:03"}
{"level":"info","message":"Initializing JSON-file Database at: D:\\Frerlancing\\Treding Bot\\forex_bot_db.json","timestamp":"2026-07-10 12:49:03"}
{"level":"info","message":"JSON Database initialized successfully.","timestamp":"2026-07-10 12:49:03"}
{"level":"info","message":"Initializing JSON-file Database at: D:\\Frerlancing\\Treding Bot\\forex_bot_db.json","timestamp":"2026-07-10 12:49:03"}
{"level":"info","message":"JSON Database initialized successfully.","timestamp":"2026-07-10 12:49:03"}
{"level":"warn","message":"Risk Management: Daily loss limit breached (PnL: $-600.00, Limit: -$500.00). Halted trading for today.","timestamp":"2026-07-10 12:49:03"}
{"level":"warn","message":"Risk Management: Daily loss limit breached (PnL: $-600.00, Limit: -$500.00). Halted trading for today.","timestamp":"2026-07-10 12:49:03"}
{"level":"info","message":"Initializing JSON-file Database at: D:\\Frerlancing\\Treding Bot\\forex_bot_db.json","timestamp":"2026-07-10 12:49:03"}
{"level":"info","message":"JSON Database initialized successfully.","timestamp":"2026-07-10 12:49:03"}
{"level":"info","message":"Trading Engine Initialized. Realized PnL: $0.00. Current Account Balance: $10000.00","timestamp":"2026-07-10 12:49:03"}
{"level":"info","message":"[ORDER EXECUTED] BUY 66667 EUR_USD @ 1.08025 | Strategy: ma_crossover | SL: 1.07725 | TP: 1.08625","timestamp":"2026-07-10 12:49:03"}
{"level":"info","message":"Initializing JSON-file Database at: D:\\Frerlancing\\Treding Bot\\forex_bot_db.json","timestamp":"2026-07-10 12:49:03"}
{"level":"info","message":"JSON Database initialized successfully.","timestamp":"2026-07-10 12:49:03"}
{"level":"info","message":"Trading Engine Initialized. Realized PnL: $0.00. Current Account Balance: $10000.00","timestamp":"2026-07-10 12:49:03"}
{"level":"info","message":"[ORDER EXECUTED] SELL 66667 EUR_USD @ 1.07995 | Strategy: ma_crossover | SL: 1.08295 | TP: 1.07395","timestamp":"2026-07-10 12:49:03"}
{"level":"info","message":"Initializing JSON-file Database at: D:\\Frerlancing\\Treding Bot\\forex_bot_db.json","timestamp":"2026-07-10 12:49:03"}
{"level":"info","message":"JSON Database initialized successfully.","timestamp":"2026-07-10 12:49:03"}
{"level":"info","message":"Trading Engine Initialized. Realized PnL: $0.00. Current Account Balance: $10000.00","timestamp":"2026-07-10 12:49:03"}
{"level":"info","message":"[ORDER EXECUTED] BUY 66667 EUR_USD @ 1.08025 | Strategy: ma_crossover | SL: 1.07725 | TP: 1.08625","timestamp":"2026-07-10 12:49:03"}
{"level":"info","message":"[POSITION CLOSED] BUY EUR_USD closed @ 1.08495 | Realized PnL: $NaN | Reason: Test Close","timestamp":"2026-07-10 12:49:03"}
{"level":"info","message":"Initializing JSON-file Database at: D:\\Frerlancing\\Treding Bot\\forex_bot_db.json","timestamp":"2026-07-10 12:49:03"}
{"level":"info","message":"JSON Database initialized successfully.","timestamp":"2026-07-10 12:49:03"}
{"level":"info","message":"Trading Engine Initialized. Realized PnL: $0.00. Current Account Balance: $10000.00","timestamp":"2026-07-10 12:49:03"}
{"level":"info","message":"[ORDER EXECUTED] BUY 66667 EUR_USD @ 1.08025 | Strategy: ma_crossover | SL: 1.07725 | TP: 1.08625","timestamp":"2026-07-10 12:49:03"}
{"level":"info","message":"[POSITION CLOSED] BUY EUR_USD closed @ 1.07695 | Realized PnL: $NaN | Reason: Stop Loss Triggered (1.07725)","timestamp":"2026-07-10 12:49:03"}
{"level":"info","message":"[ORDER EXECUTED] BUY NaN EUR_USD @ 1.08025 | Strategy: ma_crossover | SL: 1.07725 | TP: 1.08625","timestamp":"2026-07-10 12:49:03"}
{"level":"info","message":"[POSITION CLOSED] BUY EUR_USD closed @ 1.08695 | Realized PnL: $NaN | Reason: Take Profit Triggered (1.08625)","timestamp":"2026-07-10 12:49:03"}
{"level":"info","message":"Initializing JSON-file Database at: D:\\Frerlancing\\Treding Bot\\forex_bot_db.json","timestamp":"2026-07-10 12:49:46"}
{"level":"info","message":"JSON Database initialized successfully.","timestamp":"2026-07-10 12:49:46"}
{"level":"warn","message":"Risk Management: Position count limit reached (5/5). Rejects signal.","timestamp":"2026-07-10 12:49:46"}
{"level":"info","message":"Initializing JSON-file Database at: D:\\Frerlancing\\Treding Bot\\forex_bot_db.json","timestamp":"2026-07-10 12:49:46"}
{"level":"info","message":"JSON Database initialized successfully.","timestamp":"2026-07-10 12:49:46"}
{"level":"info","message":"Initializing JSON-file Database at: D:\\Frerlancing\\Treding Bot\\forex_bot_db.json","timestamp":"2026-07-10 12:49:46"}
{"level":"info","message":"JSON Database initialized successfully.","timestamp":"2026-07-10 12:49:46"}
{"level":"warn","message":"Risk Management: Daily loss limit breached (PnL: $-600.00, Limit: -$500.00). Halted trading for today.","timestamp":"2026-07-10 12:49:46"}
{"level":"warn","message":"Risk Management: Daily loss limit breached (PnL: $-600.00, Limit: -$500.00). Halted trading for today.","timestamp":"2026-07-10 12:49:46"}
{"level":"info","message":"Initializing JSON-file Database at: D:\\Frerlancing\\Treding Bot\\forex_bot_db.json","timestamp":"2026-07-10 12:49:46"}
{"level":"info","message":"JSON Database initialized successfully.","timestamp":"2026-07-10 12:49:46"}
{"level":"info","message":"Trading Engine Initialized. Realized PnL: $0.00. Current Account Balance: $10000.00","timestamp":"2026-07-10 12:49:46"}
{"level":"info","message":"[ORDER EXECUTED] BUY 66667 EUR_USD @ 1.08025 | Strategy: ma_crossover | SL: 1.07725 | TP: 1.08625","timestamp":"2026-07-10 12:49:46"}
{"level":"info","message":"Initializing JSON-file Database at: D:\\Frerlancing\\Treding Bot\\forex_bot_db.json","timestamp":"2026-07-10 12:49:46"}
{"level":"info","message":"JSON Database initialized successfully.","timestamp":"2026-07-10 12:49:46"}
{"level":"info","message":"Trading Engine Initialized. Realized PnL: $0.00. Current Account Balance: $10000.00","timestamp":"2026-07-10 12:49:46"}
{"level":"info","message":"[ORDER EXECUTED] SELL 66667 EUR_USD @ 1.07995 | Strategy: ma_crossover | SL: 1.08295 | TP: 1.07395","timestamp":"2026-07-10 12:49:46"}
{"level":"info","message":"Initializing JSON-file Database at: D:\\Frerlancing\\Treding Bot\\forex_bot_db.json","timestamp":"2026-07-10 12:49:46"}
{"level":"info","message":"JSON Database initialized successfully.","timestamp":"2026-07-10 12:49:46"}
{"level":"info","message":"Trading Engine Initialized. Realized PnL: $0.00. Current Account Balance: $10000.00","timestamp":"2026-07-10 12:49:46"}
{"level":"info","message":"[ORDER EXECUTED] BUY 66667 EUR_USD @ 1.08025 | Strategy: ma_crossover | SL: 1.07725 | TP: 1.08625","timestamp":"2026-07-10 12:49:46"}
{"level":"info","message":"[POSITION CLOSED] BUY EUR_USD closed @ 1.08495 | Realized PnL: $313.33 | Reason: Test Close","timestamp":"2026-07-10 12:49:46"}
{"level":"info","message":"Initializing JSON-file Database at: D:\\Frerlancing\\Treding Bot\\forex_bot_db.json","timestamp":"2026-07-10 12:49:46"}
{"level":"info","message":"JSON Database initialized successfully.","timestamp":"2026-07-10 12:49:46"}
{"level":"info","message":"Trading Engine Initialized. Realized PnL: $0.00. Current Account Balance: $10000.00","timestamp":"2026-07-10 12:49:46"}
{"level":"info","message":"[ORDER EXECUTED] BUY 66667 EUR_USD @ 1.08025 | Strategy: ma_crossover | SL: 1.07725 | TP: 1.08625","timestamp":"2026-07-10 12:49:46"}
{"level":"info","message":"[POSITION CLOSED] BUY EUR_USD closed @ 1.07695 | Realized PnL: $-220.00 | Reason: Stop Loss Triggered (1.07725)","timestamp":"2026-07-10 12:49:46"}
{"level":"info","message":"[ORDER EXECUTED] BUY 65200 EUR_USD @ 1.08025 | Strategy: ma_crossover | SL: 1.07725 | TP: 1.08625","timestamp":"2026-07-10 12:49:46"}
{"level":"info","message":"[POSITION CLOSED] BUY EUR_USD closed @ 1.08695 | Realized PnL: $436.84 | Reason: Take Profit Triggered (1.08625)","timestamp":"2026-07-10 12:49:46"}
{"level":"info","message":"Initializing JSON-file Database at: D:\\Frerlancing\\Treding Bot\\forex_bot_db.json","timestamp":"2026-07-10 12:50:03"}
{"level":"info","message":"JSON Database initialized successfully.","timestamp":"2026-07-10 12:50:03"}
{"level":"warn","message":"Risk Management: Position count limit reached (5/5). Rejects signal.","timestamp":"2026-07-10 12:50:03"}
{"level":"info","message":"Initializing JSON-file Database at: D:\\Frerlancing\\Treding Bot\\forex_bot_db.json","timestamp":"2026-07-10 12:50:03"}
{"level":"info","message":"JSON Database initialized successfully.","timestamp":"2026-07-10 12:50:03"}
{"level":"info","message":"Initializing JSON-file Database at: D:\\Frerlancing\\Treding Bot\\forex_bot_db.json","timestamp":"2026-07-10 12:50:03"}
{"level":"info","message":"JSON Database initialized successfully.","timestamp":"2026-07-10 12:50:03"}
{"level":"warn","message":"Risk Management: Daily loss limit breached (PnL: $-600.00, Limit: -$500.00). Halted trading for today.","timestamp":"2026-07-10 12:50:03"}
{"level":"warn","message":"Risk Management: Daily loss limit breached (PnL: $-600.00, Limit: -$500.00). Halted trading for today.","timestamp":"2026-07-10 12:50:03"}
{"level":"info","message":"Initializing JSON-file Database at: D:\\Frerlancing\\Treding Bot\\forex_bot_db.json","timestamp":"2026-07-10 12:50:05"}
{"level":"info","message":"JSON Database initialized successfully.","timestamp":"2026-07-10 12:50:05"}
{"level":"info","message":"Trading Engine Initialized. Realized PnL: $0.00. Current Account Balance: $10000.00","timestamp":"2026-07-10 12:50:05"}
{"level":"info","message":"[ORDER EXECUTED] BUY 66667 EUR_USD @ 1.08025 | Strategy: ma_crossover | SL: 1.07725 | TP: 1.08625","timestamp":"2026-07-10 12:50:05"}
{"level":"info","message":"Initializing JSON-file Database at: D:\\Frerlancing\\Treding Bot\\forex_bot_db.json","timestamp":"2026-07-10 12:50:05"}
{"level":"info","message":"JSON Database initialized successfully.","timestamp":"2026-07-10 12:50:05"}
{"level":"info","message":"Trading Engine Initialized. Realized PnL: $0.00. Current Account Balance: $10000.00","timestamp":"2026-07-10 12:50:05"}
{"level":"info","message":"[ORDER EXECUTED] SELL 66667 EUR_USD @ 1.07995 | Strategy: ma_crossover | SL: 1.08295 | TP: 1.07395","timestamp":"2026-07-10 12:50:05"}
{"level":"info","message":"Initializing JSON-file Database at: D:\\Frerlancing\\Treding Bot\\forex_bot_db.json","timestamp":"2026-07-10 12:50:05"}
{"level":"info","message":"JSON Database initialized successfully.","timestamp":"2026-07-10 12:50:05"}
{"level":"info","message":"Trading Engine Initialized. Realized PnL: $0.00. Current Account Balance: $10000.00","timestamp":"2026-07-10 12:50:05"}
{"level":"info","message":"[ORDER EXECUTED] BUY 66667 EUR_USD @ 1.08025 | Strategy: ma_crossover | SL: 1.07725 | TP: 1.08625","timestamp":"2026-07-10 12:50:05"}
{"level":"info","message":"[POSITION CLOSED] BUY EUR_USD closed @ 1.08495 | Realized PnL: $313.33 | Reason: Test Close","timestamp":"2026-07-10 12:50:05"}
{"level":"info","message":"Initializing JSON-file Database at: D:\\Frerlancing\\Treding Bot\\forex_bot_db.json","timestamp":"2026-07-10 12:50:05"}
{"level":"info","message":"JSON Database initialized successfully.","timestamp":"2026-07-10 12:50:05"}
{"level":"info","message":"Trading Engine Initialized. Realized PnL: $0.00. Current Account Balance: $10000.00","timestamp":"2026-07-10 12:50:05"}
{"level":"info","message":"[ORDER EXECUTED] BUY 66667 EUR_USD @ 1.08025 | Strategy: ma_crossover | SL: 1.07725 | TP: 1.08625","timestamp":"2026-07-10 12:50:05"}
{"level":"info","message":"[POSITION CLOSED] BUY EUR_USD closed @ 1.07695 | Realized PnL: $-220.00 | Reason: Stop Loss Triggered (1.07725)","timestamp":"2026-07-10 12:50:05"}
{"level":"info","message":"[ORDER EXECUTED] BUY 65200 EUR_USD @ 1.08025 | Strategy: ma_crossover | SL: 1.07725 | TP: 1.08625","timestamp":"2026-07-10 12:50:05"}
{"level":"info","message":"[POSITION CLOSED] BUY EUR_USD closed @ 1.08695 | Realized PnL: $436.84 | Reason: Take Profit Triggered (1.08625)","timestamp":"2026-07-10 12:50:05"}
{"level":"info","message":"Initializing JSON-file Database at: D:\\Frerlancing\\Treding Bot\\forex_bot_db.json","timestamp":"2026-07-10 12:57:50"}
{"level":"info","message":"JSON Database initialized successfully.","timestamp":"2026-07-10 12:57:50"}
{"level":"warn","message":"Risk Management: Position count limit reached (5/5). Rejects signal.","timestamp":"2026-07-10 12:57:50"}
{"level":"info","message":"Initializing JSON-file Database at: D:\\Frerlancing\\Treding Bot\\forex_bot_db.json","timestamp":"2026-07-10 12:57:50"}
{"level":"info","message":"JSON Database initialized successfully.","timestamp":"2026-07-10 12:57:50"}
{"level":"info","message":"Initializing JSON-file Database at: D:\\Frerlancing\\Treding Bot\\forex_bot_db.json","timestamp":"2026-07-10 12:57:50"}
{"level":"info","message":"JSON Database initialized successfully.","timestamp":"2026-07-10 12:57:50"}
{"level":"warn","message":"Risk Management: Daily loss limit breached (PnL: $-600.00, Limit: -$500.00). Halted trading for today.","timestamp":"2026-07-10 12:57:50"}
{"level":"warn","message":"Risk Management: Daily loss limit breached (PnL: $-600.00, Limit: -$500.00). Halted trading for today.","timestamp":"2026-07-10 12:57:50"}
{"level":"info","message":"Initializing JSON-file Database at: D:\\Frerlancing\\Treding Bot\\forex_bot_db.json","timestamp":"2026-07-10 12:57:50"}
{"level":"info","message":"JSON Database initialized successfully.","timestamp":"2026-07-10 12:57:50"}
{"level":"info","message":"Trading Engine Initialized. Realized PnL: $0.00. Current Account Balance: $10000.00","timestamp":"2026-07-10 12:57:50"}
{"level":"info","message":"[ORDER EXECUTED] BUY 66667 EUR_USD @ 1.08025 | Strategy: ma_crossover | SL: 1.07725 | TP: 1.08625","timestamp":"2026-07-10 12:57:50"}
{"level":"info","message":"Initializing JSON-file Database at: D:\\Frerlancing\\Treding Bot\\forex_bot_db.json","timestamp":"2026-07-10 12:57:50"}
{"level":"info","message":"JSON Database initialized successfully.","timestamp":"2026-07-10 12:57:50"}
{"level":"info","message":"Trading Engine Initialized. Realized PnL: $0.00. Current Account Balance: $10000.00","timestamp":"2026-07-10 12:57:50"}
{"level":"info","message":"[ORDER EXECUTED] SELL 66667 EUR_USD @ 1.07995 | Strategy: ma_crossover | SL: 1.08295 | TP: 1.07395","timestamp":"2026-07-10 12:57:50"}
{"level":"info","message":"Initializing JSON-file Database at: D:\\Frerlancing\\Treding Bot\\forex_bot_db.json","timestamp":"2026-07-10 12:57:50"}
{"level":"info","message":"JSON Database initialized successfully.","timestamp":"2026-07-10 12:57:50"}
{"level":"info","message":"Trading Engine Initialized. Realized PnL: $0.00. Current Account Balance: $10000.00","timestamp":"2026-07-10 12:57:50"}
{"level":"info","message":"[ORDER EXECUTED] BUY 66667 EUR_USD @ 1.08025 | Strategy: ma_crossover | SL: 1.07725 | TP: 1.08625","timestamp":"2026-07-10 12:57:50"}
{"level":"info","message":"[POSITION CLOSED] BUY EUR_USD closed @ 1.08495 | Realized PnL: $313.33 | Reason: Test Close","timestamp":"2026-07-10 12:57:50"}
{"level":"info","message":"Initializing JSON-file Database at: D:\\Frerlancing\\Treding Bot\\forex_bot_db.json","timestamp":"2026-07-10 12:57:50"}
{"level":"info","message":"JSON Database initialized successfully.","timestamp":"2026-07-10 12:57:50"}
{"level":"info","message":"Trading Engine Initialized. Realized PnL: $0.00. Current Account Balance: $10000.00","timestamp":"2026-07-10 12:57:50"}
{"level":"info","message":"[ORDER EXECUTED] BUY 66667 EUR_USD @ 1.08025 | Strategy: ma_crossover | SL: 1.07725 | TP: 1.08625","timestamp":"2026-07-10 12:57:50"}
{"level":"info","message":"[POSITION CLOSED] BUY EUR_USD closed @ 1.07695 | Realized PnL: $-220.00 | Reason: Stop Loss Triggered (1.07725)","timestamp":"2026-07-10 12:57:50"}
{"level":"info","message":"[ORDER EXECUTED] BUY 65200 EUR_USD @ 1.08025 | Strategy: ma_crossover | SL: 1.07725 | TP: 1.08625","timestamp":"2026-07-10 12:57:50"}
{"level":"info","message":"[POSITION CLOSED] BUY EUR_USD closed @ 1.08695 | Realized PnL: $436.84 | Reason: Take Profit Triggered (1.08625)","timestamp":"2026-07-10 12:57:50"}
{"level":"info","message":"==================================================","timestamp":"2026-07-10 13:00:51"}
{"level":"info","message":"   Starting Forex Paper Trading Bot Engine        ","timestamp":"2026-07-10 13:00:51"}
{"level":"info","message":"==================================================","timestamp":"2026-07-10 13:00:51"}
{"level":"info","message":"Initializing JSON-file Database at: D:\\Frerlancing\\Treding Bot\\forex_bot_db.json","timestamp":"2026-07-10 13:00:51"}
{"level":"info","message":"JSON Database initialized successfully.","timestamp":"2026-07-10 13:00:51"}
{"level":"info","message":"Trading Engine Initialized. Realized PnL: $0.00. Current Account Balance: $10000.00","timestamp":"2026-07-10 13:00:51"}
{"level":"info","message":"Enabled Strategy: ma_crossover","timestamp":"2026-07-10 13:00:51"}
{"level":"info","message":"Enabled Strategy: rsi_reversion","timestamp":"2026-07-10 13:00:51"}
{"level":"info","message":"Enabled Strategy: bollinger_bands","timestamp":"2026-07-10 13:00:51"}
{"level":"info","message":"Enabled Strategy: ml_signal (Python microservice)","timestamp":"2026-07-10 13:00:51"}
{"level":"info","message":"Checking ML Service connectivity and models...","timestamp":"2026-07-10 13:00:51"}
{"level":"error","message":"ML Client predict failed for EUR/USD: Request failed with status code 404","timestamp":"2026-07-10 13:00:51"}
{"level":"warn","message":"No model found for EUR/USD in ML service. Auto-triggering initial training...","timestamp":"2026-07-10 13:00:51"}
{"level":"info","message":"Triggering model training in ML Service for EUR/USD...","timestamp":"2026-07-10 13:00:52"}
{"level":"error","message":"ML Client training trigger failed for EUR/USD: Request failed with status code 500","timestamp":"2026-07-10 13:00:53"}
{"code":"ERR_BAD_RESPONSE","config":{"adapter":["xhr","http","fetch"],"allowAbsoluteUrls":true,"baseURL":"http://127.0.0.1:8000","data":"{\"instrument\":\"EUR/USD\",\"granularity\":\"1h\",\"lookback_days\":365,\"model_type\":\"xgboost\"}","env":{},"headers":{"Accept":"application/json, text/plain, */*","Accept-Encoding":"gzip, compress, deflate, br","Content-Length":"86","Content-Type":"application/json","User-Agent":"axios/1.18.1"},"maxBodyLength":-1,"maxContentLength":-1,"method":"post","timeout":15000,"transformRequest":[null],"transformResponse":[null],"transitional":{"advertiseZstdAcceptEncoding":false,"clarifyTimeoutError":false,"forcedJSONParsing":true,"legacyInterceptorReqResOrdering":true,"silentJSONParsing":true,"validateStatusUndefinedResolves":true},"url":"/train","xsrfCookieName":"XSRF-TOKEN","xsrfHeaderName":"X-XSRF-TOKEN"},"isAxiosError":true,"level":"error","message":"Request failed with status code 500","name":"AxiosError","request":{"_closed":true,"_contentLength":86,"_defaultKeepAlive":true,"_ended":true,"_events":{},"_eventsCount":7,"_hasBody":true,"_header":"POST /train HTTP/1.1\r\nAccept: application/json, text/plain, */*\r\nContent-Type: application/json\r\nUser-Agent: axios/1.18.1\r\nContent-Length: 86\r\nAccept-Encoding: gzip, compress, deflate, br\r\nHost: 127.0.0.1:8000\r\nConnection: keep-alive\r\n\r\n","_headerSent":true,"_keepAliveTimeout":0,"_last":false,"_redirectable":{"_currentRequest":"[Circular]","_currentUrl":"http://127.0.0.1:8000/train","_ended":true,"_ending":true,"_events":{"socket":[null,null]},"_eventsCount":4,"_headerFilter":{},"_options":{"agents":{},"beforeRedirects":{},"headers":{"Accept":"application/json, text/plain, */*","Accept-Encoding":"gzip, compress, deflate, br","Content-Length":"86","Content-Type":"application/json","User-Agent":"axios/1.18.1"},"hostname":"127.0.0.1","insecureHTTPParser":false,"maxBodyLength":null,"maxRedirects":21,"method":"POST","nativeProtocols":{"http:":{"METHODS":["ACL","BIND","CHECKOUT","CONNECT","COPY","DELETE","GET","HEAD","LINK","LOCK","M-SEARCH","MERGE","MKACTIVITY","MKCALENDAR","MKCOL","MOVE","NOTIFY","OPTIONS","PATCH","POST","PROPFIND","PROPPATCH","PURGE","PUT","QUERY","REBIND","REPORT","SEARCH","SOURCE","SUBSCRIBE","TRACE","UNBIND","UNLINK","UNLOCK","UNSUBSCRIBE"],"STATUS_CODES":{"100":"Continue","101":"Switching Protocols","102":"Processing","103":"Early Hints","200":"OK","201":"Created","202":"Accepted","203":"Non-Authoritative Information","204":"No Content","205":"Reset Content","206":"Partial Content","207":"Multi-Status","208":"Already Reported","226":"IM Used","300":"Multiple Choices","301":"Moved Permanently","302":"Found","303":"See Other","304":"Not Modified","305":"Use Proxy","307":"Temporary Redirect","308":"Permanent Redirect","400":"Bad Request","401":"Unauthorized","402":"Payment Required","403":"Forbidden","404":"Not Found","405":"Method Not Allowed","406":"Not Acceptable","407":"Proxy Authentication Required","408":"Request Timeout","409":"Conflict","410":"Gone","411":"Length Required","412":"Precondition Failed","413":"Payload Too Large","414":"URI Too Long","415":"Unsupported Media Type","416":"Range Not Satisfiable","417":"Expectation Failed","418":"I'm a Teapot","421":"Misdirected Request","422":"Unprocessable Entity","423":"Locked","424":"Failed Dependency","425":"Too Early","426":"Upgrade Required","428":"Precondition Required","429":"Too Many Requests","431":"Request Header Fields Too Large","451":"Unavailable For Legal Reasons","500":"Internal Server Error","501":"Not Implemented","502":"Bad Gateway","503":"Service Unavailable","504":"Gateway Timeout","505":"HTTP Version Not Supported","506":"Variant Also Negotiates","507":"Insufficient Storage","508":"Loop Detected","509":"Bandwidth Limit Exceeded","510":"Not Extended","511":"Network Authentication Required"},"globalAgent":{"_events":{},"_eventsCount":2,"agentKeepAliveTimeoutBuffer":1000,"defaultPort":80,"freeSockets":{"127.0.0.1:8000:":[{"_closeAfterHandlingError":false,"_events":{"error":[null,null],"timeout":[null,null]},"_eventsCount":6,"_hadError":false,"_host":null,"_httpMessage":null,"_parent":null,"_pendingData":null,"_pendingEncoding":"","_readableState":{"awaitDrainWriters":null,"buffer":[],"bufferIndex":0,"highWaterMark":16384,"length":0,"pipes":[]},"_server":null,"_sockname":null,"_writableState":{"bufferedIndex":0,"corked":0,"highWaterMark":16384,"length":0,"pendingcb":0,"writelen":0},"allowHalfOpen":false,"connecting":false,"parser":null,"server":null,"timeout":5000}]},"keepAlive":true,"keepAliveMsecs":1000,"maxFreeSockets":256,"maxSockets":null,"maxTotalSockets":null,"options":{"keepAlive":true,"noDelay":true,"path":null,"scheduling":"lifo","timeout":5000},"protocol":"http:","requests":{},"scheduling":"lifo","sockets":{},"totalSocketCount":1},"maxHeaderSize":16384},"https:":{"globalAgent":{"_events":{},"_eventsCount":2,"_sessionCache":{"list":[],"map":{}},"agentKeepAliveTimeoutBuffer":1000,"defaultPort":443,"freeSockets":{},"keepAlive":true,"keepAliveMsecs":1000,"maxCachedSessions":100,"maxFreeSockets":256,"maxSockets":null,"maxTotalSockets":null,"options":{"defaultPort":443,"keepAlive":true,"noDelay":true,"path":null,"protocol":"https:","scheduling":"lifo","timeout":5000},"protocol":"https:","requests":{},"scheduling":"lifo","sockets":{},"totalSocketCount":0}}},"path":"/train","pathname":"/train","port":"8000","protocol":"http:","sensitiveHeaders":[]},"_redirectCount":0,"_redirects":[],"_requestBodyBuffers":[],"_requestBodyLength":86,"_timeout":null,"_writableState":{"bufferedIndex":0,"corked":0,"highWaterMark":16384,"length":0,"pendingcb":0,"writelen":0}},"_removedConnection":false,"_removedContLen":false,"_removedTE":false,"_trailer":"","aborted":false,"agent":{"_events":{},"_eventsCount":2,"agentKeepAliveTimeoutBuffer":1000,"defaultPort":80,"freeSockets":{"127.0.0.1:8000:":[{"_closeAfterHandlingError":false,"_events":{"error":[null,null],"timeout":[null,null]},"_eventsCount":6,"_hadError":false,"_host":null,"_httpMessage":null,"_parent":null,"_pendingData":null,"_pendingEncoding":"","_readableState":{"awaitDrainWriters":null,"buffer":[],"bufferIndex":0,"highWaterMark":16384,"length":0,"pipes":[]},"_server":null,"_sockname":null,"_writableState":{"bufferedIndex":0,"corked":0,"highWaterMark":16384,"length":0,"pendingcb":0,"writelen":0},"allowHalfOpen":false,"connecting":false,"parser":null,"server":null,"timeout":5000}]},"keepAlive":true,"keepAliveMsecs":1000,"maxFreeSockets":256,"maxSockets":null,"maxTotalSockets":null,"options":{"keepAlive":true,"noDelay":true,"path":null,"scheduling":"lifo","timeout":5000},"protocol":"http:","requests":{},"scheduling":"lifo","sockets":{},"totalSocketCount":1},"chunkedEncoding":false,"destroyed":true,"finished":true,"host":"127.0.0.1","insecureHTTPParser":false,"maxHeadersCount":null,"maxRequestsOnConnectionReached":false,"method":"POST","outputData":[],"outputSize":0,"parser":null,"path":"/train","protocol":"http:","res":{"_consuming":false,"_dumped":false,"_events":{"end":[null,null]},"_eventsCount":4,"_readableState":{"awaitDrainWriters":null,"buffer":[],"bufferIndex":0,"highWaterMark":16384,"length":0,"pipes":[]},"aborted":false,"client":{"_closeAfterHandlingError":false,"_events":{"error":[null,null],"timeout":[null,null]},"_eventsCount":6,"_hadError":false,"_host":null,"_httpMessage":null,"_parent":null,"_pendingData":null,"_pendingEncoding":"","_readableState":{"awaitDrainWriters":null,"buffer":[],"bufferIndex":0,"highWaterMark":16384,"length":0,"pipes":[]},"_server":null,"_sockname":null,"_writableState":{"bufferedIndex":0,"corked":0,"highWaterMark":16384,"length":0,"pendingcb":0,"writelen":0},"allowHalfOpen":false,"connecting":false,"parser":null,"server":null,"timeout":5000},"complete":true,"httpVersion":"1.1","httpVersionMajor":1,"httpVersionMinor":1,"method":null,"rawHeaders":["date","Fri, 10 Jul 2026 07:30:52 GMT","server","uvicorn","content-length","21","content-type","text/plain; charset=utf-8"],"rawTrailers":[],"redirects":[],"req":"[Circular]","responseUrl":"http://127.0.0.1:8000/train","socket":null,"statusCode":500,"statusMessage":"Internal Server Error","upgrade":false,"url":""},"reusedSocket":true,"sendDate":false,"shouldKeepAlive":true,"strictContentLength":false,"timeoutCb":null,"upgradeOrConnect":false,"useChunkedEncodingByDefault":true,"writable":true},"response":{"config":{"adapter":["xhr","http","fetch"],"allowAbsoluteUrls":true,"baseURL":"http://127.0.0.1:8000","data":"{\"instrument\":\"EUR/USD\",\"granularity\":\"1h\",\"lookback_days\":365,\"model_type\":\"xgboost\"}","env":{},"headers":{"Accept":"application/json, text/plain, */*","Accept-Encoding":"gzip, compress, deflate, br","Content-Length":"86","Content-Type":"application/json","User-Agent":"axios/1.18.1"},"maxBodyLength":-1,"maxContentLength":-1,"method":"post","timeout":15000,"transformRequest":[null],"transformResponse":[null],"transitional":{"advertiseZstdAcceptEncoding":false,"clarifyTimeoutError":false,"forcedJSONParsing":true,"legacyInterceptorReqResOrdering":true,"silentJSONParsing":true,"validateStatusUndefinedResolves":true},"url":"/train","xsrfCookieName":"XSRF-TOKEN","xsrfHeaderName":"X-XSRF-TOKEN"},"data":"Internal Server Error","headers":{"content-length":"21","content-type":"text/plain; charset=utf-8","date":"Fri, 10 Jul 2026 07:30:52 GMT","server":"uvicorn"},"request":{"_closed":true,"_contentLength":86,"_defaultKeepAlive":true,"_ended":true,"_events":{},"_eventsCount":7,"_hasBody":true,"_header":"POST /train HTTP/1.1\r\nAccept: application/json, text/plain, */*\r\nContent-Type: application/json\r\nUser-Agent: axios/1.18.1\r\nContent-Length: 86\r\nAccept-Encoding: gzip, compress, deflate, br\r\nHost: 127.0.0.1:8000\r\nConnection: keep-alive\r\n\r\n","_headerSent":true,"_keepAliveTimeout":0,"_last":false,"_redirectable":{"_currentRequest":"[Circular]","_currentUrl":"http://127.0.0.1:8000/train","_ended":true,"_ending":true,"_events":{"socket":[null,null]},"_eventsCount":4,"_headerFilter":{},"_options":{"agents":{},"beforeRedirects":{},"headers":{"Accept":"application/json, text/plain, */*","Accept-Encoding":"gzip, compress, deflate, br","Content-Length":"86","Content-Type":"application/json","User-Agent":"axios/1.18.1"},"hostname":"127.0.0.1","insecureHTTPParser":false,"maxBodyLength":null,"maxRedirects":21,"method":"POST","nativeProtocols":{"http:":{"METHODS":["ACL","BIND","CHECKOUT","CONNECT","COPY","DELETE","GET","HEAD","LINK","LOCK","M-SEARCH","MERGE","MKACTIVITY","MKCALENDAR","MKCOL","MOVE","NOTIFY","OPTIONS","PATCH","POST","PROPFIND","PROPPATCH","PURGE","PUT","QUERY","REBIND","REPORT","SEARCH","SOURCE","SUBSCRIBE","TRACE","UNBIND","UNLINK","UNLOCK","UNSUBSCRIBE"],"STATUS_CODES":{"100":"Continue","101":"Switching Protocols","102":"Processing","103":"Early Hints","200":"OK","201":"Created","202":"Accepted","203":"Non-Authoritative Information","204":"No Content","205":"Reset Content","206":"Partial Content","207":"Multi-Status","208":"Already Reported","226":"IM Used","300":"Multiple Choices","301":"Moved Permanently","302":"Found","303":"See Other","304":"Not Modified","305":"Use Proxy","307":"Temporary Redirect","308":"Permanent Redirect","400":"Bad Request","401":"Unauthorized","402":"Payment Required","403":"Forbidden","404":"Not Found","405":"Method Not Allowed","406":"Not Acceptable","407":"Proxy Authentication Required","408":"Request Timeout","409":"Conflict","410":"Gone","411":"Length Required","412":"Precondition Failed","413":"Payload Too Large","414":"URI Too Long","415":"Unsupported Media Type","416":"Range Not Satisfiable","417":"Expectation Failed","418":"I'm a Teapot","421":"Misdirected Request","422":"Unprocessable Entity","423":"Locked","424":"Failed Dependency","425":"Too Early","426":"Upgrade Required","428":"Precondition Required","429":"Too Many Requests","431":"Request Header Fields Too Large","451":"Unavailable For Legal Reasons","500":"Internal Server Error","501":"Not Implemented","502":"Bad Gateway","503":"Service Unavailable","504":"Gateway Timeout","505":"HTTP Version Not Supported","506":"Variant Also Negotiates","507":"Insufficient Storage","508":"Loop Detected","509":"Bandwidth Limit Exceeded","510":"Not Extended","511":"Network Authentication Required"},"globalAgent":{"_events":{},"_eventsCount":2,"agentKeepAliveTimeoutBuffer":1000,"defaultPort":80,"freeSockets":{"127.0.0.1:8000:":[{"_closeAfterHandlingError":false,"_events":{"error":[null,null],"timeout":[null,null]},"_eventsCount":6,"_hadError":false,"_host":null,"_httpMessage":null,"_parent":null,"_pendingData":null,"_pendingEncoding":"","_readableState":{"awaitDrainWriters":null,"buffer":[],"bufferIndex":0,"highWaterMark":16384,"length":0,"pipes":[]},"_server":null,"_sockname":null,"_writableState":{"bufferedIndex":0,"corked":0,"highWaterMark":16384,"length":0,"pendingcb":0,"writelen":0},"allowHalfOpen":false,"connecting":false,"parser":null,"server":null,"timeout":5000}]},"keepAlive":true,"keepAliveMsecs":1000,"maxFreeSockets":256,"maxSockets":null,"maxTotalSockets":null,"options":{"keepAlive":true,"noDelay":true,"path":null,"scheduling":"lifo","timeout":5000},"protocol":"http:","requests":{},"scheduling":"lifo","sockets":{},"totalSocketCount":1},"maxHeaderSize":16384},"https:":{"globalAgent":{"_events":{},"_eventsCount":2,"_sessionCache":{"list":[],"map":{}},"agentKeepAliveTimeoutBuffer":1000,"defaultPort":443,"freeSockets":{},"keepAlive":true,"keepAliveMsecs":1000,"maxCachedSessions":100,"maxFreeSockets":256,"maxSockets":null,"maxTotalSockets":null,"options":{"defaultPort":443,"keepAlive":true,"noDelay":true,"path":null,"protocol":"https:","scheduling":"lifo","timeout":5000},"protocol":"https:","requests":{},"scheduling":"lifo","sockets":{},"totalSocketCount":0}}},"path":"/train","pathname":"/train","port":"8000","protocol":"http:","sensitiveHeaders":[]},"_redirectCount":0,"_redirects":[],"_requestBodyBuffers":[],"_requestBodyLength":86,"_timeout":null,"_writableState":{"bufferedIndex":0,"corked":0,"highWaterMark":16384,"length":0,"pendingcb":0,"writelen":0}},"_removedConnection":false,"_removedContLen":false,"_removedTE":false,"_trailer":"","aborted":false,"agent":{"_events":{},"_eventsCount":2,"agentKeepAliveTimeoutBuffer":1000,"defaultPort":80,"freeSockets":{"127.0.0.1:8000:":[{"_closeAfterHandlingError":false,"_events":{"error":[null,null],"timeout":[null,null]},"_eventsCount":6,"_hadError":false,"_host":null,"_httpMessage":null,"_parent":null,"_pendingData":null,"_pendingEncoding":"","_readableState":{"awaitDrainWriters":null,"buffer":[],"bufferIndex":0,"highWaterMark":16384,"length":0,"pipes":[]},"_server":null,"_sockname":null,"_writableState":{"bufferedIndex":0,"corked":0,"highWaterMark":16384,"length":0,"pendingcb":0,"writelen":0},"allowHalfOpen":false,"connecting":false,"parser":null,"server":null,"timeout":5000}]},"keepAlive":true,"keepAliveMsecs":1000,"maxFreeSockets":256,"maxSockets":null,"maxTotalSockets":null,"options":{"keepAlive":true,"noDelay":true,"path":null,"scheduling":"lifo","timeout":5000},"protocol":"http:","requests":{},"scheduling":"lifo","sockets":{},"totalSocketCount":1},"chunkedEncoding":false,"destroyed":true,"finished":true,"host":"127.0.0.1","insecureHTTPParser":false,"maxHeadersCount":null,"maxRequestsOnConnectionReached":false,"method":"POST","outputData":[],"outputSize":0,"parser":null,"path":"/train","protocol":"http:","res":{"_consuming":false,"_dumped":false,"_events":{"end":[null,null]},"_eventsCount":4,"_readableState":{"awaitDrainWriters":null,"buffer":[],"bufferIndex":0,"highWaterMark":16384,"length":0,"pipes":[]},"aborted":false,"client":{"_closeAfterHandlingError":false,"_events":{"error":[null,null],"timeout":[null,null]},"_eventsCount":6,"_hadError":false,"_host":null,"_httpMessage":null,"_parent":null,"_pendingData":null,"_pendingEncoding":"","_readableState":{"awaitDrainWriters":null,"buffer":[],"bufferIndex":0,"highWaterMark":16384,"length":0,"pipes":[]},"_server":null,"_sockname":null,"_writableState":{"bufferedIndex":0,"corked":0,"highWaterMark":16384,"length":0,"pendingcb":0,"writelen":0},"allowHalfOpen":false,"connecting":false,"parser":null,"server":null,"timeout":5000},"complete":true,"httpVersion":"1.1","httpVersionMajor":1,"httpVersionMinor":1,"method":null,"rawHeaders":["date","Fri, 10 Jul 2026 07:30:52 GMT","server","uvicorn","content-length","21","content-type","text/plain; charset=utf-8"],"rawTrailers":[],"redirects":[],"req":"[Circular]","responseUrl":"http://127.0.0.1:8000/train","socket":null,"statusCode":500,"statusMessage":"Internal Server Error","upgrade":false,"url":""},"reusedSocket":true,"sendDate":false,"shouldKeepAlive":true,"strictContentLength":false,"timeoutCb":null,"upgradeOrConnect":false,"useChunkedEncodingByDefault":true,"writable":true},"status":500,"statusText":"Internal Server Error"},"stack":"AxiosError: Request failed with status code 500\n    at settle (D:\\Frerlancing\\Treding Bot\\node_modules\\axios\\dist\\node\\axios.cjs:2216:12)\n    at IncomingMessage.handleStreamEnd (D:\\Frerlancing\\Treding Bot\\node_modules\\axios\\dist\\node\\axios.cjs:4062:11)\n    at IncomingMessage.emit (node:events:520:35)\n    at IncomingMessage.emit (node:domain:489:12)\n    at endReadableNT (node:internal/streams/readable:1729:12)\n    at processTicksAndRejections (node:internal/process/task_queues:90:21)\n    at Axios.request (D:\\Frerlancing\\Treding Bot\\node_modules\\axios\\dist\\node\\axios.cjs:5517:41)\n    at processTicksAndRejections (node:internal/process/task_queues:104:5)\n    at async MLClient.train (D:\\Frerlancing\\Treding Bot\\src\\ml-client\\index.ts:73:24)\n    at async bootstrap (D:\\Frerlancing\\Treding Bot\\src\\index.ts:55:11)","status":500,"timestamp":"2026-07-10 13:00:53"}
{"level":"info","message":"Initializing JSON-file Database at: D:\\Frerlancing\\Treding Bot\\forex_bot_db.json","timestamp":"2026-07-10 13:06:24"}
{"level":"info","message":"JSON Database initialized successfully.","timestamp":"2026-07-10 13:06:24"}
{"level":"warn","message":"Risk Management: Position count limit reached (5/5). Rejects signal.","timestamp":"2026-07-10 13:06:24"}
{"level":"info","message":"Initializing JSON-file Database at: D:\\Frerlancing\\Treding Bot\\forex_bot_db.json","timestamp":"2026-07-10 13:06:24"}
{"level":"info","message":"JSON Database initialized successfully.","timestamp":"2026-07-10 13:06:24"}
{"level":"info","message":"Initializing JSON-file Database at: D:\\Frerlancing\\Treding Bot\\forex_bot_db.json","timestamp":"2026-07-10 13:06:24"}
{"level":"info","message":"JSON Database initialized successfully.","timestamp":"2026-07-10 13:06:24"}
{"level":"warn","message":"Risk Management: Daily loss limit breached (PnL: $-600.00, Limit: -$500.00). Halted trading for today.","timestamp":"2026-07-10 13:06:24"}
{"level":"warn","message":"Risk Management: Daily loss limit breached (PnL: $-600.00, Limit: -$500.00). Halted trading for today.","timestamp":"2026-07-10 13:06:24"}
{"level":"info","message":"Initializing JSON-file Database at: D:\\Frerlancing\\Treding Bot\\forex_bot_db.json","timestamp":"2026-07-10 13:06:24"}
{"level":"info","message":"JSON Database initialized successfully.","timestamp":"2026-07-10 13:06:24"}
{"level":"info","message":"Trading Engine Initialized. Realized PnL: $0.00. Current Account Balance: $10000.00","timestamp":"2026-07-10 13:06:24"}
{"level":"info","message":"[ORDER EXECUTED] BUY 66667 EUR_USD @ 1.08025 | Strategy: ma_crossover | SL: 1.07725 | TP: 1.08625","timestamp":"2026-07-10 13:06:24"}
{"level":"info","message":"Initializing JSON-file Database at: D:\\Frerlancing\\Treding Bot\\forex_bot_db.json","timestamp":"2026-07-10 13:06:24"}
{"level":"info","message":"JSON Database initialized successfully.","timestamp":"2026-07-10 13:06:24"}
{"level":"info","message":"Trading Engine Initialized. Realized PnL: $0.00. Current Account Balance: $10000.00","timestamp":"2026-07-10 13:06:24"}
{"level":"info","message":"[ORDER EXECUTED] SELL 66667 EUR_USD @ 1.07995 | Strategy: ma_crossover | SL: 1.08295 | TP: 1.07395","timestamp":"2026-07-10 13:06:24"}
{"level":"info","message":"Initializing JSON-file Database at: D:\\Frerlancing\\Treding Bot\\forex_bot_db.json","timestamp":"2026-07-10 13:06:24"}
{"level":"info","message":"JSON Database initialized successfully.","timestamp":"2026-07-10 13:06:24"}
{"level":"info","message":"Trading Engine Initialized. Realized PnL: $0.00. Current Account Balance: $10000.00","timestamp":"2026-07-10 13:06:24"}
{"level":"info","message":"[ORDER EXECUTED] BUY 66667 EUR_USD @ 1.08025 | Strategy: ma_crossover | SL: 1.07725 | TP: 1.08625","timestamp":"2026-07-10 13:06:24"}
{"level":"info","message":"[POSITION CLOSED] BUY EUR_USD closed @ 1.08495 | Realized PnL: $313.33 | Reason: Test Close","timestamp":"2026-07-10 13:06:24"}
{"level":"info","message":"Initializing JSON-file Database at: D:\\Frerlancing\\Treding Bot\\forex_bot_db.json","timestamp":"2026-07-10 13:06:24"}
{"level":"info","message":"JSON Database initialized successfully.","timestamp":"2026-07-10 13:06:24"}
{"level":"info","message":"Trading Engine Initialized. Realized PnL: $0.00. Current Account Balance: $10000.00","timestamp":"2026-07-10 13:06:24"}
{"level":"info","message":"[ORDER EXECUTED] BUY 66667 EUR_USD @ 1.08025 | Strategy: ma_crossover | SL: 1.07725 | TP: 1.08625","timestamp":"2026-07-10 13:06:24"}
{"level":"info","message":"[POSITION CLOSED] BUY EUR_USD closed @ 1.07695 | Realized PnL: $-220.00 | Reason: Stop Loss Triggered (1.07725)","timestamp":"2026-07-10 13:06:24"}
{"level":"info","message":"[ORDER EXECUTED] BUY 65200 EUR_USD @ 1.08025 | Strategy: ma_crossover | SL: 1.07725 | TP: 1.08625","timestamp":"2026-07-10 13:06:24"}
{"level":"info","message":"[POSITION CLOSED] BUY EUR_USD closed @ 1.08695 | Realized PnL: $436.84 | Reason: Take Profit Triggered (1.08625)","timestamp":"2026-07-10 13:06:24"}
{"level":"info","message":"Initializing JSON-file Database at: D:\\Frerlancing\\Treding Bot\\forex_bot_db.json","timestamp":"2026-07-10 13:10:32"}
{"level":"info","message":"JSON Database initialized successfully.","timestamp":"2026-07-10 13:10:32"}
{"level":"warn","message":"Risk Management: Position count limit reached (5/5). Rejects signal.","timestamp":"2026-07-10 13:10:32"}
{"level":"info","message":"Initializing JSON-file Database at: D:\\Frerlancing\\Treding Bot\\forex_bot_db.json","timestamp":"2026-07-10 13:10:32"}
{"level":"info","message":"JSON Database initialized successfully.","timestamp":"2026-07-10 13:10:32"}
{"level":"info","message":"Initializing JSON-file Database at: D:\\Frerlancing\\Treding Bot\\forex_bot_db.json","timestamp":"2026-07-10 13:10:32"}
{"level":"info","message":"JSON Database initialized successfully.","timestamp":"2026-07-10 13:10:32"}
{"level":"warn","message":"Risk Management: Daily loss limit breached (PnL: $-600.00, Limit: -$500.00). Halted trading for today.","timestamp":"2026-07-10 13:10:32"}
{"level":"warn","message":"Risk Management: Daily loss limit breached (PnL: $-600.00, Limit: -$500.00). Halted trading for today.","timestamp":"2026-07-10 13:10:32"}
{"level":"info","message":"Initializing JSON-file Database at: D:\\Frerlancing\\Treding Bot\\forex_bot_db.json","timestamp":"2026-07-10 13:10:33"}
{"level":"info","message":"JSON Database initialized successfully.","timestamp":"2026-07-10 13:10:33"}
{"level":"info","message":"Trading Engine Initialized. Realized PnL: $0.00. Current Account Balance: $10000.00","timestamp":"2026-07-10 13:10:33"}
{"level":"info","message":"[ORDER EXECUTED] BUY 66667 EUR_USD @ 1.08025 | Strategy: ma_crossover | SL: 1.07725 | TP: 1.08625","timestamp":"2026-07-10 13:10:33"}
{"level":"info","message":"Initializing JSON-file Database at: D:\\Frerlancing\\Treding Bot\\forex_bot_db.json","timestamp":"2026-07-10 13:10:33"}
{"level":"info","message":"JSON Database initialized successfully.","timestamp":"2026-07-10 13:10:33"}
{"level":"info","message":"Trading Engine Initialized. Realized PnL: $0.00. Current Account Balance: $10000.00","timestamp":"2026-07-10 13:10:33"}
{"level":"info","message":"[ORDER EXECUTED] SELL 66667 EUR_USD @ 1.07995 | Strategy: ma_crossover | SL: 1.08295 | TP: 1.07395","timestamp":"2026-07-10 13:10:33"}
{"level":"info","message":"Initializing JSON-file Database at: D:\\Frerlancing\\Treding Bot\\forex_bot_db.json","timestamp":"2026-07-10 13:10:33"}
{"level":"info","message":"JSON Database initialized successfully.","timestamp":"2026-07-10 13:10:33"}
{"level":"info","message":"Trading Engine Initialized. Realized PnL: $0.00. Current Account Balance: $10000.00","timestamp":"2026-07-10 13:10:33"}
{"level":"info","message":"[ORDER EXECUTED] BUY 66667 EUR_USD @ 1.08025 | Strategy: ma_crossover | SL: 1.07725 | TP: 1.08625","timestamp":"2026-07-10 13:10:33"}
{"level":"info","message":"[POSITION CLOSED] BUY EUR_USD closed @ 1.08495 | Realized PnL: $313.33 | Reason: Test Close","timestamp":"2026-07-10 13:10:33"}
{"level":"info","message":"Initializing JSON-file Database at: D:\\Frerlancing\\Treding Bot\\forex_bot_db.json","timestamp":"2026-07-10 13:10:33"}
{"level":"info","message":"JSON Database initialized successfully.","timestamp":"2026-07-10 13:10:33"}
{"level":"info","message":"Trading Engine Initialized. Realized PnL: $0.00. Current Account Balance: $10000.00","timestamp":"2026-07-10 13:10:33"}
{"level":"info","message":"[ORDER EXECUTED] BUY 66667 EUR_USD @ 1.08025 | Strategy: ma_crossover | SL: 1.07725 | TP: 1.08625","timestamp":"2026-07-10 13:10:33"}
{"level":"info","message":"[POSITION CLOSED] BUY EUR_USD closed @ 1.07695 | Realized PnL: $-220.00 | Reason: Stop Loss Triggered (1.07725)","timestamp":"2026-07-10 13:10:33"}
{"level":"info","message":"[ORDER EXECUTED] BUY 65200 EUR_USD @ 1.08025 | Strategy: ma_crossover | SL: 1.07725 | TP: 1.08625","timestamp":"2026-07-10 13:10:33"}
{"level":"info","message":"[POSITION CLOSED] BUY EUR_USD closed @ 1.08695 | Realized PnL: $436.84 | Reason: Take Profit Triggered (1.08625)","timestamp":"2026-07-10 13:10:33"}
{"level":"info","message":"==================================================","timestamp":"2026-07-10 13:10:58"}
{"level":"info","message":"   Starting Forex Paper Trading Bot Engine        ","timestamp":"2026-07-10 13:10:58"}
{"level":"info","message":"==================================================","timestamp":"2026-07-10 13:10:58"}
{"level":"info","message":"Initializing JSON-file Database at: D:\\Frerlancing\\Treding Bot\\forex_bot_db.json","timestamp":"2026-07-10 13:10:58"}
{"level":"info","message":"JSON Database initialized successfully.","timestamp":"2026-07-10 13:10:58"}
{"level":"info","message":"Trading Engine Initialized. Realized PnL: $0.00. Current Account Balance: $10000.00","timestamp":"2026-07-10 13:10:58"}
{"level":"info","message":"Enabled Strategy: ma_crossover","timestamp":"2026-07-10 13:10:58"}
{"level":"info","message":"Enabled Strategy: rsi_reversion","timestamp":"2026-07-10 13:10:58"}
{"level":"info","message":"Enabled Strategy: bollinger_bands","timestamp":"2026-07-10 13:10:58"}
{"level":"info","message":"Enabled Strategy: ml_signal (Python microservice)","timestamp":"2026-07-10 13:10:58"}
{"level":"info","message":"Checking ML Service connectivity and models...","timestamp":"2026-07-10 13:10:58"}
{"level":"error","message":"ML Client predict failed for EUR/USD: Request failed with status code 404","timestamp":"2026-07-10 13:10:58"}
{"level":"warn","message":"No model found for EUR/USD in ML service. Auto-triggering initial training...","timestamp":"2026-07-10 13:10:58"}
{"level":"info","message":"Triggering model training in ML Service for EUR/USD...","timestamp":"2026-07-10 13:10:59"}
{"level":"info","message":"📊 Model retrained successfully for EUR/USD. Model ID: xgb_eur/usd_v1. Test Accuracy: 33.02%, Notes: Trained xgboost on 424 rows, validated on 106 rows.","timestamp":"2026-07-10 13:11:01"}
{"level":"error","message":"ML Client predict failed for GBP/USD: Request failed with status code 404","timestamp":"2026-07-10 13:11:01"}
{"level":"warn","message":"No model found for GBP/USD in ML service. Auto-triggering initial training...","timestamp":"2026-07-10 13:11:01"}
{"level":"info","message":"Triggering model training in ML Service for GBP/USD...","timestamp":"2026-07-10 13:11:02"}
{"level":"info","message":"📊 Model retrained successfully for GBP/USD. Model ID: xgb_gbp/usd_v1. Test Accuracy: 20.75%, Notes: Trained xgboost on 424 rows, validated on 106 rows.","timestamp":"2026-07-10 13:11:03"}
{"level":"error","message":"ML Client predict failed for USD/JPY: Request failed with status code 404","timestamp":"2026-07-10 13:11:04"}
{"level":"warn","message":"No model found for USD/JPY in ML service. Auto-triggering initial training...","timestamp":"2026-07-10 13:11:04"}
{"level":"info","message":"Triggering model training in ML Service for USD/JPY...","timestamp":"2026-07-10 13:11:06"}
{"level":"info","message":"📊 Model retrained successfully for USD/JPY. Model ID: xgb_usd/jpy_v1. Test Accuracy: 10.38%, Notes: Trained xgboost on 424 rows, validated on 106 rows.","timestamp":"2026-07-10 13:11:07"}
{"level":"info","message":"Starting execution loop. Polling interval: 60 seconds.","timestamp":"2026-07-10 13:11:07"}
{"level":"info","message":"🚀 Unified REST & WebSocket server running at http://localhost:4000","timestamp":"2026-07-10 13:11:08"}
{"level":"info","message":"[ORDER EXECUTED] BUY 800 USD/JPY @ 155.510 | Strategy: ml_signal | SL: 155.26 | TP: 156.01","timestamp":"2026-07-10 13:11:09"}
{"level":"info","message":"[TICK] Balance: $10000.00 | Equity: $10000.00 | Positions: [ml_signal:USD/JPY(BUY,PnL:$0.00)]","timestamp":"2026-07-10 13:11:09"}
{"level":"info","message":"==================================================","timestamp":"2026-07-10 13:12:04"}
{"level":"info","message":"   Starting Forex Paper Trading Bot Engine        ","timestamp":"2026-07-10 13:12:04"}
{"level":"info","message":"==================================================","timestamp":"2026-07-10 13:12:04"}
{"level":"info","message":"Initializing JSON-file Database at: D:\\Frerlancing\\Treding Bot\\forex_bot_db.json","timestamp":"2026-07-10 13:12:04"}
{"level":"info","message":"JSON Database initialized successfully.","timestamp":"2026-07-10 13:12:04"}
{"level":"info","message":"Trading Engine Initialized. Realized PnL: $0.00. Current Account Balance: $10000.00","timestamp":"2026-07-10 13:12:04"}
{"level":"info","message":"Enabled Strategy: ma_crossover","timestamp":"2026-07-10 13:12:04"}
{"level":"info","message":"Enabled Strategy: rsi_reversion","timestamp":"2026-07-10 13:12:04"}
{"level":"info","message":"Enabled Strategy: bollinger_bands","timestamp":"2026-07-10 13:12:04"}
{"level":"info","message":"Enabled Strategy: ml_signal (Python microservice)","timestamp":"2026-07-10 13:12:04"}
{"level":"info","message":"Checking ML Service connectivity and models...","timestamp":"2026-07-10 13:12:04"}
{"level":"info","message":"ML model for EUR/USD is loaded and ready.","timestamp":"2026-07-10 13:12:04"}
{"level":"info","message":"ML model for GBP/USD is loaded and ready.","timestamp":"2026-07-10 13:12:04"}
{"level":"info","message":"ML model for USD/JPY is loaded and ready.","timestamp":"2026-07-10 13:12:05"}
{"level":"info","message":"Starting execution loop. Polling interval: 60 seconds.","timestamp":"2026-07-10 13:12:05"}
{"level":"info","message":"🚀 Unified REST & WebSocket server running at http://localhost:4000","timestamp":"2026-07-10 13:12:05"}
{"level":"info","message":"[ORDER EXECUTED] SELL 80000 GBP/USD @ 1.26990 | Strategy: ml_signal | SL: 1.2724 | TP: 1.2649","timestamp":"2026-07-10 13:12:06"}
{"level":"info","message":"[TICK] Balance: $10000.00 | Equity: $9985.60 | Positions: [ml_signal:USD/JPY(BUY,PnL:$-14.40), ml_signal:GBP/USD(SELL,PnL:$0.00)]","timestamp":"2026-07-10 13:12:07"}
{"level":"info","message":"[ORDER EXECUTED] BUY 80000 EUR/USD @ 1.08508 | Strategy: ml_signal | SL: 1.08258 | TP: 1.09008","timestamp":"2026-07-10 13:13:09"}
{"level":"info","message":"[TICK] Balance: $10000.00 | Equity: $9958.40 | Positions: [ml_signal:USD/JPY(BUY,PnL:$-19.20), ml_signal:GBP/USD(SELL,PnL:$-22.40), ml_signal:EUR/USD(BUY,PnL:$0.00)]","timestamp":"2026-07-10 13:13:12"}
{"level":"info","message":"[TICK] Balance: $10000.00 | Equity: $9936.00 | Positions: [ml_signal:USD/JPY(BUY,PnL:$-24.00), ml_signal:GBP/USD(SELL,PnL:$-21.60), ml_signal:EUR/USD(BUY,PnL:$-18.40)]","timestamp":"2026-07-10 13:14:11"}
{"level":"info","message":"[ORDER EXECUTED] BUY 66667 GBP/USD @ 1.27020 | Strategy: ma_crossover | SL: 1.2672 | TP: 1.2762","timestamp":"2026-07-10 13:15:09"}
{"level":"info","message":"[TICK] Balance: $10000.00 | Equity: $9933.60 | Positions: [ml_signal:USD/JPY(BUY,PnL:$-28.00), ml_signal:GBP/USD(SELL,PnL:$-20.00), ml_signal:EUR/USD(BUY,PnL:$-18.40), ma_crossover:GBP/USD(BUY,PnL:$0.00)]","timestamp":"2026-07-10 13:15:10"}
{"level":"info","message":"==================================================","timestamp":"2026-07-10 13:15:46"}
{"level":"info","message":"   Starting Forex Paper Trading Bot Engine        ","timestamp":"2026-07-10 13:15:46"}
{"level":"info","message":"==================================================","timestamp":"2026-07-10 13:15:46"}
{"level":"info","message":"Initializing JSON-file Database at: D:\\Frerlancing\\Treding Bot\\forex_bot_db.json","timestamp":"2026-07-10 13:15:46"}
{"level":"info","message":"JSON Database initialized successfully.","timestamp":"2026-07-10 13:15:46"}
{"level":"info","message":"Trading Engine Initialized. Realized PnL: $0.00. Current Account Balance: $10000.00","timestamp":"2026-07-10 13:15:46"}
{"level":"info","message":"Enabled Strategy: ma_crossover","timestamp":"2026-07-10 13:15:46"}
{"level":"info","message":"Enabled Strategy: rsi_reversion","timestamp":"2026-07-10 13:15:46"}
{"level":"info","message":"Enabled Strategy: bollinger_bands","timestamp":"2026-07-10 13:15:46"}
{"level":"info","message":"Enabled Strategy: ml_signal (Python microservice)","timestamp":"2026-07-10 13:15:46"}
{"level":"info","message":"Checking ML Service connectivity and models...","timestamp":"2026-07-10 13:15:46"}
{"level":"info","message":"ML model for EUR/USD is loaded and ready.","timestamp":"2026-07-10 13:15:47"}
{"level":"info","message":"ML model for GBP/USD is loaded and ready.","timestamp":"2026-07-10 13:15:47"}
{"level":"info","message":"ML model for USD/JPY is loaded and ready.","timestamp":"2026-07-10 13:15:48"}
{"level":"info","message":"Starting execution loop. Polling interval: 3 seconds.","timestamp":"2026-07-10 13:15:48"}
{"level":"info","message":"🚀 Unified REST & WebSocket server running at http://localhost:4000","timestamp":"2026-07-10 13:15:49"}
{"level":"info","message":"[TICK] Balance: $10000.00 | Equity: $9939.60 | Positions: [ml_signal:USD/JPY(BUY,PnL:$-11.20), ml_signal:GBP/USD(SELL,PnL:$-18.40), ml_signal:EUR/USD(BUY,PnL:$-12.80), ma_crossover:GBP/USD(BUY,PnL:$-18.00)]","timestamp":"2026-07-10 13:15:51"}
{"level":"info","message":"[TICK] Balance: $10000.00 | Equity: $9942.40 | Positions: [ml_signal:USD/JPY(BUY,PnL:$-10.40), ml_signal:GBP/USD(SELL,PnL:$-16.00), ml_signal:EUR/USD(BUY,PnL:$-11.20), ma_crossover:GBP/USD(BUY,PnL:$-20.00)]","timestamp":"2026-07-10 13:15:58"}
{"level":"info","message":"[TICK] Balance: $10000.00 | Equity: $9940.53 | Positions: [ml_signal:USD/JPY(BUY,PnL:$-13.60), ml_signal:GBP/USD(SELL,PnL:$-17.60), ml_signal:EUR/USD(BUY,PnL:$-9.60), ma_crossover:GBP/USD(BUY,PnL:$-18.67)]","timestamp":"2026-07-10 13:16:02"}
{"level":"error","message":"ML Client predict failed for EUR/USD: read ECONNRESET","timestamp":"2026-07-10 13:16:02"}
{"level":"info","message":"[TICK] Balance: $10000.00 | Equity: $9935.33 | Positions: [ml_signal:USD/JPY(BUY,PnL:$-18.40), ml_signal:GBP/USD(SELL,PnL:$-20.00), ml_signal:EUR/USD(BUY,PnL:$-9.60), ma_crossover:GBP/USD(BUY,PnL:$-16.67)]","timestamp":"2026-07-10 13:16:07"}
{"level":"info","message":"[POSITION CLOSED] BUY GBP/USD closed @ 1.26984 | Realized PnL: $-24.00 | Reason: Strategy signal CLOSE (ma_crossover)","timestamp":"2026-07-10 13:16:16"}
{"level":"info","message":"[TICK] Balance: $9976.00 | Equity: $9937.60 | Positions: [ml_signal:USD/JPY(BUY,PnL:$-16.80), ml_signal:GBP/USD(SELL,PnL:$-18.40), ml_signal:EUR/USD(BUY,PnL:$-3.20)]","timestamp":"2026-07-10 13:16:16"}
{"level":"error","message":"ML Client predict failed for GBP/USD: read ECONNRESET","timestamp":"2026-07-10 13:16:16"}
{"level":"info","message":"[ORDER EXECUTED] BUY 66507 GBP/USD @ 1.27018 | Strategy: ma_crossover | SL: 1.26718 | TP: 1.27618","timestamp":"2026-07-10 13:16:23"}
{"level":"error","message":"ML Client predict failed for USD/JPY: read ECONNRESET","timestamp":"2026-07-10 13:16:23"}
{"level":"info","message":"[TICK] Balance: $9976.00 | Equity: $9942.40 | Positions: [ml_signal:USD/JPY(BUY,PnL:$-17.60), ml_signal:GBP/USD(SELL,PnL:$-16.80), ml_signal:EUR/USD(BUY,PnL:$0.80), ma_crossover:GBP/USD(BUY,PnL:$0.00)]","timestamp":"2026-07-10 13:16:23"}
{"level":"error","message":"ML Client predict failed for GBP/USD: read ECONNRESET","timestamp":"2026-07-10 13:16:23"}
{"level":"error","message":"ML Client predict failed for GBP/USD: read ECONNRESET","timestamp":"2026-07-10 13:16:30"}
{"level":"info","message":"[ORDER EXECUTED] BUY 79808 EUR/USD @ 1.08532 | Strategy: rsi_reversion | SL: 1.08282 | TP: 1.09032","timestamp":"2026-07-10 13:16:34"}
{"level":"info","message":"[TICK] Balance: $9976.00 | Equity: $9922.72 | Positions: [ml_signal:USD/JPY(BUY,PnL:$-22.40), ml_signal:GBP/USD(SELL,PnL:$-12.80), ml_signal:EUR/USD(BUY,PnL:$3.20), ma_crossover:GBP/USD(BUY,PnL:$-21.28), rsi_reversion:EUR/USD(BUY,PnL:$0.00)]","timestamp":"2026-07-10 13:16:34"}
{"level":"error","message":"ML Client predict failed for GBP/USD: read ECONNRESET","timestamp":"2026-07-10 13:16:37"}
{"level":"error","message":"ML Client predict failed for USD/JPY: read ECONNRESET","timestamp":"2026-07-10 13:16:42"}
{"level":"info","message":"[TICK] Balance: $9976.00 | Equity: $9917.27 | Positions: [ml_signal:USD/JPY(BUY,PnL:$-19.20), ml_signal:GBP/USD(SELL,PnL:$-16.80), ml_signal:EUR/USD(BUY,PnL:$7.20), ma_crossover:GBP/USD(BUY,PnL:$-17.96), rsi_reversion:EUR/USD(BUY,PnL:$-11.97)]","timestamp":"2026-07-10 13:16:42"}
{"level":"info","message":"[TICK] Balance: $9976.00 | Equity: $9917.27 | Positions: [ml_signal:USD/JPY(BUY,PnL:$-19.20), ml_signal:GBP/USD(SELL,PnL:$-16.80), ml_signal:EUR/USD(BUY,PnL:$7.20), ma_crossover:GBP/USD(BUY,PnL:$-17.96), rsi_reversion:EUR/USD(BUY,PnL:$-11.97)]","timestamp":"2026-07-10 13:16:44"}
{"level":"error","message":"ML Client predict failed for GBP/USD: read ECONNRESET","timestamp":"2026-07-10 13:16:44"}
{"level":"error","message":"ML Client predict failed for USD/JPY: read ECONNRESET","timestamp":"2026-07-10 13:16:47"}
{"level":"info","message":"[TICK] Balance: $9976.00 | Equity: $9917.27 | Positions: [ml_signal:USD/JPY(BUY,PnL:$-19.20), ml_signal:GBP/USD(SELL,PnL:$-16.80), ml_signal:EUR/USD(BUY,PnL:$7.20), ma_crossover:GBP/USD(BUY,PnL:$-17.96), rsi_reversion:EUR/USD(BUY,PnL:$-11.97)]","timestamp":"2026-07-10 13:16:47"}
{"level":"error","message":"ML Client predict failed for GBP/USD: read ECONNRESET","timestamp":"2026-07-10 13:16:52"}
{"level":"error","message":"ML Client predict failed for GBP/USD: read ECONNRESET","timestamp":"2026-07-10 13:17:00"}
{"level":"info","message":"[TICK] Balance: $9976.00 | Equity: $9927.67 | Positions: [ml_signal:USD/JPY(BUY,PnL:$-12.00), ml_signal:GBP/USD(SELL,PnL:$-16.80), ml_signal:EUR/USD(BUY,PnL:$8.80), ma_crossover:GBP/USD(BUY,PnL:$-17.96), rsi_reversion:EUR/USD(BUY,PnL:$-10.38)]","timestamp":"2026-07-10 13:17:06"}
{"level":"error","message":"ML Client predict failed for GBP/USD: read ECONNRESET","timestamp":"2026-07-10 13:17:09"}
{"level":"error","message":"ML Client predict failed for USD/JPY: socket hang up","timestamp":"2026-07-10 13:17:12"}
{"level":"info","message":"[TICK] Balance: $9976.00 | Equity: $9927.67 | Positions: [ml_signal:USD/JPY(BUY,PnL:$-12.00), ml_signal:GBP/USD(SELL,PnL:$-16.80), ml_signal:EUR/USD(BUY,PnL:$8.80), ma_crossover:GBP/USD(BUY,PnL:$-17.96), rsi_reversion:EUR/USD(BUY,PnL:$-10.38)]","timestamp":"2026-07-10 13:17:12"}
{"level":"warn","message":"Risk Management: Position count limit reached (5/5). Rejects signal.","timestamp":"2026-07-10 13:17:15"}
{"level":"info","message":"[TICK] Balance: $9976.00 | Equity: $9918.06 | Positions: [ml_signal:USD/JPY(BUY,PnL:$-17.60), ml_signal:GBP/USD(SELL,PnL:$-21.60), ml_signal:EUR/USD(BUY,PnL:$7.20), ma_crossover:GBP/USD(BUY,PnL:$-13.97), rsi_reversion:EUR/USD(BUY,PnL:$-11.97)]","timestamp":"2026-07-10 13:17:15"}
{"level":"error","message":"ML Client predict failed for GBP/USD: read ECONNRESET","timestamp":"2026-07-10 13:17:17"}
{"level":"error","message":"ML Client predict failed for USD/JPY: socket hang up","timestamp":"2026-07-10 13:17:20"}
{"level":"info","message":"[TICK] Balance: $9976.00 | Equity: $9918.06 | Positions: [ml_signal:USD/JPY(BUY,PnL:$-17.60), ml_signal:GBP/USD(SELL,PnL:$-21.60), ml_signal:EUR/USD(BUY,PnL:$7.20), ma_crossover:GBP/USD(BUY,PnL:$-13.97), rsi_reversion:EUR/USD(BUY,PnL:$-11.97)]","timestamp":"2026-07-10 13:17:20"}
{"level":"warn","message":"Risk Management: Position count limit reached (5/5). Rejects signal.","timestamp":"2026-07-10 13:17:26"}
{"level":"error","message":"ML Client predict failed for GBP/USD: read ECONNRESET","timestamp":"2026-07-10 13:17:26"}
{"level":"error","message":"ML Client predict failed for GBP/USD: read ECONNRESET","timestamp":"2026-07-10 13:17:34"}
{"level":"warn","message":"Risk Management: Position count limit reached (5/5). Rejects signal.","timestamp":"2026-07-10 13:17:40"}
{"level":"info","message":"[TICK] Balance: $9976.00 | Equity: $9908.74 | Positions: [ml_signal:USD/JPY(BUY,PnL:$-10.40), ml_signal:GBP/USD(SELL,PnL:$-24.80), ml_signal:EUR/USD(BUY,PnL:$-0.80), ma_crossover:GBP/USD(BUY,PnL:$-11.31), rsi_reversion:EUR/USD(BUY,PnL:$-19.95)]","timestamp":"2026-07-10 13:17:40"}
{"level":"error","message":"ML Client predict failed for GBP/USD: read ECONNRESET","timestamp":"2026-07-10 13:17:42"}
{"level":"error","message":"ML Client predict failed for USD/JPY: socket hang up","timestamp":"2026-07-10 13:17:45"}
{"level":"info","message":"[TICK] Balance: $9976.00 | Equity: $9908.74 | Positions: [ml_signal:USD/JPY(BUY,PnL:$-10.40), ml_signal:GBP/USD(SELL,PnL:$-24.80), ml_signal:EUR/USD(BUY,PnL:$-0.80), ma_crossover:GBP/USD(BUY,PnL:$-11.31), rsi_reversion:EUR/USD(BUY,PnL:$-19.95)]","timestamp":"2026-07-10 13:17:45"}
{"level":"info","message":"[TICK] Balance: $9976.00 | Equity: $9901.01 | Positions: [ml_signal:USD/JPY(BUY,PnL:$-9.60), ml_signal:GBP/USD(SELL,PnL:$-28.00), ml_signal:EUR/USD(BUY,PnL:$-4.80), ma_crossover:GBP/USD(BUY,PnL:$-8.65), rsi_reversion:EUR/USD(BUY,PnL:$-23.94)]","timestamp":"2026-07-10 13:17:47"}
{"level":"error","message":"ML Client predict failed for GBP/USD: read ECONNRESET","timestamp":"2026-07-10 13:17:50"}
{"level":"warn","message":"Risk Management: Position count limit reached (5/5). Rejects signal.","timestamp":"2026-07-10 13:17:55"}
{"level":"error","message":"ML Client predict failed for USD/JPY: read ECONNRESET","timestamp":"2026-07-10 13:17:55"}
{"level":"info","message":"[TICK] Balance: $9976.00 | Equity: $9897.54 | Positions: [ml_signal:USD/JPY(BUY,PnL:$-14.40), ml_signal:GBP/USD(SELL,PnL:$-29.60), ml_signal:EUR/USD(BUY,PnL:$-4.00), ma_crossover:GBP/USD(BUY,PnL:$-7.32), rsi_reversion:EUR/USD(BUY,PnL:$-23.14)]","timestamp":"2026-07-10 13:17:55"}
{"level":"info","message":"[POSITION CLOSED] BUY GBP/USD closed @ 1.27000 | Realized PnL: $-11.97 | Reason: Strategy signal CLOSE (ma_crossover)","timestamp":"2026-07-10 13:17:57"}
{"level":"error","message":"ML Client predict failed for GBP/USD: read ECONNRESET","timestamp":"2026-07-10 13:17:57"}
{"level":"info","message":"[ORDER EXECUTED] SELL 664 USD/JPY @ 155.493 | Strategy: ma_crossover | SL: 155.793 | TP: 154.893","timestamp":"2026-07-10 13:18:00"}
{"level":"warn","message":"Risk Management: Position count limit reached (5/5). Rejects signal.","timestamp":"2026-07-10 13:18:05"}
{"level":"error","message":"ML Client predict failed for GBP/USD: read ECONNRESET","timestamp":"2026-07-10 13:18:05"}
{"level":"info","message":"[TICK] Balance: $9964.03 | Equity: $9885.06 | Positions: [ml_signal:USD/JPY(BUY,PnL:$-10.40), ml_signal:GBP/USD(SELL,PnL:$-32.00), ml_signal:EUR/USD(BUY,PnL:$-2.40), rsi_reversion:EUR/USD(BUY,PnL:$-21.55), ma_crossover:USD/JPY(SELL,PnL:$-12.62)]","timestamp":"2026-07-10 13:18:10"}
{"level":"error","message":"ML Client predict failed for GBP/USD: read ECONNRESET","timestamp":"2026-07-10 13:18:13"}
{"level":"error","message":"ML Client predict failed for USD/JPY: socket hang up","timestamp":"2026-07-10 13:18:16"}
{"level":"info","message":"[TICK] Balance: $9964.03 | Equity: $9885.06 | Positions: [ml_signal:USD/JPY(BUY,PnL:$-10.40), ml_signal:GBP/USD(SELL,PnL:$-32.00), ml_signal:EUR/USD(BUY,PnL:$-2.40), rsi_reversion:EUR/USD(BUY,PnL:$-21.55), ma_crossover:USD/JPY(SELL,PnL:$-12.62)]","timestamp":"2026-07-10 13:18:16"}
{"level":"info","message":"[TICK] Balance: $9964.03 | Equity: $9885.18 | Positions: [ml_signal:USD/JPY(BUY,PnL:$-14.40), ml_signal:GBP/USD(SELL,PnL:$-36.00), ml_signal:EUR/USD(BUY,PnL:$0.00), rsi_reversion:EUR/USD(BUY,PnL:$-19.15), ma_crossover:USD/JPY(SELL,PnL:$-9.30)]","timestamp":"2026-07-10 13:18:22"}
{"level":"error","message":"ML Client predict failed for GBP/USD: read ECONNRESET","timestamp":"2026-07-10 13:18:22"}
{"level":"error","message":"ML Client predict failed for USD/JPY: read ECONNRESET","timestamp":"2026-07-10 13:18:25"}
{"level":"info","message":"[TICK] Balance: $9964.03 | Equity: $9885.18 | Positions: [ml_signal:USD/JPY(BUY,PnL:$-14.40), ml_signal:GBP/USD(SELL,PnL:$-36.00), ml_signal:EUR/USD(BUY,PnL:$0.00), rsi_reversion:EUR/USD(BUY,PnL:$-19.15), ma_crossover:USD/JPY(SELL,PnL:$-9.30)]","timestamp":"2026-07-10 13:18:25"}
{"level":"error","message":"ML Client predict failed for GBP/USD: read ECONNRESET","timestamp":"2026-07-10 13:18:30"}
{"level":"error","message":"ML Client predict failed for GBP/USD: read ECONNRESET","timestamp":"2026-07-10 13:18:38"}
{"level":"info","message":"[TICK] Balance: $9964.03 | Equity: $9863.86 | Positions: [ml_signal:USD/JPY(BUY,PnL:$-12.80), ml_signal:GBP/USD(SELL,PnL:$-46.40), ml_signal:EUR/USD(BUY,PnL:$-5.60), rsi_reversion:EUR/USD(BUY,PnL:$-24.74), ma_crossover:USD/JPY(SELL,PnL:$-10.62)]","timestamp":"2026-07-10 13:18:44"}
{"level":"error","message":"ML Client predict failed for GBP/USD: read ECONNRESET","timestamp":"2026-07-10 13:18:47"}
{"level":"error","message":"ML Client predict failed for USD/JPY: socket hang up","timestamp":"2026-07-10 13:18:50"}
{"level":"info","message":"[TICK] Balance: $9964.03 | Equity: $9863.86 | Positions: [ml_signal:USD/JPY(BUY,PnL:$-12.80), ml_signal:GBP/USD(SELL,PnL:$-46.40), ml_signal:EUR/USD(BUY,PnL:$-5.60), rsi_reversion:EUR/USD(BUY,PnL:$-24.74), ma_crossover:USD/JPY(SELL,PnL:$-10.62)]","timestamp":"2026-07-10 13:18:50"}
{"level":"info","message":"[TICK] Balance: $9964.03 | Equity: $9858.94 | Positions: [ml_signal:USD/JPY(BUY,PnL:$-13.60), ml_signal:GBP/USD(SELL,PnL:$-44.80), ml_signal:EUR/USD(BUY,PnL:$-8.80), rsi_reversion:EUR/USD(BUY,PnL:$-27.93), ma_crossover:USD/JPY(SELL,PnL:$-9.96)]","timestamp":"2026-07-10 13:18:55"}
{"level":"error","message":"ML Client predict failed for GBP/USD: read ECONNRESET","timestamp":"2026-07-10 13:18:59"}
{"level":"error","message":"ML Client predict failed for USD/JPY: socket hang up","timestamp":"2026-07-10 13:19:03"}
{"level":"info","message":"[TICK] Balance: $9964.03 | Equity: $9858.94 | Positions: [ml_signal:USD/JPY(BUY,PnL:$-13.60), ml_signal:GBP/USD(SELL,PnL:$-44.80), ml_signal:EUR/USD(BUY,PnL:$-8.80), rsi_reversion:EUR/USD(BUY,PnL:$-27.93), ma_crossover:USD/JPY(SELL,PnL:$-9.96)]","timestamp":"2026-07-10 13:19:03"}
{"level":"info","message":"[POSITION CLOSED] BUY EUR/USD closed @ 1.08491 | Realized PnL: $-32.72 | Reason: Strategy signal CLOSE (rsi_reversion)","timestamp":"2026-07-10 13:19:09"}
{"level":"error","message":"ML Client predict failed for GBP/USD: read ECONNRESET","timestamp":"2026-07-10 13:19:11"}
{"level":"error","message":"ML Client predict failed for GBP/USD: read ECONNRESET","timestamp":"2026-07-10 13:19:20"}
{"level":"info","message":"[TICK] Balance: $9931.31 | Equity: $9855.60 | Positions: [ml_signal:USD/JPY(BUY,PnL:$-19.20), ml_signal:GBP/USD(SELL,PnL:$-42.40), ml_signal:EUR/USD(BUY,PnL:$-8.80), ma_crossover:USD/JPY(SELL,PnL:$-5.31)]","timestamp":"2026-07-10 13:19:27"}
{"level":"error","message":"ML Client predict failed for GBP/USD: read ECONNRESET","timestamp":"2026-07-10 13:19:30"}
{"level":"error","message":"ML Client predict failed for USD/JPY: socket hang up","timestamp":"2026-07-10 13:19:33"}
{"level":"info","message":"[TICK] Balance: $9931.31 | Equity: $9855.60 | Positions: [ml_signal:USD/JPY(BUY,PnL:$-19.20), ml_signal:GBP/USD(SELL,PnL:$-42.40), ml_signal:EUR/USD(BUY,PnL:$-8.80), ma_crossover:USD/JPY(SELL,PnL:$-5.31)]","timestamp":"2026-07-10 13:19:33"}
{"level":"info","message":"==================================================","timestamp":"2026-07-10 13:19:48"}
{"level":"info","message":"   Starting Forex Paper Trading Bot Engine        ","timestamp":"2026-07-10 13:19:48"}
{"level":"info","message":"==================================================","timestamp":"2026-07-10 13:19:48"}
{"level":"info","message":"Initializing JSON-file Database at: D:\\Frerlancing\\Treding Bot\\forex_bot_db.json","timestamp":"2026-07-10 13:19:48"}
{"level":"info","message":"JSON Database initialized successfully.","timestamp":"2026-07-10 13:19:48"}
{"level":"info","message":"Trading Engine Initialized. Realized PnL: $0.00. Current Account Balance: $10000.00","timestamp":"2026-07-10 13:19:48"}
{"level":"info","message":"Enabled Strategy: ma_crossover","timestamp":"2026-07-10 13:19:48"}
{"level":"info","message":"Enabled Strategy: rsi_reversion","timestamp":"2026-07-10 13:19:48"}
{"level":"info","message":"Enabled Strategy: bollinger_bands","timestamp":"2026-07-10 13:19:48"}
{"level":"info","message":"Enabled Strategy: ml_signal (Python microservice)","timestamp":"2026-07-10 13:19:48"}
{"level":"info","message":"Checking ML Service connectivity and models...","timestamp":"2026-07-10 13:19:48"}
{"level":"info","message":"Fetching 50 1h candles for EUR/USD from Twelve Data...","timestamp":"2026-07-10 13:19:48"}
{"level":"info","message":"ML model for EUR/USD is loaded and ready.","timestamp":"2026-07-10 13:19:50"}
{"level":"info","message":"Fetching 50 1h candles for GBP/USD from Twelve Data...","timestamp":"2026-07-10 13:19:50"}
{"level":"info","message":"ML model for GBP/USD is loaded and ready.","timestamp":"2026-07-10 13:19:53"}
{"level":"info","message":"Fetching 50 1h candles for USD/JPY from Twelve Data...","timestamp":"2026-07-10 13:19:53"}
{"level":"info","message":"ML model for USD/JPY is loaded and ready.","timestamp":"2026-07-10 13:19:55"}
{"level":"info","message":"Starting execution loop. Polling interval: 60 seconds.","timestamp":"2026-07-10 13:19:55"}
{"level":"info","message":"🚀 Unified REST & WebSocket server running at http://localhost:4000","timestamp":"2026-07-10 13:19:55"}
{"level":"info","message":"Fetching 100 1h candles for EUR/USD from Twelve Data...","timestamp":"2026-07-10 13:19:55"}
{"level":"info","message":"Fetching 100 1h candles for GBP/USD from Twelve Data...","timestamp":"2026-07-10 13:19:59"}
{"level":"info","message":"Fetching 100 1h candles for USD/JPY from Twelve Data...","timestamp":"2026-07-10 13:20:03"}
{"level":"info","message":"[ORDER EXECUTED] BUY 800 USD/JPY @ NaN | Strategy: rsi_reversion | SL: NaN | TP: NaN","timestamp":"2026-07-10 13:20:06"}
{"level":"info","message":"[TICK] Balance: $10000.00 | Equity: $NaN | Positions: [ml_signal:USD/JPY(BUY,PnL:$NaN), ml_signal:GBP/USD(SELL,PnL:$NaN), ml_signal:EUR/USD(BUY,PnL:$NaN), ma_crossover:USD/JPY(SELL,PnL:$NaN), rsi_reversion:USD/JPY(BUY,PnL:$0.00)]","timestamp":"2026-07-10 13:20:07"}
{"level":"info","message":"Fetching 100 1h candles for EUR/USD from Twelve Data...","timestamp":"2026-07-10 13:21:07"}
{"level":"info","message":"Fetching 100 1h candles for GBP/USD from Twelve Data...","timestamp":"2026-07-10 13:21:11"}
{"level":"info","message":"==================================================","timestamp":"2026-07-10 13:21:14"}
{"level":"info","message":"   Starting Forex Paper Trading Bot Engine        ","timestamp":"2026-07-10 13:21:14"}
{"level":"info","message":"==================================================","timestamp":"2026-07-10 13:21:14"}
{"level":"info","message":"Initializing JSON-file Database at: D:\\Frerlancing\\Treding Bot\\forex_bot_db.json","timestamp":"2026-07-10 13:21:14"}
{"level":"info","message":"JSON Database initialized successfully.","timestamp":"2026-07-10 13:21:14"}
{"level":"info","message":"Trading Engine Initialized. Realized PnL: $0.00. Current Account Balance: $10000.00","timestamp":"2026-07-10 13:21:14"}
{"level":"info","message":"Enabled Strategy: ma_crossover","timestamp":"2026-07-10 13:21:14"}
{"level":"info","message":"Enabled Strategy: rsi_reversion","timestamp":"2026-07-10 13:21:14"}
{"level":"info","message":"Enabled Strategy: bollinger_bands","timestamp":"2026-07-10 13:21:14"}
{"level":"info","message":"Enabled Strategy: ml_signal (Python microservice)","timestamp":"2026-07-10 13:21:14"}
{"level":"info","message":"Checking ML Service connectivity and models...","timestamp":"2026-07-10 13:21:14"}
{"level":"info","message":"Fetching 50 1h candles for EUR/USD from Twelve Data...","timestamp":"2026-07-10 13:21:14"}
{"level":"error","message":"Twelve Data candle fetch failed for EUR/USD: Request failed with status code 429. Using cache or simulator...","timestamp":"2026-07-10 13:21:14"}
{"level":"info","message":"ML model for EUR/USD is loaded and ready.","timestamp":"2026-07-10 13:21:15"}
{"level":"info","message":"Fetching 50 1h candles for GBP/USD from Twelve Data...","timestamp":"2026-07-10 13:21:15"}
{"level":"error","message":"Twelve Data candle fetch failed for GBP/USD: Request failed with status code 429. Using cache or simulator...","timestamp":"2026-07-10 13:21:15"}
{"level":"info","message":"ML model for GBP/USD is loaded and ready.","timestamp":"2026-07-10 13:21:15"}
{"level":"info","message":"Fetching 50 1h candles for USD/JPY from Twelve Data...","timestamp":"2026-07-10 13:21:15"}
{"level":"error","message":"Twelve Data candle fetch failed for USD/JPY: Request failed with status code 429. Using cache or simulator...","timestamp":"2026-07-10 13:21:15"}
{"level":"info","message":"ML model for USD/JPY is loaded and ready.","timestamp":"2026-07-10 13:21:16"}
{"level":"info","message":"Starting execution loop. Polling interval: 60 seconds.","timestamp":"2026-07-10 13:21:16"}
{"level":"info","message":"🚀 Unified REST & WebSocket server running at http://localhost:4000","timestamp":"2026-07-10 13:21:16"}
{"level":"error","message":"Twelve Data quote fetch failed: Request failed with status code 429. Using simulator fallback.","timestamp":"2026-07-10 13:21:16"}
{"level":"info","message":"Fetching 100 1h candles for EUR/USD from Twelve Data...","timestamp":"2026-07-10 13:21:16"}
{"level":"error","message":"Twelve Data candle fetch failed for EUR/USD: Request failed with status code 429. Using cache or simulator...","timestamp":"2026-07-10 13:21:16"}
{"level":"info","message":"Fetching 100 1h candles for GBP/USD from Twelve Data...","timestamp":"2026-07-10 13:21:16"}
{"level":"error","message":"Twelve Data candle fetch failed for GBP/USD: Request failed with status code 429. Using cache or simulator...","timestamp":"2026-07-10 13:21:17"}
{"level":"info","message":"Fetching 100 1h candles for USD/JPY from Twelve Data...","timestamp":"2026-07-10 13:21:17"}
{"level":"error","message":"Twelve Data candle fetch failed for USD/JPY: Request failed with status code 429. Using cache or simulator...","timestamp":"2026-07-10 13:21:17"}
{"level":"info","message":"[TICK] Balance: $10000.00 | Equity: $134348.58 | Positions: [ml_signal:USD/JPY(BUY,PnL:$-12.80), ml_signal:GBP/USD(SELL,PnL:$-12.00), ml_signal:EUR/USD(BUY,PnL:$-11.20), ma_crossover:USD/JPY(SELL,PnL:$-10.62), rsi_reversion:USD/JPY(BUY,PnL:$124395.20)]","timestamp":"2026-07-10 13:21:17"}
{"level":"info","message":"==================================================","timestamp":"2026-07-10 13:48:16"}
{"level":"info","message":"   Starting Forex Paper Trading Bot Engine        ","timestamp":"2026-07-10 13:48:16"}
{"level":"info","message":"==================================================","timestamp":"2026-07-10 13:48:16"}
{"level":"info","message":"Initializing JSON-file Database at: D:\\Frerlancing\\Treding Bot\\forex_bot_db.json","timestamp":"2026-07-10 13:48:16"}
{"level":"info","message":"JSON Database initialized successfully.","timestamp":"2026-07-10 13:48:16"}
{"level":"info","message":"Trading Engine Initialized. Realized PnL: $0.00. Current Account Balance: $10000.00","timestamp":"2026-07-10 13:48:16"}
{"level":"info","message":"Enabled Strategy: ma_crossover","timestamp":"2026-07-10 13:48:16"}
{"level":"info","message":"Enabled Strategy: rsi_reversion","timestamp":"2026-07-10 13:48:16"}
{"level":"info","message":"Enabled Strategy: bollinger_bands","timestamp":"2026-07-10 13:48:16"}
{"level":"info","message":"Enabled Strategy: ml_signal (Python microservice)","timestamp":"2026-07-10 13:48:16"}
{"level":"info","message":"Checking ML Service connectivity and models...","timestamp":"2026-07-10 13:48:16"}
{"level":"info","message":"Fetching 50 1h candles for EUR/USD from Twelve Data...","timestamp":"2026-07-10 13:48:16"}
{"level":"info","message":"ML model for EUR/USD is loaded and ready.","timestamp":"2026-07-10 13:48:16"}
{"level":"info","message":"Fetching 50 1h candles for GBP/USD from Twelve Data...","timestamp":"2026-07-10 13:48:16"}
{"level":"info","message":"ML model for GBP/USD is loaded and ready.","timestamp":"2026-07-10 13:48:17"}
{"level":"info","message":"Fetching 50 1h candles for USD/JPY from Twelve Data...","timestamp":"2026-07-10 13:48:17"}
{"level":"info","message":"ML model for USD/JPY is loaded and ready.","timestamp":"2026-07-10 13:48:17"}
{"level":"info","message":"Starting execution loop. Polling interval: 60 seconds.","timestamp":"2026-07-10 13:48:17"}
{"level":"info","message":"🚀 Unified REST & WebSocket server running at http://localhost:4000","timestamp":"2026-07-10 13:48:17"}
{"level":"info","message":"Fetching 100 1h candles for EUR/USD from Twelve Data...","timestamp":"2026-07-10 13:48:18"}
{"level":"info","message":"[ORDER EXECUTED] BUY 80000 EUR/USD @ 1.14379 | Strategy: ml_signal | SL: 1.14129 | TP: 1.14879","timestamp":"2026-07-10 13:48:19"}
{"level":"info","message":"Fetching 100 1h candles for GBP/USD from Twelve Data...","timestamp":"2026-07-10 13:48:19"}
{"level":"info","message":"Fetching 100 1h candles for USD/JPY from Twelve Data...","timestamp":"2026-07-10 13:48:19"}
{"level":"error","message":"Twelve Data candle fetch failed for USD/JPY: Request failed with status code 429. Using cache or simulator...","timestamp":"2026-07-10 13:48:19"}
{"level":"info","message":"[ORDER EXECUTED] SELL 800 USD/JPY @ 161.643 | Strategy: ml_signal | SL: 161.893 | TP: 161.143","timestamp":"2026-07-10 13:48:19"}
{"level":"info","message":"[TICK] Balance: $10000.00 | Equity: $10000.00 | Positions: [ml_signal:EUR/USD(BUY,PnL:$0.00), ml_signal:USD/JPY(SELL,PnL:$0.00)]","timestamp":"2026-07-10 13:48:19"}
{"level":"info","message":"Dashboard triggered manual model retrain for EUR_USD","timestamp":"2026-07-10 13:49:09"}
{"level":"info","message":"Fetching 1000 1h candles for EUR_USD from Twelve Data...","timestamp":"2026-07-10 13:49:09"}
{"level":"error","message":"Twelve Data candle fetch failed for EUR_USD: Request failed with status code 404. Using cache or simulator...","timestamp":"2026-07-10 13:49:09"}
{"level":"info","message":"Triggering model training in ML Service for EUR_USD...","timestamp":"2026-07-10 13:49:12"}
{"level":"info","message":"📊 Model retrained successfully for EUR_USD. Model ID: xgb_eur_usd_v1. Test Accuracy: 53.06%, Notes: Trained xgboost on 784 rows, validated on 196 rows.","timestamp":"2026-07-10 13:49:14"}
{"level":"info","message":"Fetching 100 1h candles for EUR/USD from Twelve Data...","timestamp":"2026-07-10 13:49:20"}
{"level":"info","message":"Fetching 100 1h candles for GBP/USD from Twelve Data...","timestamp":"2026-07-10 13:49:21"}
{"level":"info","message":"Fetching 100 1h candles for USD/JPY from Twelve Data...","timestamp":"2026-07-10 13:49:22"}
{"level":"info","message":"[TICK] Balance: $10000.00 | Equity: $9940.10 | Positions: [ml_signal:EUR/USD(BUY,PnL:$-20.40), ml_signal:USD/JPY(SELL,PnL:$-39.50)]","timestamp":"2026-07-10 13:49:23"}
{"level":"info","message":"Fetching 100 1h candles for EUR/USD from Twelve Data...","timestamp":"2026-07-10 13:50:20"}
{"level":"info","message":"Fetching 100 1h candles for GBP/USD from Twelve Data...","timestamp":"2026-07-10 13:50:21"}
{"level":"info","message":"Fetching 100 1h candles for USD/JPY from Twelve Data...","timestamp":"2026-07-10 13:50:22"}
{"level":"info","message":"[TICK] Balance: $10000.00 | Equity: $9933.51 | Positions: [ml_signal:EUR/USD(BUY,PnL:$-18.80), ml_signal:USD/JPY(SELL,PnL:$-47.69)]","timestamp":"2026-07-10 13:50:23"}
{"level":"info","message":"Fetching 100 1h candles for EUR/USD from Twelve Data...","timestamp":"2026-07-10 13:51:20"}
{"level":"info","message":"Fetching 100 1h candles for GBP/USD from Twelve Data...","timestamp":"2026-07-10 13:51:21"}
{"level":"info","message":"Fetching 100 1h candles for USD/JPY from Twelve Data...","timestamp":"2026-07-10 13:51:21"}
{"level":"info","message":"[TICK] Balance: $10000.00 | Equity: $9925.35 | Positions: [ml_signal:EUR/USD(BUY,PnL:$-18.80), ml_signal:USD/JPY(SELL,PnL:$-55.85)]","timestamp":"2026-07-10 13:51:22"}
{"level":"info","message":"==================================================","timestamp":"2026-07-10 13:59:27"}
{"level":"info","message":"   Starting Forex Paper Trading Bot Engine        ","timestamp":"2026-07-10 13:59:27"}
{"level":"info","message":"==================================================","timestamp":"2026-07-10 13:59:27"}
{"level":"info","message":"Initializing JSON-file Database at: D:\\Frerlancing\\Treding Bot\\forex_bot_db.json","timestamp":"2026-07-10 13:59:27"}
{"level":"info","message":"JSON Database initialized successfully.","timestamp":"2026-07-10 13:59:27"}
{"level":"info","message":"Trading Engine Initialized. Realized PnL: $0.00. Current Account Balance: $10000.00","timestamp":"2026-07-10 13:59:27"}
{"level":"info","message":"Enabled Strategy: ma_crossover","timestamp":"2026-07-10 13:59:27"}
{"level":"info","message":"Enabled Strategy: rsi_reversion","timestamp":"2026-07-10 13:59:27"}
{"level":"info","message":"Enabled Strategy: bollinger_bands","timestamp":"2026-07-10 13:59:27"}
{"level":"info","message":"Enabled Strategy: ml_signal (Python microservice)","timestamp":"2026-07-10 13:59:27"}
{"level":"info","message":"Checking ML Service connectivity and models...","timestamp":"2026-07-10 13:59:27"}
{"level":"info","message":"Fetching 50 1h candles for EUR/USD from Twelve Data...","timestamp":"2026-07-10 13:59:27"}
{"level":"error","message":"ML Client predict failed for EUR/USD: connect ECONNREFUSED 127.0.0.1:8000","timestamp":"2026-07-10 13:59:27"}
{"level":"info","message":"ML model for EUR/USD is loaded and ready.","timestamp":"2026-07-10 13:59:27"}
{"level":"info","message":"Fetching 50 1h candles for GBP/USD from Twelve Data...","timestamp":"2026-07-10 13:59:27"}
{"level":"error","message":"ML Client predict failed for GBP/USD: connect ECONNREFUSED 127.0.0.1:8000","timestamp":"2026-07-10 13:59:28"}
{"level":"info","message":"ML model for GBP/USD is loaded and ready.","timestamp":"2026-07-10 13:59:28"}
{"level":"info","message":"Fetching 50 1h candles for USD/JPY from Twelve Data...","timestamp":"2026-07-10 13:59:28"}
{"level":"info","message":"ML model for USD/JPY is loaded and ready.","timestamp":"2026-07-10 13:59:28"}
{"level":"info","message":"Starting execution loop. Polling interval: 60 seconds.","timestamp":"2026-07-10 13:59:28"}
{"level":"info","message":"🚀 Unified REST & WebSocket server running at http://localhost:4000","timestamp":"2026-07-10 13:59:28"}
{"level":"info","message":"Fetching 100 1h candles for EUR/USD from Twelve Data...","timestamp":"2026-07-10 13:59:30"}
{"level":"info","message":"Fetching 100 1h candles for GBP/USD from Twelve Data...","timestamp":"2026-07-10 13:59:30"}
{"level":"info","message":"Fetching 100 1h candles for USD/JPY from Twelve Data...","timestamp":"2026-07-10 13:59:31"}
{"level":"error","message":"Twelve Data candle fetch failed for USD/JPY: Request failed with status code 429. Using cache or simulator...","timestamp":"2026-07-10 13:59:31"}
{"level":"info","message":"[TICK] Balance: $10000.00 | Equity: $9863.47 | Positions: [ml_signal:EUR/USD(BUY,PnL:$-47.60), ml_signal:USD/JPY(SELL,PnL:$-88.93)]","timestamp":"2026-07-10 13:59:31"}
{"level":"info","message":"Dashboard triggered manual model retrain for EUR_USD","timestamp":"2026-07-10 14:00:15"}
{"level":"info","message":"Fetching 1000 1h candles for EUR_USD from Twelve Data...","timestamp":"2026-07-10 14:00:15"}
{"level":"error","message":"Twelve Data candle fetch failed for EUR_USD: Request failed with status code 404. Using cache or simulator...","timestamp":"2026-07-10 14:00:15"}
{"level":"info","message":"Triggering model training in ML Service for EUR_USD...","timestamp":"2026-07-10 14:00:15"}
{"level":"info","message":"📊 Model retrained successfully for EUR_USD. Model ID: xgb_eur_usd_v1. Test Accuracy: 53.06%, Notes: Trained xgboost on 784 rows, validated on 196 rows.","timestamp":"2026-07-10 14:00:16"}
{"level":"info","message":"Fetching 100 1h candles for EUR/USD from Twelve Data...","timestamp":"2026-07-10 14:00:32"}
{"level":"info","message":"Fetching 100 1h candles for GBP/USD from Twelve Data...","timestamp":"2026-07-10 14:00:33"}
{"level":"info","message":"Fetching 100 1h candles for USD/JPY from Twelve Data...","timestamp":"2026-07-10 14:00:34"}
{"level":"info","message":"[TICK] Balance: $10000.00 | Equity: $9863.47 | Positions: [ml_signal:EUR/USD(BUY,PnL:$-47.60), ml_signal:USD/JPY(SELL,PnL:$-88.93)]","timestamp":"2026-07-10 14:00:35"}
{"level":"info","message":"Fetching 100 1h candles for EUR/USD from Twelve Data...","timestamp":"2026-07-10 14:01:32"}
{"level":"info","message":"Fetching 100 1h candles for GBP/USD from Twelve Data...","timestamp":"2026-07-10 14:01:33"}
{"level":"info","message":"[ORDER EXECUTED] SELL 80000 GBP/USD @ 1.34134 | Strategy: ml_signal | SL: 1.34384 | TP: 1.33634","timestamp":"2026-07-10 14:01:33"}
{"level":"info","message":"Fetching 100 1h candles for USD/JPY from Twelve Data...","timestamp":"2026-07-10 14:01:33"}
{"level":"info","message":"[TICK] Balance: $10000.00 | Equity: $9891.73 | Positions: [ml_signal:EUR/USD(BUY,PnL:$-34.00), ml_signal:USD/JPY(SELL,PnL:$-74.27), ml_signal:GBP/USD(SELL,PnL:$0.00)]","timestamp":"2026-07-10 14:01:34"}
{"level":"info","message":"Fetching 100 1h candles for EUR/USD from Twelve Data...","timestamp":"2026-07-10 14:02:32"}
{"level":"info","message":"Fetching 100 1h candles for GBP/USD from Twelve Data...","timestamp":"2026-07-10 14:02:33"}
{"level":"info","message":"Fetching 100 1h candles for USD/JPY from Twelve Data...","timestamp":"2026-07-10 14:02:34"}
{"level":"info","message":"[TICK] Balance: $10000.00 | Equity: $9887.67 | Positions: [ml_signal:EUR/USD(BUY,PnL:$-27.60), ml_signal:USD/JPY(SELL,PnL:$-54.33), ml_signal:GBP/USD(SELL,PnL:$-30.40)]","timestamp":"2026-07-10 14:02:35"}
{"level":"info","message":"Fetching 100 1h candles for EUR/USD from Twelve Data...","timestamp":"2026-07-10 14:03:32"}
{"level":"info","message":"Fetching 100 1h candles for GBP/USD from Twelve Data...","timestamp":"2026-07-10 14:03:33"}
{"level":"info","message":"Fetching 100 1h candles for USD/JPY from Twelve Data...","timestamp":"2026-07-10 14:03:34"}
{"level":"info","message":"[TICK] Balance: $10000.00 | Equity: $9917.73 | Positions: [ml_signal:EUR/USD(BUY,PnL:$-23.60), ml_signal:USD/JPY(SELL,PnL:$-38.67), ml_signal:GBP/USD(SELL,PnL:$-20.00)]","timestamp":"2026-07-10 14:03:35"}
{"level":"info","message":"Fetching 100 1h candles for EUR/USD from Twelve Data...","timestamp":"2026-07-10 14:04:33"}
{"level":"info","message":"Fetching 100 1h candles for GBP/USD from Twelve Data...","timestamp":"2026-07-10 14:04:34"}
{"level":"info","message":"Fetching 100 1h candles for USD/JPY from Twelve Data...","timestamp":"2026-07-10 14:04:35"}
{"level":"info","message":"[TICK] Balance: $10000.00 | Equity: $9897.99 | Positions: [ml_signal:EUR/USD(BUY,PnL:$-23.60), ml_signal:USD/JPY(SELL,PnL:$-37.61), ml_signal:GBP/USD(SELL,PnL:$-40.80)]","timestamp":"2026-07-10 14:04:35"}
{"level":"info","message":"Fetching 100 1h candles for EUR/USD from Twelve Data...","timestamp":"2026-07-10 14:05:32"}
{"level":"info","message":"Fetching 100 1h candles for GBP/USD from Twelve Data...","timestamp":"2026-07-10 14:05:33"}
{"level":"info","message":"Fetching 100 1h candles for USD/JPY from Twelve Data...","timestamp":"2026-07-10 14:05:34"}
{"level":"info","message":"[TICK] Balance: $10000.00 | Equity: $9900.86 | Positions: [ml_signal:EUR/USD(BUY,PnL:$-22.80), ml_signal:USD/JPY(SELL,PnL:$-40.34), ml_signal:GBP/USD(SELL,PnL:$-36.00)]","timestamp":"2026-07-10 14:05:36"}
{"level":"info","message":"Fetching 100 1h candles for EUR/USD from Twelve Data...","timestamp":"2026-07-10 14:06:32"}
{"level":"info","message":"Fetching 100 1h candles for GBP/USD from Twelve Data...","timestamp":"2026-07-10 14:06:33"}
{"level":"info","message":"Fetching 100 1h candles for USD/JPY from Twelve Data...","timestamp":"2026-07-10 14:06:34"}
{"level":"info","message":"[TICK] Balance: $10000.00 | Equity: $9910.66 | Positions: [ml_signal:EUR/USD(BUY,PnL:$-27.60), ml_signal:USD/JPY(SELL,PnL:$-24.14), ml_signal:GBP/USD(SELL,PnL:$-37.60)]","timestamp":"2026-07-10 14:06:35"}
{"level":"info","message":"Fetching 100 1h candles for EUR/USD from Twelve Data...","timestamp":"2026-07-10 14:07:32"}
{"level":"info","message":"Fetching 100 1h candles for GBP/USD from Twelve Data...","timestamp":"2026-07-10 14:07:33"}
{"level":"info","message":"Fetching 100 1h candles for USD/JPY from Twelve Data...","timestamp":"2026-07-10 14:07:34"}
{"level":"info","message":"[TICK] Balance: $10000.00 | Equity: $9923.34 | Positions: [ml_signal:EUR/USD(BUY,PnL:$-34.00), ml_signal:USD/JPY(SELL,PnL:$-15.46), ml_signal:GBP/USD(SELL,PnL:$-27.20)]","timestamp":"2026-07-10 14:07:35"}
{"level":"info","message":"Fetching 100 1h candles for EUR/USD from Twelve Data...","timestamp":"2026-07-10 14:08:32"}
{"level":"info","message":"==================================================","timestamp":"2026-07-10 14:08:33"}
{"level":"info","message":"   Starting Forex Paper Trading Bot Engine        ","timestamp":"2026-07-10 14:08:33"}
{"level":"info","message":"==================================================","timestamp":"2026-07-10 14:08:33"}
{"level":"info","message":"Initializing JSON-file Database at: D:\\Frerlancing\\Treding Bot\\forex_bot_db.json","timestamp":"2026-07-10 14:08:33"}
{"level":"info","message":"JSON Database initialized successfully.","timestamp":"2026-07-10 14:08:33"}
{"level":"info","message":"Trading Engine Initialized. Realized PnL: $0.00. Current Account Balance: $10000.00","timestamp":"2026-07-10 14:08:33"}
{"level":"info","message":"Enabled Strategy: ma_crossover","timestamp":"2026-07-10 14:08:33"}
{"level":"info","message":"Enabled Strategy: rsi_reversion","timestamp":"2026-07-10 14:08:33"}
{"level":"info","message":"Enabled Strategy: bollinger_bands","timestamp":"2026-07-10 14:08:33"}
{"level":"info","message":"Enabled Strategy: ml_signal (Python microservice)","timestamp":"2026-07-10 14:08:33"}
{"level":"info","message":"Checking ML Service connectivity and models...","timestamp":"2026-07-10 14:08:33"}
{"level":"info","message":"Fetching 50 1h candles for EUR/USD from Twelve Data...","timestamp":"2026-07-10 14:08:33"}
{"level":"info","message":"ML model for EUR/USD is loaded and ready.","timestamp":"2026-07-10 14:08:34"}
{"level":"info","message":"Fetching 50 1h candles for GBP/USD from Twelve Data...","timestamp":"2026-07-10 14:08:34"}
{"level":"info","message":"ML model for GBP/USD is loaded and ready.","timestamp":"2026-07-10 14:08:35"}
{"level":"info","message":"Fetching 50 1h candles for USD/JPY from Twelve Data...","timestamp":"2026-07-10 14:08:35"}
{"level":"info","message":"ML model for USD/JPY is loaded and ready.","timestamp":"2026-07-10 14:08:36"}
{"level":"info","message":"Starting execution loop. Polling interval: 60 seconds.","timestamp":"2026-07-10 14:08:36"}
{"level":"info","message":"🚀 Unified REST & WebSocket server running at http://localhost:4000","timestamp":"2026-07-10 14:08:36"}
{"level":"error","message":"Twelve Data quote fetch failed: Request failed with status code 429. Using simulator fallback.","timestamp":"2026-07-10 14:08:36"}
{"level":"info","message":"[POSITION CLOSED] BUY EUR/USD closed @ 1.08489 | Realized PnL: $-4712.00 | Reason: Stop Loss Triggered (1.14129)","timestamp":"2026-07-10 14:08:36"}
{"level":"info","message":"[POSITION CLOSED] SELL USD/JPY closed @ 155.508 | Realized PnL: $4908.00 | Reason: Take Profit Triggered (161.143)","timestamp":"2026-07-10 14:08:36"}
{"level":"info","message":"[POSITION CLOSED] SELL GBP/USD closed @ 1.27016 | Realized PnL: $5694.40 | Reason: Take Profit Triggered (1.33634)","timestamp":"2026-07-10 14:08:36"}
{"level":"info","message":"Fetching 100 1h candles for EUR/USD from Twelve Data...","timestamp":"2026-07-10 14:08:36"}
{"level":"error","message":"Twelve Data candle fetch failed for EUR/USD: Request failed with status code 429. Using cache or simulator...","timestamp":"2026-07-10 14:08:37"}
{"level":"info","message":"[ORDER EXECUTED] SELL 127123 EUR/USD @ 1.08489 | Strategy: ml_signal | SL: 1.08739 | TP: 1.07989","timestamp":"2026-07-10 14:08:37"}
{"level":"info","message":"Fetching 100 1h candles for GBP/USD from Twelve Data...","timestamp":"2026-07-10 14:08:37"}
{"level":"error","message":"Twelve Data candle fetch failed for GBP/USD: Request failed with status code 429. Using cache or simulator...","timestamp":"2026-07-10 14:08:37"}
{"level":"info","message":"[ORDER EXECUTED] SELL 127123 GBP/USD @ 1.26986 | Strategy: ml_signal | SL: 1.27236 | TP: 1.26486","timestamp":"2026-07-10 14:08:37"}
{"level":"info","message":"Fetching 100 1h candles for USD/JPY from Twelve Data...","timestamp":"2026-07-10 14:08:37"}
{"level":"error","message":"Twelve Data candle fetch failed for USD/JPY: Request failed with status code 429. Using cache or simulator...","timestamp":"2026-07-10 14:08:37"}
{"level":"info","message":"[ORDER EXECUTED] SELL 1271 USD/JPY @ 155.483 | Strategy: ml_signal | SL: 155.733 | TP: 154.983","timestamp":"2026-07-10 14:08:37"}
{"level":"info","message":"[TICK] Balance: $15890.40 | Equity: $15890.40 | Positions: [ml_signal:EUR/USD(SELL,PnL:$0.00), ml_signal:GBP/USD(SELL,PnL:$0.00), ml_signal:USD/JPY(SELL,PnL:$0.00)]","timestamp":"2026-07-10 14:08:37"}
{"level":"info","message":"[POSITION CLOSED] SELL EUR/USD closed @ 1.14347 | Realized PnL: $-7446.87 | Reason: Stop Loss Triggered (1.08739)","timestamp":"2026-07-10 14:09:38"}
{"level":"info","message":"[POSITION CLOSED] SELL GBP/USD closed @ 1.34168 | Realized PnL: $-9129.97 | Reason: Stop Loss Triggered (1.27236)","timestamp":"2026-07-10 14:09:38"}
{"level":"info","message":"[POSITION CLOSED] SELL USD/JPY closed @ 161.687 | Realized PnL: $-7885.28 | Reason: Stop Loss Triggered (155.733)","timestamp":"2026-07-10 14:09:38"}
{"level":"info","message":"Fetching 100 1h candles for EUR/USD from Twelve Data...","timestamp":"2026-07-10 14:09:38"}
{"level":"warn","message":"Calculated unit size is 0 for EUR/USD. Cancelling execution.","timestamp":"2026-07-10 14:09:39"}
{"level":"info","message":"Fetching 100 1h candles for GBP/USD from Twelve Data...","timestamp":"2026-07-10 14:09:39"}
{"level":"warn","message":"Calculated unit size is 0 for GBP/USD. Cancelling execution.","timestamp":"2026-07-10 14:09:39"}
{"level":"info","message":"Fetching 100 1h candles for USD/JPY from Twelve Data...","timestamp":"2026-07-10 14:09:39"}
{"level":"warn","message":"Calculated unit size is 0 for USD/JPY. Cancelling execution.","timestamp":"2026-07-10 14:09:40"}
{"level":"info","message":"[TICK] Balance: $-8571.72 | Equity: $-8571.72 | Positions: [None]","timestamp":"2026-07-10 14:09:40"}
{"level":"info","message":"Fetching 100 1h candles for EUR/USD from Twelve Data...","timestamp":"2026-07-10 14:10:38"}
{"level":"warn","message":"Calculated unit size is 0 for EUR/USD. Cancelling execution.","timestamp":"2026-07-10 14:10:39"}
{"level":"info","message":"Fetching 100 1h candles for GBP/USD from Twelve Data...","timestamp":"2026-07-10 14:10:39"}
{"level":"info","message":"Fetching 100 1h candles for USD/JPY from Twelve Data...","timestamp":"2026-07-10 14:10:40"}
{"level":"warn","message":"Calculated unit size is 0 for USD/JPY. Cancelling execution.","timestamp":"2026-07-10 14:10:41"}
{"level":"info","message":"[TICK] Balance: $-8571.72 | Equity: $-8571.72 | Positions: [None]","timestamp":"2026-07-10 14:10:41"}
{"level":"info","message":"Dashboard triggered manual model retrain for EUR_USD","timestamp":"2026-07-10 14:10:58"}
{"level":"info","message":"Fetching 1000 1h candles for EUR_USD from Twelve Data...","timestamp":"2026-07-10 14:10:58"}
{"level":"error","message":"Twelve Data candle fetch failed for EUR_USD: Request failed with status code 404. Using cache or simulator...","timestamp":"2026-07-10 14:10:58"}
{"level":"info","message":"Triggering model training in ML Service for EUR_USD...","timestamp":"2026-07-10 14:10:58"}
{"level":"info","message":"📊 Model retrained successfully for EUR_USD. Model ID: xgb_eur_usd_v1. Test Accuracy: 53.06%, Notes: Trained xgboost on 784 rows, validated on 196 rows.","timestamp":"2026-07-10 14:10:59"}
{"level":"info","message":"Fetching 100 1h candles for EUR/USD from Twelve Data...","timestamp":"2026-07-10 14:11:38"}
{"level":"warn","message":"Calculated unit size is 0 for EUR/USD. Cancelling execution.","timestamp":"2026-07-10 14:11:39"}
{"level":"info","message":"Fetching 100 1h candles for GBP/USD from Twelve Data...","timestamp":"2026-07-10 14:11:39"}
{"level":"info","message":"Fetching 100 1h candles for USD/JPY from Twelve Data...","timestamp":"2026-07-10 14:11:40"}
{"level":"warn","message":"Calculated unit size is 0 for USD/JPY. Cancelling execution.","timestamp":"2026-07-10 14:11:41"}
{"level":"info","message":"[TICK] Balance: $-8571.72 | Equity: $-8571.72 | Positions: [None]","timestamp":"2026-07-10 14:11:41"}
{"level":"info","message":"==================================================","timestamp":"2026-07-10 14:12:21"}
{"level":"info","message":"   Starting Forex Paper Trading Bot Engine        ","timestamp":"2026-07-10 14:12:21"}
{"level":"info","message":"==================================================","timestamp":"2026-07-10 14:12:21"}
{"level":"info","message":"Initializing JSON-file Database at: D:\\Frerlancing\\Treding Bot\\forex_bot_db.json","timestamp":"2026-07-10 14:12:21"}
{"level":"info","message":"JSON Database initialized successfully.","timestamp":"2026-07-10 14:12:21"}
{"level":"info","message":"Trading Engine Initialized. Realized PnL: $0.00. Current Account Balance: $10000.00","timestamp":"2026-07-10 14:12:21"}
{"level":"info","message":"Enabled Strategy: ma_crossover","timestamp":"2026-07-10 14:12:21"}
{"level":"info","message":"Enabled Strategy: rsi_reversion","timestamp":"2026-07-10 14:12:21"}
{"level":"info","message":"Enabled Strategy: bollinger_bands","timestamp":"2026-07-10 14:12:21"}
{"level":"info","message":"Enabled Strategy: ml_signal (Python microservice)","timestamp":"2026-07-10 14:12:21"}
{"level":"info","message":"Checking ML Service connectivity and models...","timestamp":"2026-07-10 14:12:21"}
{"level":"info","message":"Fetching 50 1h candles for EUR/USD from Twelve Data...","timestamp":"2026-07-10 14:12:21"}
{"level":"info","message":"ML model for EUR/USD is loaded and ready.","timestamp":"2026-07-10 14:12:21"}
{"level":"info","message":"Fetching 50 1h candles for GBP/USD from Twelve Data...","timestamp":"2026-07-10 14:12:21"}
{"level":"info","message":"ML model for GBP/USD is loaded and ready.","timestamp":"2026-07-10 14:12:22"}
{"level":"info","message":"Fetching 50 1h candles for USD/JPY from Twelve Data...","timestamp":"2026-07-10 14:12:22"}
{"level":"info","message":"ML model for USD/JPY is loaded and ready.","timestamp":"2026-07-10 14:12:23"}
{"level":"info","message":"Starting execution loop. Polling interval: 60 seconds.","timestamp":"2026-07-10 14:12:23"}
{"level":"info","message":"🚀 Unified REST & WebSocket server running at http://localhost:4000","timestamp":"2026-07-10 14:12:23"}
{"level":"info","message":"Fetching 100 1h candles for EUR/USD from Twelve Data...","timestamp":"2026-07-10 14:12:23"}
{"level":"info","message":"[ORDER EXECUTED] SELL 80000 EUR/USD @ 1.14307 | Strategy: ml_signal | SL: 1.14557 | TP: 1.13807","timestamp":"2026-07-10 14:12:24"}
{"level":"info","message":"Fetching 100 1h candles for GBP/USD from Twelve Data...","timestamp":"2026-07-10 14:12:24"}
{"level":"info","message":"Fetching 100 1h candles for USD/JPY from Twelve Data...","timestamp":"2026-07-10 14:12:25"}
{"level":"error","message":"Twelve Data candle fetch failed for USD/JPY: Request failed with status code 429. Using cache or simulator...","timestamp":"2026-07-10 14:12:25"}
{"level":"info","message":"[ORDER EXECUTED] BUY 1333 USD/JPY @ 161.637 | Strategy: ma_crossover_scalper | SL: 161.487 | TP: 161.687","timestamp":"2026-07-10 14:12:25"}
{"level":"info","message":"[ORDER EXECUTED] SELL 800 USD/JPY @ 161.612 | Strategy: ml_signal | SL: 161.862 | TP: 161.112","timestamp":"2026-07-10 14:12:25"}
{"level":"info","message":"[TICK] Balance: $10000.00 | Equity: $10000.00 | Positions: [ml_signal:EUR/USD(SELL,PnL:$0.00), ma_crossover_scalper:USD/JPY(BUY,PnL:$0.00), ml_signal:USD/JPY(SELL,PnL:$0.00)]","timestamp":"2026-07-10 14:12:25"}
{"level":"info","message":"Fetching 100 1h candles for EUR/USD from Twelve Data...","timestamp":"2026-07-10 14:13:26"}
{"level":"info","message":"Fetching 100 1h candles for GBP/USD from Twelve Data...","timestamp":"2026-07-10 14:13:27"}
{"level":"info","message":"Fetching 100 1h candles for USD/JPY from Twelve Data...","timestamp":"2026-07-10 14:13:28"}
{"level":"info","message":"[TICK] Balance: $10000.00 | Equity: $9941.19 | Positions: [ml_signal:EUR/USD(SELL,PnL:$-16.40), ma_crossover_scalper:USD/JPY(BUY,PnL:$-26.03), ml_signal:USD/JPY(SELL,PnL:$-16.38)]","timestamp":"2026-07-10 14:13:28"}
{"level":"info","message":"Fetching 100 1h candles for EUR/USD from Twelve Data...","timestamp":"2026-07-10 14:14:26"}
{"level":"info","message":"Fetching 100 1h candles for GBP/USD from Twelve Data...","timestamp":"2026-07-10 14:14:27"}
{"level":"info","message":"Fetching 100 1h candles for USD/JPY from Twelve Data...","timestamp":"2026-07-10 14:14:27"}
{"level":"info","message":"[TICK] Balance: $10000.00 | Equity: $9911.92 | Positions: [ml_signal:EUR/USD(SELL,PnL:$-32.40), ma_crossover_scalper:USD/JPY(BUY,PnL:$-59.21), ml_signal:USD/JPY(SELL,PnL:$3.54)]","timestamp":"2026-07-10 14:14:28"}
{"level":"info","message":"Dashboard triggered manual model retrain for EUR_USD","timestamp":"2026-07-10 14:15:07"}
{"level":"info","message":"Fetching 1000 1h candles for EUR_USD from Twelve Data...","timestamp":"2026-07-10 14:15:07"}
{"level":"error","message":"Twelve Data candle fetch failed for EUR_USD: Request failed with status code 404. Using cache or simulator...","timestamp":"2026-07-10 14:15:08"}
{"level":"info","message":"Triggering model training in ML Service for EUR_USD...","timestamp":"2026-07-10 14:15:08"}
{"level":"info","message":"📊 Model retrained successfully for EUR_USD. Model ID: xgb_eur_usd_v1. Test Accuracy: 53.06%, Notes: Trained xgboost on 784 rows, validated on 196 rows.","timestamp":"2026-07-10 14:15:08"}
{"level":"info","message":"Fetching 100 1h candles for EUR/USD from Twelve Data...","timestamp":"2026-07-10 14:15:26"}
{"level":"info","message":"Fetching 100 1h candles for GBP/USD from Twelve Data...","timestamp":"2026-07-10 14:15:27"}
{"level":"info","message":"Fetching 100 1h candles for USD/JPY from Twelve Data...","timestamp":"2026-07-10 14:15:28"}
{"level":"info","message":"[TICK] Balance: $10000.00 | Equity: $9900.15 | Positions: [ml_signal:EUR/USD(SELL,PnL:$-38.80), ma_crossover_scalper:USD/JPY(BUY,PnL:$-72.66), ml_signal:USD/JPY(SELL,PnL:$11.61)]","timestamp":"2026-07-10 14:15:29"}
{"level":"info","message":"Fetching 100 1h candles for EUR/USD from Twelve Data...","timestamp":"2026-07-10 14:16:26"}
{"level":"info","message":"Fetching 100 1h candles for GBP/USD from Twelve Data...","timestamp":"2026-07-10 14:16:27"}
{"level":"info","message":"Fetching 100 1h candles for USD/JPY from Twelve Data...","timestamp":"2026-07-10 14:16:28"}
{"level":"info","message":"[TICK] Balance: $10000.00 | Equity: $9909.57 | Positions: [ml_signal:EUR/USD(SELL,PnL:$-42.80), ma_crossover_scalper:USD/JPY(BUY,PnL:$-39.08), ml_signal:USD/JPY(SELL,PnL:$-8.54)]","timestamp":"2026-07-10 14:16:29"}
{"level":"info","message":"Fetching 100 1h candles for EUR/USD from Twelve Data...","timestamp":"2026-07-10 14:17:26"}
{"level":"info","message":"Fetching 100 1h candles for GBP/USD from Twelve Data...","timestamp":"2026-07-10 14:17:27"}
{"level":"info","message":"Fetching 100 1h candles for USD/JPY from Twelve Data...","timestamp":"2026-07-10 14:17:28"}
{"level":"info","message":"[TICK] Balance: $10000.00 | Equity: $9915.87 | Positions: [ml_signal:EUR/USD(SELL,PnL:$-26.80), ma_crossover_scalper:USD/JPY(BUY,PnL:$-63.34), ml_signal:USD/JPY(SELL,PnL:$6.02)]","timestamp":"2026-07-10 14:17:29"}
{"level":"info","message":"Fetching 100 1h candles for EUR/USD from Twelve Data...","timestamp":"2026-07-10 14:18:26"}
{"level":"info","message":"Fetching 100 1h candles for GBP/USD from Twelve Data...","timestamp":"2026-07-10 14:18:27"}
{"level":"info","message":"Fetching 100 1h candles for USD/JPY from Twelve Data...","timestamp":"2026-07-10 14:18:27"}
{"level":"info","message":"[TICK] Balance: $10000.00 | Equity: $9938.28 | Positions: [ml_signal:EUR/USD(SELL,PnL:$-16.40), ma_crossover_scalper:USD/JPY(BUY,PnL:$-33.33), ml_signal:USD/JPY(SELL,PnL:$-12.00)]","timestamp":"2026-07-10 14:18:28"}
{"level":"info","message":"Fetching 100 1h candles for EUR/USD from Twelve Data...","timestamp":"2026-07-10 14:19:26"}
{"level":"info","message":"Fetching 100 1h candles for GBP/USD from Twelve Data...","timestamp":"2026-07-10 14:19:27"}
{"level":"info","message":"Fetching 100 1h candles for USD/JPY from Twelve Data...","timestamp":"2026-07-10 14:19:28"}
{"level":"info","message":"[TICK] Balance: $10000.00 | Equity: $9919.35 | Positions: [ml_signal:EUR/USD(SELL,PnL:$-37.20), ma_crossover_scalper:USD/JPY(BUY,PnL:$-28.63), ml_signal:USD/JPY(SELL,PnL:$-14.82)]","timestamp":"2026-07-10 14:19:29"}
{"level":"info","message":"Fetching 100 1h candles for EUR/USD from Twelve Data...","timestamp":"2026-07-10 14:20:26"}
{"level":"info","message":"Fetching 100 1h candles for GBP/USD from Twelve Data...","timestamp":"2026-07-10 14:20:27"}
{"level":"info","message":"Fetching 100 1h candles for USD/JPY from Twelve Data...","timestamp":"2026-07-10 14:20:28"}
{"level":"info","message":"[TICK] Balance: $10000.00 | Equity: $9904.87 | Positions: [ml_signal:EUR/USD(SELL,PnL:$-42.00), ma_crossover_scalper:USD/JPY(BUY,PnL:$-52.85), ml_signal:USD/JPY(SELL,PnL:$-0.28)]","timestamp":"2026-07-10 14:20:29"}
{"level":"info","message":"Fetching 100 1h candles for EUR/USD from Twelve Data...","timestamp":"2026-07-10 14:21:26"}
{"level":"info","message":"Fetching 100 1h candles for GBP/USD from Twelve Data...","timestamp":"2026-07-10 14:21:27"}
{"level":"info","message":"Fetching 100 1h candles for USD/JPY from Twelve Data...","timestamp":"2026-07-10 14:21:27"}
{"level":"info","message":"[TICK] Balance: $10000.00 | Equity: $9933.98 | Positions: [ml_signal:EUR/USD(SELL,PnL:$-27.60), ma_crossover_scalper:USD/JPY(BUY,PnL:$-16.06), ml_signal:USD/JPY(SELL,PnL:$-22.36)]","timestamp":"2026-07-10 14:21:28"}
{"level":"info","message":"Fetching 100 1h candles for EUR/USD from Twelve Data...","timestamp":"2026-07-10 14:22:26"}
{"level":"info","message":"Fetching 100 1h candles for GBP/USD from Twelve Data...","timestamp":"2026-07-10 14:22:27"}
{"level":"info","message":"Fetching 100 1h candles for USD/JPY from Twelve Data...","timestamp":"2026-07-10 14:22:28"}
{"level":"info","message":"[TICK] Balance: $10000.00 | Equity: $9933.91 | Positions: [ml_signal:EUR/USD(SELL,PnL:$-30.80), ma_crossover_scalper:USD/JPY(BUY,PnL:$-8.22), ml_signal:USD/JPY(SELL,PnL:$-27.06)]","timestamp":"2026-07-10 14:22:29"}
{"level":"info","message":"Fetching 100 1h candles for EUR/USD from Twelve Data...","timestamp":"2026-07-10 14:23:26"}
{"level":"info","message":"Fetching 100 1h candles for GBP/USD from Twelve Data...","timestamp":"2026-07-10 14:23:27"}
{"level":"info","message":"Fetching 100 1h candles for USD/JPY from Twelve Data...","timestamp":"2026-07-10 14:23:28"}
{"level":"info","message":"[TICK] Balance: $10000.00 | Equity: $9942.94 | Positions: [ml_signal:EUR/USD(SELL,PnL:$-23.60), ma_crossover_scalper:USD/JPY(BUY,PnL:$-3.65), ml_signal:USD/JPY(SELL,PnL:$-29.81)]","timestamp":"2026-07-10 14:23:29"}
{"level":"info","message":"Fetching 100 1h candles for EUR/USD from Twelve Data...","timestamp":"2026-07-10 14:24:27"}
{"level":"info","message":"Fetching 100 1h candles for GBP/USD from Twelve Data...","timestamp":"2026-07-10 14:24:28"}
{"level":"info","message":"Fetching 100 1h candles for USD/JPY from Twelve Data...","timestamp":"2026-07-10 14:24:29"}
{"level":"info","message":"[TICK] Balance: $10000.00 | Equity: $9917.62 | Positions: [ml_signal:EUR/USD(SELL,PnL:$-32.40), ma_crossover_scalper:USD/JPY(BUY,PnL:$-44.98), ml_signal:USD/JPY(SELL,PnL:$-5.01)]","timestamp":"2026-07-10 14:24:30"}
{"level":"info","message":"Fetching 100 1h candles for EUR/USD from Twelve Data...","timestamp":"2026-07-10 14:25:26"}
{"level":"info","message":"Fetching 100 1h candles for GBP/USD from Twelve Data...","timestamp":"2026-07-10 14:25:27"}
{"level":"info","message":"Fetching 100 1h candles for USD/JPY from Twelve Data...","timestamp":"2026-07-10 14:25:28"}
{"level":"info","message":"[TICK] Balance: $10000.00 | Equity: $9965.88 | Positions: [ml_signal:EUR/USD(SELL,PnL:$-12.40), ma_crossover_scalper:USD/JPY(BUY,PnL:$25.70), ml_signal:USD/JPY(SELL,PnL:$-47.42)]","timestamp":"2026-07-10 14:25:29"}
{"level":"info","message":"Fetching 100 1h candles for EUR/USD from Twelve Data...","timestamp":"2026-07-10 14:26:26"}
{"level":"info","message":"Fetching 100 1h candles for GBP/USD from Twelve Data...","timestamp":"2026-07-10 14:26:27"}
{"level":"info","message":"Fetching 100 1h candles for USD/JPY from Twelve Data...","timestamp":"2026-07-10 14:26:28"}
{"level":"info","message":"[TICK] Balance: $10000.00 | Equity: $9973.32 | Positions: [ml_signal:EUR/USD(SELL,PnL:$-11.60), ma_crossover_scalper:USD/JPY(BUY,PnL:$42.31), ml_signal:USD/JPY(SELL,PnL:$-57.39)]","timestamp":"2026-07-10 14:26:29"}
{"level":"info","message":"Fetching 100 1h candles for EUR/USD from Twelve Data...","timestamp":"2026-07-10 14:27:26"}
{"level":"info","message":"Fetching 100 1h candles for GBP/USD from Twelve Data...","timestamp":"2026-07-10 14:27:27"}
{"level":"info","message":"Fetching 100 1h candles for USD/JPY from Twelve Data...","timestamp":"2026-07-10 14:27:28"}
{"level":"info","message":"[TICK] Balance: $10000.00 | Equity: $9949.87 | Positions: [ml_signal:EUR/USD(SELL,PnL:$-26.00), ma_crossover_scalper:USD/JPY(BUY,PnL:$19.68), ml_signal:USD/JPY(SELL,PnL:$-43.81)]","timestamp":"2026-07-10 14:27:29"}
{"level":"info","message":"Fetching 100 1h candles for EUR/USD from Twelve Data...","timestamp":"2026-07-10 14:28:26"}
{"level":"info","message":"Fetching 100 1h candles for GBP/USD from Twelve Data...","timestamp":"2026-07-10 14:28:27"}
{"level":"info","message":"Fetching 100 1h candles for USD/JPY from Twelve Data...","timestamp":"2026-07-10 14:28:28"}
{"level":"info","message":"[TICK] Balance: $10000.00 | Equity: $9949.87 | Positions: [ml_signal:EUR/USD(SELL,PnL:$-26.00), ma_crossover_scalper:USD/JPY(BUY,PnL:$19.68), ml_signal:USD/JPY(SELL,PnL:$-43.81)]","timestamp":"2026-07-10 14:28:29"}
{"level":"info","message":"Fetching 100 1h candles for EUR/USD from Twelve Data...","timestamp":"2026-07-10 14:29:26"}
{"level":"info","message":"Fetching 100 1h candles for GBP/USD from Twelve Data...","timestamp":"2026-07-10 14:29:27"}
{"level":"info","message":"Fetching 100 1h candles for USD/JPY from Twelve Data...","timestamp":"2026-07-10 14:29:28"}
{"level":"info","message":"[TICK] Balance: $10000.00 | Equity: $9959.82 | Positions: [ml_signal:EUR/USD(SELL,PnL:$-28.40), ma_crossover_scalper:USD/JPY(BUY,PnL:$50.57), ml_signal:USD/JPY(SELL,PnL:$-62.35)]","timestamp":"2026-07-10 14:29:29"}
{"level":"info","message":"Fetching 100 1h candles for EUR/USD from Twelve Data...","timestamp":"2026-07-10 14:30:26"}
{"level":"info","message":"Fetching 100 1h candles for GBP/USD from Twelve Data...","timestamp":"2026-07-10 14:30:27"}
{"level":"info","message":"Fetching 100 1h candles for USD/JPY from Twelve Data...","timestamp":"2026-07-10 14:30:28"}
{"level":"info","message":"[TICK] Balance: $10000.00 | Equity: $9979.07 | Positions: [ml_signal:EUR/USD(SELL,PnL:$-13.20), ma_crossover_scalper:USD/JPY(BUY,PnL:$60.69), ml_signal:USD/JPY(SELL,PnL:$-68.42)]","timestamp":"2026-07-10 14:30:29"}
{"level":"info","message":"Fetching 100 1h candles for EUR/USD from Twelve Data...","timestamp":"2026-07-10 14:31:26"}
{"level":"info","message":"Fetching 100 1h candles for GBP/USD from Twelve Data...","timestamp":"2026-07-10 14:31:27"}
{"level":"info","message":"Fetching 100 1h candles for USD/JPY from Twelve Data...","timestamp":"2026-07-10 14:31:28"}
{"level":"info","message":"[TICK] Balance: $10000.00 | Equity: $9984.53 | Positions: [ml_signal:EUR/USD(SELL,PnL:$-7.60), ma_crossover_scalper:USD/JPY(BUY,PnL:$60.36), ml_signal:USD/JPY(SELL,PnL:$-68.22)]","timestamp":"2026-07-10 14:31:29"}
{"level":"info","message":"Fetching 100 1h candles for EUR/USD from Twelve Data...","timestamp":"2026-07-10 14:32:26"}
{"level":"info","message":"Fetching 100 1h candles for GBP/USD from Twelve Data...","timestamp":"2026-07-10 14:32:27"}
{"level":"info","message":"Fetching 100 1h candles for USD/JPY from Twelve Data...","timestamp":"2026-07-10 14:32:28"}
{"level":"info","message":"[TICK] Balance: $10000.00 | Equity: $9982.17 | Positions: [ml_signal:EUR/USD(SELL,PnL:$-6.80), ma_crossover_scalper:USD/JPY(BUY,PnL:$52.45), ml_signal:USD/JPY(SELL,PnL:$-63.48)]","timestamp":"2026-07-10 14:32:29"}
{"level":"info","message":"Fetching 100 1h candles for EUR/USD from Twelve Data...","timestamp":"2026-07-10 14:33:26"}
{"level":"info","message":"Fetching 100 1h candles for GBP/USD from Twelve Data...","timestamp":"2026-07-10 14:33:27"}
{"level":"info","message":"Fetching 100 1h candles for USD/JPY from Twelve Data...","timestamp":"2026-07-10 14:33:28"}
{"level":"info","message":"[TICK] Balance: $10000.00 | Equity: $9979.44 | Positions: [ml_signal:EUR/USD(SELL,PnL:$-13.20), ma_crossover_scalper:USD/JPY(BUY,PnL:$61.61), ml_signal:USD/JPY(SELL,PnL:$-68.98)]","timestamp":"2026-07-10 14:33:29"}
{"level":"info","message":"Fetching 100 1h candles for EUR/USD from Twelve Data...","timestamp":"2026-07-10 14:34:26"}
{"level":"info","message":"Fetching 100 1h candles for GBP/USD from Twelve Data...","timestamp":"2026-07-10 14:34:27"}
{"level":"info","message":"Fetching 100 1h candles for USD/JPY from Twelve Data...","timestamp":"2026-07-10 14:34:28"}
{"level":"info","message":"[TICK] Balance: $10000.00 | Equity: $9979.44 | Positions: [ml_signal:EUR/USD(SELL,PnL:$-13.20), ma_crossover_scalper:USD/JPY(BUY,PnL:$61.61), ml_signal:USD/JPY(SELL,PnL:$-68.98)]","timestamp":"2026-07-10 14:34:29"}
{"level":"info","message":"Fetching 100 1h candles for EUR/USD from Twelve Data...","timestamp":"2026-07-10 14:39:26"}
{"level":"info","message":"Fetching 100 1h candles for GBP/USD from Twelve Data...","timestamp":"2026-07-10 14:39:28"}
{"level":"info","message":"Fetching 100 1h candles for USD/JPY from Twelve Data...","timestamp":"2026-07-10 14:39:29"}
{"level":"info","message":"[TICK] Balance: $10000.00 | Equity: $9959.66 | Positions: [ml_signal:EUR/USD(SELL,PnL:$-22.00), ma_crossover_scalper:USD/JPY(BUY,PnL:$34.15), ml_signal:USD/JPY(SELL,PnL:$-52.50)]","timestamp":"2026-07-10 14:39:30"}
{"level":"info","message":"Fetching 100 1h candles for EUR/USD from Twelve Data...","timestamp":"2026-07-10 14:40:26"}
{"level":"info","message":"Fetching 100 1h candles for GBP/USD from Twelve Data...","timestamp":"2026-07-10 14:40:27"}
{"level":"info","message":"Fetching 100 1h candles for USD/JPY from Twelve Data...","timestamp":"2026-07-10 14:40:28"}
{"level":"info","message":"[TICK] Balance: $10000.00 | Equity: $9964.87 | Positions: [ml_signal:EUR/USD(SELL,PnL:$-25.20), ma_crossover_scalper:USD/JPY(BUY,PnL:$55.20), ml_signal:USD/JPY(SELL,PnL:$-65.13)]","timestamp":"2026-07-10 14:40:29"}
{"level":"info","message":"[POSITION CLOSED] BUY USD/JPY closed @ 161.683 | Realized PnL: $61.32 | Reason: Take Profit Triggered (161.687)","timestamp":"2026-07-10 14:41:31"}
{"level":"info","message":"Fetching 100 1h candles for EUR/USD from Twelve Data...","timestamp":"2026-07-10 14:41:31"}
{"level":"info","message":"Fetching 100 1h candles for GBP/USD from Twelve Data...","timestamp":"2026-07-10 14:41:32"}
{"level":"info","message":"Fetching 100 1h candles for USD/JPY from Twelve Data...","timestamp":"2026-07-10 14:41:33"}
{"level":"info","message":"[TICK] Balance: $10061.32 | Equity: $9969.42 | Positions: [ml_signal:EUR/USD(SELL,PnL:$-18.80), ml_signal:USD/JPY(SELL,PnL:$-73.10)]","timestamp":"2026-07-10 14:41:33"}
{"level":"info","message":"Fetching 100 1h candles for EUR/USD from Twelve Data...","timestamp":"2026-07-10 14:42:26"}
{"level":"info","message":"Fetching 100 1h candles for GBP/USD from Twelve Data...","timestamp":"2026-07-10 14:42:30"}
{"level":"info","message":"Fetching 100 1h candles for USD/JPY from Twelve Data...","timestamp":"2026-07-10 14:42:31"}
{"level":"info","message":"[TICK] Balance: $10061.32 | Equity: $9949.75 | Positions: [ml_signal:EUR/USD(SELL,PnL:$-25.20), ml_signal:USD/JPY(SELL,PnL:$-86.37)]","timestamp":"2026-07-10 14:42:32"}
{"level":"info","message":"Fetching 100 1h candles for EUR/USD from Twelve Data...","timestamp":"2026-07-10 14:43:26"}
{"level":"info","message":"Fetching 100 1h candles for GBP/USD from Twelve Data...","timestamp":"2026-07-10 14:43:27"}
{"level":"info","message":"Fetching 100 1h candles for USD/JPY from Twelve Data...","timestamp":"2026-07-10 14:43:27"}
{"level":"info","message":"[TICK] Balance: $10061.32 | Equity: $9956.60 | Positions: [ml_signal:EUR/USD(SELL,PnL:$-14.80), ml_signal:USD/JPY(SELL,PnL:$-89.92)]","timestamp":"2026-07-10 14:43:28"}
{"level":"info","message":"Dashboard triggered manual model retrain for EUR_USD","timestamp":"2026-07-10 14:44:07"}
{"level":"info","message":"Fetching 1000 1h candles for EUR_USD from Twelve Data...","timestamp":"2026-07-10 14:44:07"}
{"level":"error","message":"Twelve Data candle fetch failed for EUR_USD: Request failed with status code 404. Using cache or simulator...","timestamp":"2026-07-10 14:44:08"}
{"level":"info","message":"Triggering model training in ML Service for EUR_USD...","timestamp":"2026-07-10 14:44:08"}
{"level":"info","message":"📊 Model retrained successfully for EUR_USD. Model ID: xgb_eur_usd_v1. Test Accuracy: 53.06%, Notes: Trained xgboost on 784 rows, validated on 196 rows.","timestamp":"2026-07-10 14:44:09"}
{"level":"info","message":"Fetching 100 1h candles for EUR/USD from Twelve Data...","timestamp":"2026-07-10 14:44:26"}
{"level":"info","message":"Fetching 100 1h candles for GBP/USD from Twelve Data...","timestamp":"2026-07-10 14:44:27"}
{"level":"info","message":"Fetching 100 1h candles for USD/JPY from Twelve Data...","timestamp":"2026-07-10 14:44:28"}
{"level":"info","message":"[TICK] Balance: $10061.32 | Equity: $9951.29 | Positions: [ml_signal:EUR/USD(SELL,PnL:$-15.60), ml_signal:USD/JPY(SELL,PnL:$-94.42)]","timestamp":"2026-07-10 14:44:28"}
{"level":"info","message":"Fetching 100 1h candles for EUR/USD from Twelve Data...","timestamp":"2026-07-10 14:45:26"}
{"level":"info","message":"Fetching 100 1h candles for GBP/USD from Twelve Data...","timestamp":"2026-07-10 14:45:27"}
{"level":"info","message":"Fetching 100 1h candles for USD/JPY from Twelve Data...","timestamp":"2026-07-10 14:45:28"}
{"level":"info","message":"[TICK] Balance: $10061.32 | Equity: $9941.15 | Positions: [ml_signal:EUR/USD(SELL,PnL:$-26.80), ml_signal:USD/JPY(SELL,PnL:$-93.37)]","timestamp":"2026-07-10 14:45:28"}
{"level":"info","message":"Fetching 100 1h candles for EUR/USD from Twelve Data...","timestamp":"2026-07-10 14:46:26"}
{"level":"info","message":"Fetching 100 1h candles for GBP/USD from Twelve Data...","timestamp":"2026-07-10 14:46:26"}
{"level":"info","message":"Fetching 100 1h candles for USD/JPY from Twelve Data...","timestamp":"2026-07-10 14:46:27"}
{"level":"info","message":"[TICK] Balance: $10061.32 | Equity: $9946.11 | Positions: [ml_signal:EUR/USD(SELL,PnL:$-30.80), ml_signal:USD/JPY(SELL,PnL:$-84.41)]","timestamp":"2026-07-10 14:46:28"}
{"level":"info","message":"Fetching 100 1h candles for EUR/USD from Twelve Data...","timestamp":"2026-07-10 14:47:26"}
{"level":"info","message":"Fetching 100 1h candles for GBP/USD from Twelve Data...","timestamp":"2026-07-10 14:47:27"}
{"level":"info","message":"Fetching 100 1h candles for USD/JPY from Twelve Data...","timestamp":"2026-07-10 14:47:27"}
{"level":"info","message":"[TICK] Balance: $10061.32 | Equity: $9946.11 | Positions: [ml_signal:EUR/USD(SELL,PnL:$-30.80), ml_signal:USD/JPY(SELL,PnL:$-84.41)]","timestamp":"2026-07-10 14:47:28"}
{"level":"info","message":"Fetching 100 1h candles for EUR/USD from Twelve Data...","timestamp":"2026-07-10 14:48:26"}
{"level":"info","message":"Fetching 100 1h candles for GBP/USD from Twelve Data...","timestamp":"2026-07-10 14:48:27"}
{"level":"info","message":"Fetching 100 1h candles for USD/JPY from Twelve Data...","timestamp":"2026-07-10 14:48:27"}
{"level":"info","message":"[TICK] Balance: $10061.32 | Equity: $9960.25 | Positions: [ml_signal:EUR/USD(SELL,PnL:$-18.80), ml_signal:USD/JPY(SELL,PnL:$-82.26)]","timestamp":"2026-07-10 14:48:28"}
{"level":"info","message":"Fetching 100 1h candles for EUR/USD from Twelve Data...","timestamp":"2026-07-10 14:49:26"}
{"level":"info","message":"Fetching 100 1h candles for GBP/USD from Twelve Data...","timestamp":"2026-07-10 14:49:27"}
{"level":"info","message":"Fetching 100 1h candles for USD/JPY from Twelve Data...","timestamp":"2026-07-10 14:49:27"}
{"level":"info","message":"[TICK] Balance: $10061.32 | Equity: $9971.92 | Positions: [ml_signal:EUR/USD(SELL,PnL:$-21.20), ml_signal:USD/JPY(SELL,PnL:$-68.20)]","timestamp":"2026-07-10 14:49:28"}
{"level":"info","message":"Initializing JSON-file Database at: D:\\Frerlancing\\Treding Bot\\forex_bot_db.json","timestamp":"2026-07-10 14:50:14"}
{"level":"info","message":"JSON Database initialized successfully.","timestamp":"2026-07-10 14:50:14"}
{"level":"info","message":"Fetching 100 1h candles for EUR/USD from Twelve Data...","timestamp":"2026-07-10 14:50:26"}
{"level":"info","message":"Fetching 100 1h candles for GBP/USD from Twelve Data...","timestamp":"2026-07-10 14:50:27"}
{"level":"info","message":"[ORDER EXECUTED] SELL 80491 GBP/USD @ 1.34134 | Strategy: ml_signal | SL: 1.34384 | TP: 1.33634","timestamp":"2026-07-10 14:50:27"}
{"level":"info","message":"Fetching 100 1h candles for USD/JPY from Twelve Data...","timestamp":"2026-07-10 14:50:27"}
{"level":"info","message":"[TICK] Balance: $10061.32 | Equity: $9973.68 | Positions: [ml_signal:EUR/USD(SELL,PnL:$-27.60), ml_signal:USD/JPY(SELL,PnL:$-60.04), ml_signal:GBP/USD(SELL,PnL:$0.00)]","timestamp":"2026-07-10 14:50:28"}
{"level":"info","message":"Fetching 100 1h candles for EUR/USD from Twelve Data...","timestamp":"2026-07-10 14:51:26"}
{"level":"info","message":"Fetching 100 1h candles for GBP/USD from Twelve Data...","timestamp":"2026-07-10 14:51:27"}
{"level":"info","message":"Fetching 100 1h candles for USD/JPY from Twelve Data...","timestamp":"2026-07-10 14:51:28"}
{"level":"info","message":"[TICK] Balance: $10061.32 | Equity: $9960.12 | Positions: [ml_signal:EUR/USD(SELL,PnL:$-14.00), ml_signal:USD/JPY(SELL,PnL:$-78.34), ml_signal:GBP/USD(SELL,PnL:$-8.85)]","timestamp":"2026-07-10 14:51:28"}
{"level":"info","message":"Initializing JSON-file Database at: D:\\Frerlancing\\Treding Bot\\forex_bot_db.json","timestamp":"2026-07-10 14:52:17"}
{"level":"info","message":"JSON Database initialized successfully.","timestamp":"2026-07-10 14:52:17"}
{"level":"info","message":"Fetching 100 1h candles for EUR/USD from Twelve Data...","timestamp":"2026-07-10 14:52:27"}
{"level":"info","message":"Fetching 100 1h candles for GBP/USD from Twelve Data...","timestamp":"2026-07-10 14:52:27"}
{"level":"info","message":"Fetching 100 1h candles for USD/JPY from Twelve Data...","timestamp":"2026-07-10 14:52:28"}
{"level":"info","message":"[TICK] Balance: $10061.32 | Equity: $9966.68 | Positions: [ml_signal:EUR/USD(SELL,PnL:$-9.20), ml_signal:USD/JPY(SELL,PnL:$-82.22), ml_signal:GBP/USD(SELL,PnL:$-3.22)]","timestamp":"2026-07-10 14:52:29"}
{"level":"info","message":"Fetching 100 1h candles for EUR/USD from Twelve Data...","timestamp":"2026-07-10 14:53:26"}
{"level":"info","message":"Fetching 100 1h candles for GBP/USD from Twelve Data...","timestamp":"2026-07-10 14:53:26"}
{"level":"info","message":"Fetching 100 1h candles for USD/JPY from Twelve Data...","timestamp":"2026-07-10 14:53:27"}
{"level":"info","message":"[TICK] Balance: $10061.32 | Equity: $9942.64 | Positions: [ml_signal:EUR/USD(SELL,PnL:$-14.80), ml_signal:USD/JPY(SELL,PnL:$-87.78), ml_signal:GBP/USD(SELL,PnL:$-16.10)]","timestamp":"2026-07-10 14:53:28"}
{"level":"info","message":"Initializing JSON-file Database at: D:\\Frerlancing\\Treding Bot\\forex_bot_db.json","timestamp":"2026-07-10 14:53:49"}
{"level":"info","message":"JSON Database initialized successfully.","timestamp":"2026-07-10 14:53:49"}
{"level":"info","message":"Fetching 100 1h candles for EUR/USD from Twelve Data...","timestamp":"2026-07-10 14:54:27"}
{"level":"info","message":"Fetching 100 1h candles for GBP/USD from Twelve Data...","timestamp":"2026-07-10 14:54:27"}
{"level":"info","message":"Fetching 100 1h candles for USD/JPY from Twelve Data...","timestamp":"2026-07-10 14:54:28"}
{"level":"info","message":"[TICK] Balance: $10061.32 | Equity: $9942.64 | Positions: [ml_signal:EUR/USD(SELL,PnL:$-14.80), ml_signal:USD/JPY(SELL,PnL:$-87.78), ml_signal:GBP/USD(SELL,PnL:$-16.10)]","timestamp":"2026-07-10 14:54:29"}
{"level":"info","message":"Fetching 100 1h candles for EUR/USD from Twelve Data...","timestamp":"2026-07-10 14:55:26"}
{"level":"info","message":"Fetching 100 1h candles for GBP/USD from Twelve Data...","timestamp":"2026-07-10 14:55:27"}
{"level":"info","message":"Fetching 100 1h candles for USD/JPY from Twelve Data...","timestamp":"2026-07-10 14:55:28"}
{"level":"info","message":"[TICK] Balance: $10061.32 | Equity: $9940.20 | Positions: [ml_signal:EUR/USD(SELL,PnL:$-18.80), ml_signal:USD/JPY(SELL,PnL:$-78.17), ml_signal:GBP/USD(SELL,PnL:$-24.15)]","timestamp":"2026-07-10 14:55:29"}
{"level":"info","message":"==================================================","timestamp":"2026-07-13 19:35:08"}
{"level":"info","message":"   Starting Forex Paper Trading Bot Engine        ","timestamp":"2026-07-13 19:35:08"}
{"level":"info","message":"==================================================","timestamp":"2026-07-13 19:35:08"}
{"level":"info","message":"Initializing JSON-file Database at: D:\\Frerlancing\\Treding Bot\\forex_bot_db.json","timestamp":"2026-07-13 19:35:08"}
{"level":"info","message":"JSON Database initialized successfully.","timestamp":"2026-07-13 19:35:08"}
{"level":"info","message":"Trading Engine Initialized. Realized PnL: $0.00. Current Account Balance: $5000.00","timestamp":"2026-07-13 19:35:08"}
{"level":"info","message":"Enabled Strategy: ma_crossover","timestamp":"2026-07-13 19:35:08"}
{"level":"info","message":"Enabled Strategy: rsi_reversion","timestamp":"2026-07-13 19:35:08"}
{"level":"info","message":"Enabled Strategy: bollinger_bands","timestamp":"2026-07-13 19:35:08"}
{"level":"info","message":"Starting execution loop. Polling interval: 5 seconds.","timestamp":"2026-07-13 19:35:08"}
{"level":"info","message":"🚀 Unified REST & WebSocket server running at http://localhost:4000","timestamp":"2026-07-13 19:35:08"}
{"level":"info","message":"[SIMULATOR] Placed mock SELL order for 0.66667 EUR/USD","timestamp":"2026-07-13 19:35:08"}
{"level":"info","message":"[ORDER EXECUTED] MT5 Ticket: mock_1783951508825 | SELL 0.66667 lots EUR/USD @ 1.10500 | SL: 1.1065 | TP: 1.1045","timestamp":"2026-07-13 19:35:08"}
{"level":"info","message":"[TICK] Balance: $5000.00 | Equity: $5157.86 | Positions: [ml_signal:EUR/USD(SELL,PnL:$1.09), ml_signal:USD/JPY(SELL,PnL:$155.50), ml_signal:GBP/USD(SELL,PnL:$1.27), ma_crossover_scalper:EUR/USD(SELL,PnL:$0.00)]","timestamp":"2026-07-13 19:35:10"}
{"level":"info","message":"[SIMULATOR] Placed mock BUY order for 0.5 GBP/USD","timestamp":"2026-07-13 19:35:16"}
{"level":"info","message":"[ORDER EXECUTED] MT5 Ticket: mock_1783951516649 | BUY 0.5 lots GBP/USD @ 1.10500 | SL: 1.103 | TP: 1.109","timestamp":"2026-07-13 19:35:16"}
{"level":"warn","message":"Risk Management: Position count limit reached (5/5). Rejects signal.","timestamp":"2026-07-13 19:35:17"}
{"level":"info","message":"[TICK] Balance: $5000.00 | Equity: $5158.95 | Positions: [ml_signal:EUR/USD(SELL,PnL:$1.09), ml_signal:USD/JPY(SELL,PnL:$155.51), ml_signal:GBP/USD(SELL,PnL:$1.27), ma_crossover_scalper:EUR/USD(SELL,PnL:$1.09), bollinger_bands:GBP/USD(BUY,PnL:$0.00)]","timestamp":"2026-07-13 19:35:17"}
{"level":"warn","message":"Risk Management: Position count limit reached (5/5). Rejects signal.","timestamp":"2026-07-13 19:35:22"}
{"level":"info","message":"[TICK] Balance: $5000.00 | Equity: $5160.23 | Positions: [ml_signal:EUR/USD(SELL,PnL:$1.09), ml_signal:USD/JPY(SELL,PnL:$155.51), ml_signal:GBP/USD(SELL,PnL:$1.27), ma_crossover_scalper:EUR/USD(SELL,PnL:$1.09), bollinger_bands:GBP/USD(BUY,PnL:$1.27)]","timestamp":"2026-07-13 19:35:22"}
{"level":"warn","message":"Risk Management: Position count limit reached (5/5). Rejects signal.","timestamp":"2026-07-13 19:35:26"}
{"level":"info","message":"[TICK] Balance: $5000.00 | Equity: $5160.22 | Positions: [ml_signal:EUR/USD(SELL,PnL:$1.09), ml_signal:USD/JPY(SELL,PnL:$155.51), ml_signal:GBP/USD(SELL,PnL:$1.27), ma_crossover_scalper:EUR/USD(SELL,PnL:$1.09), bollinger_bands:GBP/USD(BUY,PnL:$1.27)]","timestamp":"2026-07-13 19:35:28"}
{"level":"warn","message":"Risk Management: Position count limit reached (5/5). Rejects signal.","timestamp":"2026-07-13 19:35:31"}
{"level":"warn","message":"Risk Management: Position count limit reached (5/5). Rejects signal.","timestamp":"2026-07-13 19:35:33"}
{"level":"info","message":"[TICK] Balance: $5000.00 | Equity: $5160.21 | Positions: [ml_signal:EUR/USD(SELL,PnL:$1.09), ml_signal:USD/JPY(SELL,PnL:$155.50), ml_signal:GBP/USD(SELL,PnL:$1.27), ma_crossover_scalper:EUR/USD(SELL,PnL:$1.09), bollinger_bands:GBP/USD(BUY,PnL:$1.27)]","timestamp":"2026-07-13 19:35:33"}
{"level":"warn","message":"Risk Management: Position count limit reached (5/5). Rejects signal.","timestamp":"2026-07-13 19:35:39"}
{"level":"info","message":"[TICK] Balance: $5000.00 | Equity: $5160.21 | Positions: [ml_signal:EUR/USD(SELL,PnL:$1.09), ml_signal:USD/JPY(SELL,PnL:$155.50), ml_signal:GBP/USD(SELL,PnL:$1.27), ma_crossover_scalper:EUR/USD(SELL,PnL:$1.09), bollinger_bands:GBP/USD(BUY,PnL:$1.27)]","timestamp":"2026-07-13 19:35:39"}
{"level":"info","message":"[TICK] Balance: $5000.00 | Equity: $5160.21 | Positions: [ml_signal:EUR/USD(SELL,PnL:$1.09), ml_signal:USD/JPY(SELL,PnL:$155.50), ml_signal:GBP/USD(SELL,PnL:$1.27), ma_crossover_scalper:EUR/USD(SELL,PnL:$1.09), bollinger_bands:GBP/USD(BUY,PnL:$1.27)]","timestamp":"2026-07-13 19:35:44"}
{"level":"info","message":"[POSITION CLOSED] SELL EUR/USD closed @ 1.08507 | Realized PnL: $1328.67 | Reason: Strategy signal CLOSE (ma_crossover_scalper)","timestamp":"2026-07-13 19:35:46"}
{"level":"info","message":"[SIMULATOR] Placed mock BUY order for 0.84382 GBP/USD","timestamp":"2026-07-13 19:35:48"}
{"level":"info","message":"[ORDER EXECUTED] MT5 Ticket: mock_1783951548279 | BUY 0.84382 lots GBP/USD @ 1.10500 | SL: 1.1035 | TP: 1.1055","timestamp":"2026-07-13 19:35:48"}
{"level":"info","message":"[POSITION CLOSED] BUY GBP/USD closed @ 1.26973 | Realized PnL: $8236.50 | Reason: Strategy signal CLOSE (bollinger_bands)","timestamp":"2026-07-13 19:35:48"}
{"level":"info","message":"[TICK] Balance: $14565.17 | Equity: $14723.03 | Positions: [ml_signal:EUR/USD(SELL,PnL:$1.09), ml_signal:USD/JPY(SELL,PnL:$155.50), ml_signal:GBP/USD(SELL,PnL:$1.27), ma_crossover_scalper:GBP/USD(BUY,PnL:$0.00)]","timestamp":"2026-07-13 19:35:49"}
{"level":"info","message":"[TICK] Balance: $14565.17 | Equity: $14724.30 | Positions: [ml_signal:EUR/USD(SELL,PnL:$1.09), ml_signal:USD/JPY(SELL,PnL:$155.50), ml_signal:GBP/USD(SELL,PnL:$1.27), ma_crossover_scalper:GBP/USD(BUY,PnL:$1.27)]","timestamp":"2026-07-13 19:35:55"}
{"level":"info","message":"[TICK] Balance: $14565.17 | Equity: $14724.30 | Positions: [ml_signal:EUR/USD(SELL,PnL:$1.09), ml_signal:USD/JPY(SELL,PnL:$155.50), ml_signal:GBP/USD(SELL,PnL:$1.27), ma_crossover_scalper:GBP/USD(BUY,PnL:$1.27)]","timestamp":"2026-07-13 19:36:01"}
{"level":"info","message":"[TICK] Balance: $14565.17 | Equity: $14724.31 | Positions: [ml_signal:EUR/USD(SELL,PnL:$1.09), ml_signal:USD/JPY(SELL,PnL:$155.51), ml_signal:GBP/USD(SELL,PnL:$1.27), ma_crossover_scalper:GBP/USD(BUY,PnL:$1.27)]","timestamp":"2026-07-13 19:36:07"}
{"level":"info","message":"[TICK] Balance: $14565.17 | Equity: $14724.30 | Positions: [ml_signal:EUR/USD(SELL,PnL:$1.09), ml_signal:USD/JPY(SELL,PnL:$155.50), ml_signal:GBP/USD(SELL,PnL:$1.27), ma_crossover_scalper:GBP/USD(BUY,PnL:$1.27)]","timestamp":"2026-07-13 19:36:13"}
{"level":"info","message":"[SIMULATOR] Placed mock SELL order for 1.45652 EUR/USD","timestamp":"2026-07-13 19:36:16"}
{"level":"info","message":"[ORDER EXECUTED] MT5 Ticket: mock_1783951576481 | SELL 1.45652 lots EUR/USD @ 1.10500 | SL: 1.107 | TP: 1.101","timestamp":"2026-07-13 19:36:16"}
{"level":"warn","message":"Risk Management: Position count limit reached (5/5). Rejects signal.","timestamp":"2026-07-13 19:36:18"}
{"level":"warn","message":"Risk Management: Position count limit reached (5/5). Rejects signal.","timestamp":"2026-07-13 19:36:21"}
{"level":"info","message":"[TICK] Balance: $14565.17 | Equity: $14724.31 | Positions: [ml_signal:EUR/USD(SELL,PnL:$1.09), ml_signal:USD/JPY(SELL,PnL:$155.51), ml_signal:GBP/USD(SELL,PnL:$1.27), ma_crossover_scalper:GBP/USD(BUY,PnL:$1.27), bollinger_bands:EUR/USD(SELL,PnL:$0.00)]","timestamp":"2026-07-13 19:36:21"}
{"level":"info","message":"[TICK] Balance: $14565.17 | Equity: $14725.39 | Positions: [ml_signal:EUR/USD(SELL,PnL:$1.09), ml_signal:USD/JPY(SELL,PnL:$155.51), ml_signal:GBP/USD(SELL,PnL:$1.27), ma_crossover_scalper:GBP/USD(BUY,PnL:$1.27), bollinger_bands:EUR/USD(SELL,PnL:$1.09)]","timestamp":"2026-07-13 19:36:28"}
{"level":"warn","message":"Risk Management: Position count limit reached (5/5). Rejects signal.","timestamp":"2026-07-13 19:36:31"}
{"level":"warn","message":"Risk Management: Position count limit reached (5/5). Rejects signal.","timestamp":"2026-07-13 19:36:34"}
{"level":"warn","message":"Risk Management: Position count limit reached (5/5). Rejects signal.","timestamp":"2026-07-13 19:36:36"}
{"level":"warn","message":"Risk Management: Position count limit reached (5/5). Rejects signal.","timestamp":"2026-07-13 19:36:36"}
{"level":"info","message":"[TICK] Balance: $14565.17 | Equity: $14725.39 | Positions: [ml_signal:EUR/USD(SELL,PnL:$1.09), ml_signal:USD/JPY(SELL,PnL:$155.51), ml_signal:GBP/USD(SELL,PnL:$1.27), ma_crossover_scalper:GBP/USD(BUY,PnL:$1.27), bollinger_bands:EUR/USD(SELL,PnL:$1.09)]","timestamp":"2026-07-13 19:36:36"}
{"level":"warn","message":"Risk Management: Position count limit reached (5/5). Rejects signal.","timestamp":"2026-07-13 19:36:45"}
{"level":"info","message":"[TICK] Balance: $14565.17 | Equity: $14725.39 | Positions: [ml_signal:EUR/USD(SELL,PnL:$1.09), ml_signal:USD/JPY(SELL,PnL:$155.51), ml_signal:GBP/USD(SELL,PnL:$1.27), ma_crossover_scalper:GBP/USD(BUY,PnL:$1.27), bollinger_bands:EUR/USD(SELL,PnL:$1.09)]","timestamp":"2026-07-13 19:36:45"}
{"level":"info","message":"[TICK] Balance: $14565.17 | Equity: $14725.39 | Positions: [ml_signal:EUR/USD(SELL,PnL:$1.09), ml_signal:USD/JPY(SELL,PnL:$155.51), ml_signal:GBP/USD(SELL,PnL:$1.27), ma_crossover_scalper:GBP/USD(BUY,PnL:$1.27), bollinger_bands:EUR/USD(SELL,PnL:$1.09)]","timestamp":"2026-07-13 19:36:54"}
{"level":"info","message":"[TICK] Balance: $14565.17 | Equity: $14725.40 | Positions: [ml_signal:EUR/USD(SELL,PnL:$1.09), ml_signal:USD/JPY(SELL,PnL:$155.51), ml_signal:GBP/USD(SELL,PnL:$1.27), ma_crossover_scalper:GBP/USD(BUY,PnL:$1.27), bollinger_bands:EUR/USD(SELL,PnL:$1.09)]","timestamp":"2026-07-13 19:37:03"}
{"level":"info","message":"[TICK] Balance: $14565.17 | Equity: $14725.40 | Positions: [ml_signal:EUR/USD(SELL,PnL:$1.09), ml_signal:USD/JPY(SELL,PnL:$155.52), ml_signal:GBP/USD(SELL,PnL:$1.27), ma_crossover_scalper:GBP/USD(BUY,PnL:$1.27), bollinger_bands:EUR/USD(SELL,PnL:$1.09)]","timestamp":"2026-07-13 19:37:12"}
{"level":"warn","message":"Risk Management: Position count limit reached (5/5). Rejects signal.","timestamp":"2026-07-13 19:37:16"}
{"level":"info","message":"[TICK] Balance: $14565.17 | Equity: $14725.40 | Positions: [ml_signal:EUR/USD(SELL,PnL:$1.09), ml_signal:USD/JPY(SELL,PnL:$155.52), ml_signal:GBP/USD(SELL,PnL:$1.27), ma_crossover_scalper:GBP/USD(BUY,PnL:$1.27), bollinger_bands:EUR/USD(SELL,PnL:$1.09)]","timestamp":"2026-07-13 19:37:21"}
{"level":"info","message":"[TICK] Balance: $14565.17 | Equity: $14725.40 | Positions: [ml_signal:EUR/USD(SELL,PnL:$1.09), ml_signal:USD/JPY(SELL,PnL:$155.51), ml_signal:GBP/USD(SELL,PnL:$1.27), ma_crossover_scalper:GBP/USD(BUY,PnL:$1.27), bollinger_bands:EUR/USD(SELL,PnL:$1.09)]","timestamp":"2026-07-13 19:37:31"}
{"level":"info","message":"[TICK] Balance: $14565.17 | Equity: $14725.40 | Positions: [ml_signal:EUR/USD(SELL,PnL:$1.09), ml_signal:USD/JPY(SELL,PnL:$155.52), ml_signal:GBP/USD(SELL,PnL:$1.27), ma_crossover_scalper:GBP/USD(BUY,PnL:$1.27), bollinger_bands:EUR/USD(SELL,PnL:$1.09)]","timestamp":"2026-07-13 19:37:42"}
{"level":"info","message":"[TICK] Balance: $14565.17 | Equity: $14725.41 | Positions: [ml_signal:EUR/USD(SELL,PnL:$1.09), ml_signal:USD/JPY(SELL,PnL:$155.53), ml_signal:GBP/USD(SELL,PnL:$1.27), ma_crossover_scalper:GBP/USD(BUY,PnL:$1.27), bollinger_bands:EUR/USD(SELL,PnL:$1.09)]","timestamp":"2026-07-13 19:37:53"}
{"level":"warn","message":"Risk Management: Position count limit reached (5/5). Rejects signal.","timestamp":"2026-07-13 19:37:57"}
{"level":"info","message":"[POSITION CLOSED] BUY GBP/USD closed @ 1.26958 | Realized PnL: $13887.59 | Reason: Strategy signal CLOSE (ma_crossover_scalper)","timestamp":"2026-07-13 19:38:01"}
{"level":"info","message":"[TICK] Balance: $28452.76 | Equity: $28611.74 | Positions: [ml_signal:EUR/USD(SELL,PnL:$1.09), ml_signal:USD/JPY(SELL,PnL:$155.53), ml_signal:GBP/USD(SELL,PnL:$1.27), bollinger_bands:EUR/USD(SELL,PnL:$1.09)]","timestamp":"2026-07-13 19:38:05"}
{"level":"info","message":"[SIMULATOR] Placed mock BUY order for 0.02845 USD/JPY","timestamp":"2026-07-13 19:38:16"}
{"level":"info","message":"[ORDER EXECUTED] MT5 Ticket: mock_1783951696909 | BUY 0.02845 lots USD/JPY @ 1.105 | SL: 0.905 | TP: 1.505","timestamp":"2026-07-13 19:38:16"}
{"level":"info","message":"[TICK] Balance: $28452.76 | Equity: $28611.74 | Positions: [ml_signal:EUR/USD(SELL,PnL:$1.09), ml_signal:USD/JPY(SELL,PnL:$155.54), ml_signal:GBP/USD(SELL,PnL:$1.27), bollinger_bands:EUR/USD(SELL,PnL:$1.09), bollinger_bands:USD/JPY(BUY,PnL:$0.00)]","timestamp":"2026-07-13 19:38:17"}
{"level":"warn","message":"Risk Management: Position count limit reached (5/5). Rejects signal.","timestamp":"2026-07-13 19:38:28"}
{"level":"info","message":"[POSITION CLOSED] BUY USD/JPY closed @ 155.525 | Realized PnL: $439324.90 | Reason: Strategy signal CLOSE (bollinger_bands)","timestamp":"2026-07-13 19:38:28"}
{"level":"info","message":"[TICK] Balance: $467777.66 | Equity: $467936.64 | Positions: [ml_signal:EUR/USD(SELL,PnL:$1.09), ml_signal:USD/JPY(SELL,PnL:$155.54), ml_signal:GBP/USD(SELL,PnL:$1.27), bollinger_bands:EUR/USD(SELL,PnL:$1.09)]","timestamp":"2026-07-13 19:38:28"}
{"level":"info","message":"[SIMULATOR] Placed mock SELL order for 0.6237 USD/JPY","timestamp":"2026-07-13 19:38:40"}
{"level":"info","message":"[ORDER EXECUTED] MT5 Ticket: mock_1783951720566 | SELL 0.6237 lots USD/JPY @ 1.105 | SL: 1.255 | TP: 1.055","timestamp":"2026-07-13 19:38:40"}
{"level":"info","message":"[TICK] Balance: $467777.66 | Equity: $467936.63 | Positions: [ml_signal:EUR/USD(SELL,PnL:$1.09), ml_signal:USD/JPY(SELL,PnL:$155.53), ml_signal:GBP/USD(SELL,PnL:$1.27), bollinger_bands:EUR/USD(SELL,PnL:$1.09), ma_crossover_scalper:USD/JPY(SELL,PnL:$0.00)]","timestamp":"2026-07-13 19:38:40"}
{"level":"info","message":"[POSITION CLOSED] SELL USD/JPY closed @ 155.532 | Realized PnL: $-9631611.99 | Reason: Strategy signal CLOSE (ma_crossover_scalper)","timestamp":"2026-07-13 19:38:52"}
{"level":"info","message":"[TICK] Balance: $-9163834.33 | Equity: $-9163675.36 | Positions: [ml_signal:EUR/USD(SELL,PnL:$1.09), ml_signal:USD/JPY(SELL,PnL:$155.53), ml_signal:GBP/USD(SELL,PnL:$1.27), bollinger_bands:EUR/USD(SELL,PnL:$1.09)]","timestamp":"2026-07-13 19:38:52"}
{"level":"warn","message":"Calculated unit size is 0 for EUR/USD. Cancelling execution.","timestamp":"2026-07-13 19:38:57"}
{"level":"info","message":"[POSITION CLOSED] SELL EUR/USD closed @ 1.08502 | Realized PnL: $2910.13 | Reason: Strategy signal CLOSE (bollinger_bands)","timestamp":"2026-07-13 19:38:57"}
{"level":"info","message":"[TICK] Balance: $-9160924.20 | Equity: $-9160766.31 | Positions: [ml_signal:EUR/USD(SELL,PnL:$1.09), ml_signal:USD/JPY(SELL,PnL:$155.54), ml_signal:GBP/USD(SELL,PnL:$1.27)]","timestamp":"2026-07-13 19:39:06"}
{"level":"warn","message":"Calculated unit size is 0 for GBP/USD. Cancelling execution.","timestamp":"2026-07-13 19:39:14"}
{"level":"info","message":"[TICK] Balance: $-9160924.20 | Equity: $-9160766.31 | Positions: [ml_signal:EUR/USD(SELL,PnL:$1.09), ml_signal:USD/JPY(SELL,PnL:$155.53), ml_signal:GBP/USD(SELL,PnL:$1.27)]","timestamp":"2026-07-13 19:39:19"}
{"level":"warn","message":"Calculated unit size is 0 for GBP/USD. Cancelling execution.","timestamp":"2026-07-13 19:39:29"}
{"level":"warn","message":"Calculated unit size is 0 for USD/JPY. Cancelling execution.","timestamp":"2026-07-13 19:39:34"}
{"level":"info","message":"[TICK] Balance: $-9160924.20 | Equity: $-9160766.31 | Positions: [ml_signal:EUR/USD(SELL,PnL:$1.09), ml_signal:USD/JPY(SELL,PnL:$155.53), ml_signal:GBP/USD(SELL,PnL:$1.27)]","timestamp":"2026-07-13 19:39:34"}
{"level":"info","message":"[TICK] Balance: $-9160924.20 | Equity: $-9160766.32 | Positions: [ml_signal:EUR/USD(SELL,PnL:$1.09), ml_signal:USD/JPY(SELL,PnL:$155.53), ml_signal:GBP/USD(SELL,PnL:$1.27)]","timestamp":"2026-07-13 19:39:48"}
{"level":"info","message":"[TICK] Balance: $-9160924.20 | Equity: $-9160766.31 | Positions: [ml_signal:EUR/USD(SELL,PnL:$1.09), ml_signal:USD/JPY(SELL,PnL:$155.53), ml_signal:GBP/USD(SELL,PnL:$1.27)]","timestamp":"2026-07-13 19:40:04"}
{"level":"warn","message":"Calculated unit size is 0 for EUR/USD. Cancelling execution.","timestamp":"2026-07-13 19:40:09"}
{"level":"warn","message":"Calculated unit size is 0 for USD/JPY. Cancelling execution.","timestamp":"2026-07-13 19:40:18"}
{"level":"info","message":"[TICK] Balance: $-9160924.20 | Equity: $-9160766.31 | Positions: [ml_signal:EUR/USD(SELL,PnL:$1.09), ml_signal:USD/JPY(SELL,PnL:$155.53), ml_signal:GBP/USD(SELL,PnL:$1.27)]","timestamp":"2026-07-13 19:40:18"}
{"level":"info","message":"[TICK] Balance: $-9160924.20 | Equity: $-9160766.31 | Positions: [ml_signal:EUR/USD(SELL,PnL:$1.09), ml_signal:USD/JPY(SELL,PnL:$155.53), ml_signal:GBP/USD(SELL,PnL:$1.27)]","timestamp":"2026-07-13 19:40:34"}
{"level":"warn","message":"Calculated unit size is 0 for EUR/USD. Cancelling execution.","timestamp":"2026-07-13 19:40:40"}
{"level":"warn","message":"Calculated unit size is 0 for GBP/USD. Cancelling execution.","timestamp":"2026-07-13 19:40:45"}
{"level":"info","message":"[TICK] Balance: $-9160924.20 | Equity: $-9160766.32 | Positions: [ml_signal:EUR/USD(SELL,PnL:$1.09), ml_signal:USD/JPY(SELL,PnL:$155.53), ml_signal:GBP/USD(SELL,PnL:$1.27)]","timestamp":"2026-07-13 19:40:50"}
{"level":"info","message":"[TICK] Balance: $-9160924.20 | Equity: $-9160766.31 | Positions: [ml_signal:EUR/USD(SELL,PnL:$1.09), ml_signal:USD/JPY(SELL,PnL:$155.53), ml_signal:GBP/USD(SELL,PnL:$1.27)]","timestamp":"2026-07-13 19:41:06"}
{"level":"warn","message":"Calculated unit size is 0 for USD/JPY. Cancelling execution.","timestamp":"2026-07-13 19:41:22"}
{"level":"info","message":"[TICK] Balance: $-9160924.20 | Equity: $-9160766.31 | Positions: [ml_signal:EUR/USD(SELL,PnL:$1.09), ml_signal:USD/JPY(SELL,PnL:$155.54), ml_signal:GBP/USD(SELL,PnL:$1.27)]","timestamp":"2026-07-13 19:41:22"}
{"level":"warn","message":"Calculated unit size is 0 for USD/JPY. Cancelling execution.","timestamp":"2026-07-13 19:41:37"}
{"level":"info","message":"[TICK] Balance: $-9160924.20 | Equity: $-9160766.32 | Positions: [ml_signal:EUR/USD(SELL,PnL:$1.09), ml_signal:USD/JPY(SELL,PnL:$155.53), ml_signal:GBP/USD(SELL,PnL:$1.27)]","timestamp":"2026-07-13 19:41:37"}
{"level":"warn","message":"Calculated unit size is 0 for GBP/USD. Cancelling execution.","timestamp":"2026-07-13 19:41:48"}
{"level":"info","message":"[TICK] Balance: $-9160924.20 | Equity: $-9160766.32 | Positions: [ml_signal:EUR/USD(SELL,PnL:$1.09), ml_signal:USD/JPY(SELL,PnL:$155.52), ml_signal:GBP/USD(SELL,PnL:$1.27)]","timestamp":"2026-07-13 19:41:53"}
{"level":"warn","message":"Calculated unit size is 0 for EUR/USD. Cancelling execution.","timestamp":"2026-07-13 19:41:59"}
{"level":"info","message":"[TICK] Balance: $-9160924.20 | Equity: $-9160766.33 | Positions: [ml_signal:EUR/USD(SELL,PnL:$1.09), ml_signal:USD/JPY(SELL,PnL:$155.52), ml_signal:GBP/USD(SELL,PnL:$1.27)]","timestamp":"2026-07-13 19:42:09"}
{"level":"warn","message":"Calculated unit size is 0 for USD/JPY. Cancelling execution.","timestamp":"2026-07-13 19:42:26"}
{"level":"info","message":"[TICK] Balance: $-9160924.20 | Equity: $-9160766.34 | Positions: [ml_signal:EUR/USD(SELL,PnL:$1.09), ml_signal:USD/JPY(SELL,PnL:$155.51), ml_signal:GBP/USD(SELL,PnL:$1.27)]","timestamp":"2026-07-13 19:42:26"}
{"level":"warn","message":"Calculated unit size is 0 for USD/JPY. Cancelling execution.","timestamp":"2026-07-13 19:42:44"}
{"level":"info","message":"[TICK] Balance: $-9160924.20 | Equity: $-9160766.34 | Positions: [ml_signal:EUR/USD(SELL,PnL:$1.09), ml_signal:USD/JPY(SELL,PnL:$155.51), ml_signal:GBP/USD(SELL,PnL:$1.27)]","timestamp":"2026-07-13 19:42:44"}
{"level":"warn","message":"Calculated unit size is 0 for GBP/USD. Cancelling execution.","timestamp":"2026-07-13 19:42:56"}
{"level":"info","message":"[TICK] Balance: $-9160924.20 | Equity: $-9160766.35 | Positions: [ml_signal:EUR/USD(SELL,PnL:$1.09), ml_signal:USD/JPY(SELL,PnL:$155.50), ml_signal:GBP/USD(SELL,PnL:$1.27)]","timestamp":"2026-07-13 19:43:02"}
{"level":"warn","message":"Calculated unit size is 0 for EUR/USD. Cancelling execution.","timestamp":"2026-07-13 19:43:08"}
{"level":"info","message":"[TICK] Balance: $-9160924.20 | Equity: $-9160766.35 | Positions: [ml_signal:EUR/USD(SELL,PnL:$1.08), ml_signal:USD/JPY(SELL,PnL:$155.50), ml_signal:GBP/USD(SELL,PnL:$1.27)]","timestamp":"2026-07-13 19:43:20"}
{"level":"info","message":"==================================================","timestamp":"2026-07-13 19:43:53"}
{"level":"info","message":"   Starting Forex Paper Trading Bot Engine        ","timestamp":"2026-07-13 19:43:53"}
{"level":"info","message":"==================================================","timestamp":"2026-07-13 19:43:53"}
{"level":"info","message":"Initializing JSON-file Database at: D:\\Frerlancing\\Treding Bot\\forex_bot_db.json","timestamp":"2026-07-13 19:43:53"}
{"level":"info","message":"JSON Database initialized successfully.","timestamp":"2026-07-13 19:43:53"}
{"level":"info","message":"Trading Engine Initialized. Realized PnL: $0.00. Current Account Balance: $5000.00","timestamp":"2026-07-13 19:43:53"}
{"level":"info","message":"Enabled Strategy: ma_crossover","timestamp":"2026-07-13 19:43:53"}
{"level":"info","message":"Enabled Strategy: rsi_reversion","timestamp":"2026-07-13 19:43:53"}
{"level":"info","message":"Enabled Strategy: bollinger_bands","timestamp":"2026-07-13 19:43:53"}
{"level":"info","message":"Starting execution loop. Polling interval: 5 seconds.","timestamp":"2026-07-13 19:43:53"}
{"level":"info","message":"🚀 Unified REST & WebSocket server running at http://localhost:4000","timestamp":"2026-07-13 19:43:53"}
{"level":"info","message":"[SIMULATOR] Placed mock SELL order for 0.66667 EUR/USD","timestamp":"2026-07-13 19:43:53"}
{"level":"info","message":"[ORDER EXECUTED] MT5 Ticket: mock_1783952033853 | SELL 0.66667 lots EUR/USD @ 1.10500 | SL: 1.1065 | TP: 1.1045","timestamp":"2026-07-13 19:43:53"}
{"level":"info","message":"[SIMULATOR] Placed mock SELL order for 0.5 GBP/USD","timestamp":"2026-07-13 19:43:54"}
{"level":"info","message":"[ORDER EXECUTED] MT5 Ticket: mock_1783952034007 | SELL 0.5 lots GBP/USD @ 1.10500 | SL: 1.107 | TP: 1.101","timestamp":"2026-07-13 19:43:54"}
{"level":"info","message":"[TICK] Balance: $5000.00 | Equity: $5000.00 | Positions: [ma_crossover_scalper:EUR/USD(SELL,PnL:$0.00), bollinger_bands:GBP/USD(SELL,PnL:$0.00)]","timestamp":"2026-07-13 19:43:54"}
{"level":"info","message":"[POSITION CLOSED] SELL GBP/USD closed @ 1.27015 | Realized PnL: $-8257.50 | Reason: Strategy signal CLOSE (bollinger_bands)","timestamp":"2026-07-13 19:43:59"}
{"level":"info","message":"[TICK] Balance: $-3257.50 | Equity: $-3256.41 | Positions: [ma_crossover_scalper:EUR/USD(SELL,PnL:$1.09)]","timestamp":"2026-07-13 19:44:00"}
{"level":"warn","message":"Calculated unit size is 0 for GBP/USD. Cancelling execution.","timestamp":"2026-07-13 19:44:05"}
{"level":"info","message":"[TICK] Balance: $-3257.50 | Equity: $-3256.41 | Positions: [ma_crossover_scalper:EUR/USD(SELL,PnL:$1.09)]","timestamp":"2026-07-13 19:44:05"}
{"level":"info","message":"[TICK] Balance: $-3257.50 | Equity: $-3256.41 | Positions: [ma_crossover_scalper:EUR/USD(SELL,PnL:$1.09)]","timestamp":"2026-07-13 19:44:11"}
{"level":"info","message":"[TICK] Balance: $-3257.50 | Equity: $-3256.41 | Positions: [ma_crossover_scalper:EUR/USD(SELL,PnL:$1.09)]","timestamp":"2026-07-13 19:44:16"}
{"level":"info","message":"[TICK] Balance: $-3257.50 | Equity: $-3256.41 | Positions: [ma_crossover_scalper:EUR/USD(SELL,PnL:$1.09)]","timestamp":"2026-07-13 19:44:22"}
{"level":"info","message":"[TICK] Balance: $-3257.50 | Equity: $-3256.41 | Positions: [ma_crossover_scalper:EUR/USD(SELL,PnL:$1.09)]","timestamp":"2026-07-13 19:44:27"}
{"level":"warn","message":"Calculated unit size is 0 for GBP/USD. Cancelling execution.","timestamp":"2026-07-13 19:44:31"}
{"level":"info","message":"[TICK] Balance: $-3257.50 | Equity: $-3256.41 | Positions: [ma_crossover_scalper:EUR/USD(SELL,PnL:$1.09)]","timestamp":"2026-07-13 19:44:32"}
{"level":"info","message":"[TICK] Balance: $-3257.50 | Equity: $-3256.41 | Positions: [ma_crossover_scalper:EUR/USD(SELL,PnL:$1.09)]","timestamp":"2026-07-13 19:44:38"}
{"level":"warn","message":"Calculated unit size is 0 for USD/JPY. Cancelling execution.","timestamp":"2026-07-13 19:44:43"}
{"level":"info","message":"[TICK] Balance: $-3257.50 | Equity: $-3256.41 | Positions: [ma_crossover_scalper:EUR/USD(SELL,PnL:$1.09)]","timestamp":"2026-07-13 19:44:43"}
{"level":"info","message":"[POSITION CLOSED] SELL EUR/USD closed @ 1.08511 | Realized PnL: $1326.01 | Reason: Strategy signal CLOSE (ma_crossover_scalper)","timestamp":"2026-07-13 19:44:45"}
{"level":"info","message":"[TICK] Balance: $-1931.49 | Equity: $-1931.49 | Positions: [None]","timestamp":"2026-07-13 19:44:48"}
{"level":"warn","message":"Calculated unit size is 0 for GBP/USD. Cancelling execution.","timestamp":"2026-07-13 19:44:52"}
{"level":"info","message":"[TICK] Balance: $-1931.49 | Equity: $-1931.49 | Positions: [None]","timestamp":"2026-07-13 19:44:54"}
{"level":"info","message":"[TICK] Balance: $-1931.49 | Equity: $-1931.49 | Positions: [None]","timestamp":"2026-07-13 19:44:59"}
{"level":"warn","message":"Calculated unit size is 0 for EUR/USD. Cancelling execution.","timestamp":"2026-07-13 19:45:01"}
{"level":"warn","message":"Calculated unit size is 0 for USD/JPY. Cancelling execution.","timestamp":"2026-07-13 19:45:05"}
{"level":"info","message":"[TICK] Balance: $-1931.49 | Equity: $-1931.49 | Positions: [None]","timestamp":"2026-07-13 19:45:05"}
{"level":"info","message":"[TICK] Balance: $-1931.49 | Equity: $-1931.49 | Positions: [None]","timestamp":"2026-07-13 19:45:11"}
{"level":"info","message":"[TICK] Balance: $-1931.49 | Equity: $-1931.49 | Positions: [None]","timestamp":"2026-07-13 19:45:18"}
{"level":"info","message":"[TICK] Balance: $-1931.49 | Equity: $-1931.49 | Positions: [None]","timestamp":"2026-07-13 19:45:25"}
{"level":"info","message":"[TICK] Balance: $-1931.49 | Equity: $-1931.49 | Positions: [None]","timestamp":"2026-07-13 19:45:33"}
{"level":"info","message":"[TICK] Balance: $-1931.49 | Equity: $-1931.49 | Positions: [None]","timestamp":"2026-07-13 19:45:41"}
{"level":"info","message":"[TICK] Balance: $-1931.49 | Equity: $-1931.49 | Positions: [None]","timestamp":"2026-07-13 19:45:48"}
{"level":"info","message":"[TICK] Balance: $-1931.49 | Equity: $-1931.49 | Positions: [None]","timestamp":"2026-07-13 19:45:56"}
{"level":"info","message":"==================================================","timestamp":"2026-07-13 19:46:16"}
{"level":"info","message":"   Starting Forex Paper Trading Bot Engine        ","timestamp":"2026-07-13 19:46:16"}
{"level":"info","message":"==================================================","timestamp":"2026-07-13 19:46:16"}
{"level":"info","message":"Initializing JSON-file Database at: D:\\Frerlancing\\Treding Bot\\forex_bot_db.json","timestamp":"2026-07-13 19:46:16"}
{"level":"info","message":"JSON Database initialized successfully.","timestamp":"2026-07-13 19:46:16"}
{"level":"info","message":"Trading Engine Initialized. Realized PnL: $0.00. Current Account Balance: $5000.00","timestamp":"2026-07-13 19:46:16"}
{"level":"info","message":"Enabled Strategy: ma_crossover","timestamp":"2026-07-13 19:46:16"}
{"level":"info","message":"Enabled Strategy: rsi_reversion","timestamp":"2026-07-13 19:46:16"}
{"level":"info","message":"Enabled Strategy: bollinger_bands","timestamp":"2026-07-13 19:46:16"}
{"level":"info","message":"Starting execution loop. Polling interval: 5 seconds.","timestamp":"2026-07-13 19:46:16"}
{"level":"info","message":"🚀 Unified REST & WebSocket server running at http://localhost:4000","timestamp":"2026-07-13 19:46:16"}
{"level":"info","message":"[SIMULATOR] Placed mock SELL order for 0.66667 EUR/USD","timestamp":"2026-07-13 19:46:16"}
{"level":"info","message":"[ORDER EXECUTED] MT5 Ticket: mock_1783952176533 | SELL 0.66667 lots EUR/USD @ 1.09953 | SL: 1.10103 | TP: 1.09903","timestamp":"2026-07-13 19:46:16"}
{"level":"info","message":"[TICK] Balance: $5000.00 | Equity: $5000.00 | Positions: [ma_crossover_scalper:EUR/USD(SELL,PnL:$0.00)]","timestamp":"2026-07-13 19:46:16"}
{"level":"info","message":"[TICK] Balance: $5000.00 | Equity: $5001.09 | Positions: [ma_crossover_scalper:EUR/USD(SELL,PnL:$1.08)]","timestamp":"2026-07-13 19:46:22"}
{"level":"info","message":"[SIMULATOR] Placed mock BUY order for 0.66667 GBP/USD","timestamp":"2026-07-13 19:46:27"}
{"level":"info","message":"[ORDER EXECUTED] MT5 Ticket: mock_1783952187913 | BUY 0.66667 lots GBP/USD @ 1.10020 | SL: 1.0987 | TP: 1.1007","timestamp":"2026-07-13 19:46:27"}
{"level":"info","message":"[TICK] Balance: $5000.00 | Equity: $5001.09 | Positions: [ma_crossover_scalper:EUR/USD(SELL,PnL:$1.09), ma_crossover_scalper:GBP/USD(BUY,PnL:$0.00)]","timestamp":"2026-07-13 19:46:28"}
{"level":"info","message":"[SIMULATOR] Placed mock SELL order for 0.01 USD/JPY","timestamp":"2026-07-13 19:46:33"}
{"level":"info","message":"[ORDER EXECUTED] MT5 Ticket: mock_1783952193750 | SELL 0.01 lots USD/JPY @ 149.999 | SL: 150.199 | TP: 149.599","timestamp":"2026-07-13 19:46:33"}
{"level":"info","message":"[TICK] Balance: $5000.00 | Equity: $5002.35 | Positions: [ma_crossover_scalper:EUR/USD(SELL,PnL:$1.09), ma_crossover_scalper:GBP/USD(BUY,PnL:$1.27), bollinger_bands:USD/JPY(SELL,PnL:$0.00)]","timestamp":"2026-07-13 19:46:33"}
{"level":"info","message":"[TICK] Balance: $5000.00 | Equity: $2260.92 | Positions: [ma_crossover_scalper:EUR/USD(SELL,PnL:$1.09), ma_crossover_scalper:GBP/USD(BUY,PnL:$1.27), bollinger_bands:USD/JPY(SELL,PnL:$-2741.43)]","timestamp":"2026-07-13 19:46:39"}
{"level":"warn","message":"Risk Management: Daily loss limit breached (PnL: $-2741.08, Limit: -$250.00). Halted trading for today.","timestamp":"2026-07-13 19:46:44"}
{"level":"info","message":"[TICK] Balance: $5000.00 | Equity: $2258.92 | Positions: [ma_crossover_scalper:EUR/USD(SELL,PnL:$1.09), ma_crossover_scalper:GBP/USD(BUY,PnL:$1.27), bollinger_bands:USD/JPY(SELL,PnL:$-2743.43)]","timestamp":"2026-07-13 19:46:44"}
{"level":"info","message":"[TICK] Balance: $5000.00 | Equity: $2258.92 | Positions: [ma_crossover_scalper:EUR/USD(SELL,PnL:$1.09), ma_crossover_scalper:GBP/USD(BUY,PnL:$1.27), bollinger_bands:USD/JPY(SELL,PnL:$-2743.43)]","timestamp":"2026-07-13 19:46:50"}
{"level":"warn","message":"Risk Management: Daily loss limit breached (PnL: $-2742.08, Limit: -$250.00). Halted trading for today.","timestamp":"2026-07-13 19:46:54"}
{"level":"info","message":"[POSITION CLOSED] SELL USD/JPY closed @ 155.488 | Realized PnL: $-2744.43 | Reason: Strategy signal CLOSE (bollinger_bands)","timestamp":"2026-07-13 19:46:55"}
{"level":"info","message":"[TICK] Balance: $2255.57 | Equity: $2257.92 | Positions: [ma_crossover_scalper:EUR/USD(SELL,PnL:$1.08), ma_crossover_scalper:GBP/USD(BUY,PnL:$1.27)]","timestamp":"2026-07-13 19:46:55"}
{"level":"info","message":"[SIMULATOR] Placed mock SELL order for 0.01 USD/JPY","timestamp":"2026-07-13 19:47:00"}
{"level":"info","message":"[ORDER EXECUTED] MT5 Ticket: mock_1783952220639 | SELL 0.01 lots USD/JPY @ 150.000 | SL: 150.15 | TP: 149.95","timestamp":"2026-07-13 19:47:00"}
{"level":"info","message":"[TICK] Balance: $2255.57 | Equity: $2257.92 | Positions: [ma_crossover_scalper:EUR/USD(SELL,PnL:$1.09), ma_crossover_scalper:GBP/USD(BUY,PnL:$1.27), ma_crossover_scalper:USD/JPY(SELL,PnL:$0.00)]","timestamp":"2026-07-13 19:47:00"}
{"level":"info","message":"[TICK] Balance: $2255.57 | Equity: $608.26 | Positions: [ma_crossover_scalper:EUR/USD(SELL,PnL:$1.08), ma_crossover_scalper:GBP/USD(BUY,PnL:$1.27), ma_crossover_scalper:USD/JPY(SELL,PnL:$-1649.66)]","timestamp":"2026-07-13 19:47:06"}
{"level":"info","message":"[TICK] Balance: $2255.57 | Equity: $610.37 | Positions: [ma_crossover_scalper:EUR/USD(SELL,PnL:$1.09), ma_crossover_scalper:GBP/USD(BUY,PnL:$1.27), ma_crossover_scalper:USD/JPY(SELL,PnL:$-1647.56)]","timestamp":"2026-07-13 19:47:11"}
{"level":"warn","message":"Risk Management: Daily loss limit breached (PnL: $-1643.70, Limit: -$250.00). Halted trading for today.","timestamp":"2026-07-13 19:47:15"}
{"level":"info","message":"[TICK] Balance: $2255.57 | Equity: $611.87 | Positions: [ma_crossover_scalper:EUR/USD(SELL,PnL:$1.09), ma_crossover_scalper:GBP/USD(BUY,PnL:$1.27), ma_crossover_scalper:USD/JPY(SELL,PnL:$-1646.05)]","timestamp":"2026-07-13 19:47:17"}
{"level":"info","message":"[TICK] Balance: $2255.57 | Equity: $612.17 | Positions: [ma_crossover_scalper:EUR/USD(SELL,PnL:$1.08), ma_crossover_scalper:GBP/USD(BUY,PnL:$1.27), ma_crossover_scalper:USD/JPY(SELL,PnL:$-1645.75)]","timestamp":"2026-07-13 19:47:22"}
{"level":"warn","message":"Risk Management: Daily loss limit breached (PnL: $-1641.89, Limit: -$250.00). Halted trading for today.","timestamp":"2026-07-13 19:47:26"}
{"level":"warn","message":"Risk Management: Daily loss limit breached (PnL: $-1641.89, Limit: -$250.00). Halted trading for today.","timestamp":"2026-07-13 19:47:28"}
{"level":"info","message":"[TICK] Balance: $2255.57 | Equity: $613.68 | Positions: [ma_crossover_scalper:EUR/USD(SELL,PnL:$1.09), ma_crossover_scalper:GBP/USD(BUY,PnL:$1.27), ma_crossover_scalper:USD/JPY(SELL,PnL:$-1644.25)]","timestamp":"2026-07-13 19:47:28"}
{"level":"warn","message":"Risk Management: Daily loss limit breached (PnL: $-1640.39, Limit: -$250.00). Halted trading for today.","timestamp":"2026-07-13 19:47:30"}
{"level":"warn","message":"Risk Management: Daily loss limit breached (PnL: $-1640.39, Limit: -$250.00). Halted trading for today.","timestamp":"2026-07-13 19:47:32"}
{"level":"info","message":"[TICK] Balance: $2255.57 | Equity: $615.18 | Positions: [ma_crossover_scalper:EUR/USD(SELL,PnL:$1.08), ma_crossover_scalper:GBP/USD(BUY,PnL:$1.27), ma_crossover_scalper:USD/JPY(SELL,PnL:$-1642.74)]","timestamp":"2026-07-13 19:47:34"}
{"level":"warn","message":"Risk Management: Daily loss limit breached (PnL: $-1639.48, Limit: -$250.00). Halted trading for today.","timestamp":"2026-07-13 19:47:36"}
{"level":"info","message":"[TICK] Balance: $2255.57 | Equity: $616.08 | Positions: [ma_crossover_scalper:EUR/USD(SELL,PnL:$1.08), ma_crossover_scalper:GBP/USD(BUY,PnL:$1.27), ma_crossover_scalper:USD/JPY(SELL,PnL:$-1641.84)]","timestamp":"2026-07-13 19:47:40"}
{"level":"warn","message":"Risk Management: Daily loss limit breached (PnL: $-1637.98, Limit: -$250.00). Halted trading for today.","timestamp":"2026-07-13 19:47:45"}
{"level":"info","message":"[TICK] Balance: $2255.57 | Equity: $617.59 | Positions: [ma_crossover_scalper:EUR/USD(SELL,PnL:$1.08), ma_crossover_scalper:GBP/USD(BUY,PnL:$1.27), ma_crossover_scalper:USD/JPY(SELL,PnL:$-1640.33)]","timestamp":"2026-07-13 19:47:47"}
{"level":"info","message":"[TICK] Balance: $2255.57 | Equity: $615.18 | Positions: [ma_crossover_scalper:EUR/USD(SELL,PnL:$1.08), ma_crossover_scalper:GBP/USD(BUY,PnL:$1.27), ma_crossover_scalper:USD/JPY(SELL,PnL:$-1642.74)]","timestamp":"2026-07-13 19:47:54"}
{"level":"info","message":"[POSITION CLOSED] SELL USD/JPY closed @ 155.451 | Realized PnL: $-1640.63 | Reason: Strategy signal CLOSE (ma_crossover_scalper)","timestamp":"2026-07-13 19:48:01"}
{"level":"info","message":"[TICK] Balance: $614.93 | Equity: $617.29 | Positions: [ma_crossover_scalper:EUR/USD(SELL,PnL:$1.08), ma_crossover_scalper:GBP/USD(BUY,PnL:$1.27)]","timestamp":"2026-07-13 19:48:01"}
{"level":"info","message":"[POSITION CLOSED] SELL EUR/USD closed @ 1.08494 | Realized PnL: $972.39 | Reason: Strategy signal CLOSE (ma_crossover_scalper)","timestamp":"2026-07-13 19:48:04"}
{"level":"info","message":"[TICK] Balance: $1587.32 | Equity: $1588.59 | Positions: [ma_crossover_scalper:GBP/USD(BUY,PnL:$1.27)]","timestamp":"2026-07-13 19:48:09"}
{"level":"info","message":"[SIMULATOR] Placed mock BUY order for 0.12699 EUR/USD","timestamp":"2026-07-13 19:48:11"}
{"level":"info","message":"[ORDER EXECUTED] MT5 Ticket: mock_1783952291522 | BUY 0.12699 lots EUR/USD @ 1.09940 | SL: 1.0969 | TP: 1.1044","timestamp":"2026-07-13 19:48:11"}
{"level":"info","message":"[SIMULATOR] Placed mock SELL order for 0.01 USD/JPY","timestamp":"2026-07-13 19:48:16"}
{"level":"info","message":"[ORDER EXECUTED] MT5 Ticket: mock_1783952296453 | SELL 0.01 lots USD/JPY @ 150.000 | SL: 150.2 | TP: 149.6","timestamp":"2026-07-13 19:48:16"}
{"level":"info","message":"[TICK] Balance: $1587.32 | Equity: $1588.59 | Positions: [ma_crossover_scalper:GBP/USD(BUY,PnL:$1.27), rsi_reversion:EUR/USD(BUY,PnL:$0.00), bollinger_bands:USD/JPY(SELL,PnL:$0.00)]","timestamp":"2026-07-13 19:48:16"}
{"level":"info","message":"[TICK] Balance: $1587.32 | Equity: $535.65 | Positions: [ma_crossover_scalper:GBP/USD(BUY,PnL:$1.27), rsi_reversion:EUR/USD(BUY,PnL:$-186.10), bollinger_bands:USD/JPY(SELL,PnL:$-866.84)]","timestamp":"2026-07-13 19:48:24"}
{"level":"info","message":"[TICK] Balance: $1587.32 | Equity: $534.60 | Positions: [ma_crossover_scalper:GBP/USD(BUY,PnL:$1.27), rsi_reversion:EUR/USD(BUY,PnL:$-186.35), bollinger_bands:USD/JPY(SELL,PnL:$-867.64)]","timestamp":"2026-07-13 19:48:33"}
{"level":"info","message":"[TICK] Balance: $1587.32 | Equity: $534.76 | Positions: [ma_crossover_scalper:GBP/USD(BUY,PnL:$1.27), rsi_reversion:EUR/USD(BUY,PnL:$-186.99), bollinger_bands:USD/JPY(SELL,PnL:$-866.84)]","timestamp":"2026-07-13 19:48:41"}
{"level":"warn","message":"Risk Management: Daily loss limit breached (PnL: $-1052.62, Limit: -$250.00). Halted trading for today.","timestamp":"2026-07-13 19:48:51"}
{"level":"info","message":"[TICK] Balance: $1587.32 | Equity: $534.70 | Positions: [ma_crossover_scalper:GBP/USD(BUY,PnL:$1.27), rsi_reversion:EUR/USD(BUY,PnL:$-186.73), bollinger_bands:USD/JPY(SELL,PnL:$-867.16)]","timestamp":"2026-07-13 19:48:51"}
{"level":"info","message":"[TICK] Balance: $1587.32 | Equity: $533.36 | Positions: [ma_crossover_scalper:GBP/USD(BUY,PnL:$1.27), rsi_reversion:EUR/USD(BUY,PnL:$-187.11), bollinger_bands:USD/JPY(SELL,PnL:$-868.11)]","timestamp":"2026-07-13 19:49:01"}
{"level":"info","message":"[TICK] Balance: $1587.32 | Equity: $533.68 | Positions: [ma_crossover_scalper:GBP/USD(BUY,PnL:$1.27), rsi_reversion:EUR/USD(BUY,PnL:$-187.11), bollinger_bands:USD/JPY(SELL,PnL:$-867.80)]","timestamp":"2026-07-13 19:49:12"}
{"level":"info","message":"[TICK] Balance: $1587.32 | Equity: $535.27 | Positions: [ma_crossover_scalper:GBP/USD(BUY,PnL:$1.27), rsi_reversion:EUR/USD(BUY,PnL:$-186.48), bollinger_bands:USD/JPY(SELL,PnL:$-866.84)]","timestamp":"2026-07-13 19:49:22"}
{"level":"warn","message":"Risk Management: Daily loss limit breached (PnL: $-1051.64, Limit: -$250.00). Halted trading for today.","timestamp":"2026-07-13 19:49:26"}
{"level":"info","message":"[POSITION CLOSED] SELL USD/JPY closed @ 155.447 | Realized PnL: $-866.05 | Reason: Strategy signal CLOSE (bollinger_bands)","timestamp":"2026-07-13 19:49:34"}
{"level":"info","message":"[TICK] Balance: $721.27 | Equity: $535.68 | Positions: [ma_crossover_scalper:GBP/USD(BUY,PnL:$1.27), rsi_reversion:EUR/USD(BUY,PnL:$-186.86)]","timestamp":"2026-07-13 19:49:34"}
{"level":"info","message":"[SIMULATOR] Placed mock BUY order for 0.01 USD/JPY","timestamp":"2026-07-13 19:49:46"}
{"level":"info","message":"[ORDER EXECUTED] MT5 Ticket: mock_1783952386140 | BUY 0.01 lots USD/JPY @ 149.999 | SL: 149.849 | TP: 150.049","timestamp":"2026-07-13 19:49:46"}
{"level":"info","message":"[TICK] Balance: $721.27 | Equity: $535.56 | Positions: [ma_crossover_scalper:GBP/USD(BUY,PnL:$1.27), rsi_reversion:EUR/USD(BUY,PnL:$-186.99), ma_crossover_scalper:USD/JPY(BUY,PnL:$0.00)]","timestamp":"2026-07-13 19:49:46"}
{"level":"info","message":"[TICK] Balance: $721.27 | Equity: $691.49 | Positions: [ma_crossover_scalper:GBP/USD(BUY,PnL:$1.27), rsi_reversion:EUR/USD(BUY,PnL:$-186.48), ma_crossover_scalper:USD/JPY(BUY,PnL:$155.42)]","timestamp":"2026-07-13 19:49:59"}
{"level":"info","message":"[POSITION CLOSED] BUY EUR/USD closed @ 1.08470 | Realized PnL: $-186.73 | Reason: Strategy signal CLOSE (rsi_reversion)","timestamp":"2026-07-13 19:50:03"}
{"level":"info","message":"[POSITION CLOSED] BUY GBP/USD closed @ 1.26990 | Realized PnL: $11313.38 | Reason: Strategy signal CLOSE (ma_crossover_scalper)","timestamp":"2026-07-13 19:50:07"}
{"level":"info","message":"[TICK] Balance: $11847.92 | Equity: $12003.35 | Positions: [ma_crossover_scalper:USD/JPY(BUY,PnL:$155.42)]","timestamp":"2026-07-13 19:50:10"}
{"level":"info","message":"[TICK] Balance: $11847.92 | Equity: $12003.34 | Positions: [ma_crossover_scalper:USD/JPY(BUY,PnL:$155.42)]","timestamp":"2026-07-13 19:50:22"}
{"level":"info","message":"[SIMULATOR] Placed mock SELL order for 1.57972 EUR/USD","timestamp":"2026-07-13 19:50:26"}
{"level":"info","message":"[ORDER EXECUTED] MT5 Ticket: mock_1783952426396 | SELL 1.57972 lots EUR/USD @ 1.10057 | SL: 1.10207 | TP: 1.10007","timestamp":"2026-07-13 19:50:26"}
{"level":"info","message":"[TICK] Balance: $11847.92 | Equity: $12003.33 | Positions: [ma_crossover_scalper:USD/JPY(BUY,PnL:$155.41), ma_crossover_scalper:EUR/USD(SELL,PnL:$0.00)]","timestamp":"2026-07-13 19:50:35"}
{"level":"info","message":"[TICK] Balance: $11847.92 | Equity: $12004.42 | Positions: [ma_crossover_scalper:USD/JPY(BUY,PnL:$155.42), ma_crossover_scalper:EUR/USD(SELL,PnL:$1.08)]","timestamp":"2026-07-13 19:50:48"}
{"level":"info","message":"[POSITION CLOSED] BUY USD/JPY closed @ 155.416 | Realized PnL: $520.01 | Reason: Strategy signal CLOSE (ma_crossover_scalper)","timestamp":"2026-07-13 19:51:02"}
{"level":"info","message":"[TICK] Balance: $12367.94 | Equity: $12369.02 | Positions: [ma_crossover_scalper:EUR/USD(SELL,PnL:$1.08)]","timestamp":"2026-07-13 19:51:02"}
{"level":"info","message":"[SIMULATOR] Placed mock BUY order for 1.64906 GBP/USD","timestamp":"2026-07-13 19:51:10"}
{"level":"info","message":"[ORDER EXECUTED] MT5 Ticket: mock_1783952470758 | BUY 1.64906 lots GBP/USD @ 1.10000 | SL: 1.0985 | TP: 1.1005","timestamp":"2026-07-13 19:51:10"}
{"level":"info","message":"[SIMULATOR] Placed mock SELL order for 0.01237 USD/JPY","timestamp":"2026-07-13 19:51:15"}
{"level":"info","message":"[ORDER EXECUTED] MT5 Ticket: mock_1783952475458 | SELL 0.01237 lots USD/JPY @ 150.000 | SL: 150.2 | TP: 149.6","timestamp":"2026-07-13 19:51:15"}
{"level":"info","message":"[TICK] Balance: $12367.94 | Equity: $12369.02 | Positions: [ma_crossover_scalper:EUR/USD(SELL,PnL:$1.08), ma_crossover_scalper:GBP/USD(BUY,PnL:$0.00), bollinger_bands:USD/JPY(SELL,PnL:$0.00)]","timestamp":"2026-07-13 19:51:15"}
{"level":"info","message":"[TICK] Balance: $12367.94 | Equity: $5637.90 | Positions: [ma_crossover_scalper:EUR/USD(SELL,PnL:$1.08), ma_crossover_scalper:GBP/USD(BUY,PnL:$1.27), bollinger_bands:USD/JPY(SELL,PnL:$-6732.39)]","timestamp":"2026-07-13 19:51:29"}
{"level":"info","message":"[TICK] Balance: $12367.94 | Equity: $5636.67 | Positions: [ma_crossover_scalper:EUR/USD(SELL,PnL:$1.08), ma_crossover_scalper:GBP/USD(BUY,PnL:$1.27), bollinger_bands:USD/JPY(SELL,PnL:$-6733.62)]","timestamp":"2026-07-13 19:51:43"}
{"level":"info","message":"[TICK] Balance: $12367.94 | Equity: $5641.62 | Positions: [ma_crossover_scalper:EUR/USD(SELL,PnL:$1.08), ma_crossover_scalper:GBP/USD(BUY,PnL:$1.27), bollinger_bands:USD/JPY(SELL,PnL:$-6728.67)]","timestamp":"2026-07-13 19:51:59"}
{"level":"warn","message":"Risk Management: Daily loss limit breached (PnL: $-6722.61, Limit: -$250.00). Halted trading for today.","timestamp":"2026-07-13 19:52:13"}
{"level":"info","message":"[TICK] Balance: $12367.94 | Equity: $5645.33 | Positions: [ma_crossover_scalper:EUR/USD(SELL,PnL:$1.08), ma_crossover_scalper:GBP/USD(BUY,PnL:$1.27), bollinger_bands:USD/JPY(SELL,PnL:$-6724.96)]","timestamp":"2026-07-13 19:52:13"}
{"level":"info","message":"[POSITION CLOSED] SELL EUR/USD closed @ 1.08481 | Realized PnL: $2489.60 | Reason: Strategy signal CLOSE (ma_crossover_scalper)","timestamp":"2026-07-13 19:52:19"}
{"level":"info","message":"[POSITION CLOSED] BUY GBP/USD closed @ 1.27007 | Realized PnL: $28045.40 | Reason: Strategy signal CLOSE (ma_crossover_scalper)","timestamp":"2026-07-13 19:52:24"}
{"level":"info","message":"[TICK] Balance: $42902.94 | Equity: $36184.16 | Positions: [bollinger_bands:USD/JPY(SELL,PnL:$-6718.78)]","timestamp":"2026-07-13 19:52:31"}
{"level":"info","message":"[TICK] Balance: $42902.94 | Equity: $36189.11 | Positions: [bollinger_bands:USD/JPY(SELL,PnL:$-6713.83)]","timestamp":"2026-07-13 19:52:49"}
{"level":"warn","message":"Risk Management: Daily loss limit breached (PnL: $-6716.30, Limit: -$250.00). Halted trading for today.","timestamp":"2026-07-13 19:52:56"}
{"level":"info","message":"[TICK] Balance: $42902.94 | Equity: $36186.64 | Positions: [bollinger_bands:USD/JPY(SELL,PnL:$-6716.30)]","timestamp":"2026-07-13 19:53:08"}
{"level":"info","message":"[TICK] Balance: $42902.94 | Equity: $36182.93 | Positions: [bollinger_bands:USD/JPY(SELL,PnL:$-6720.02)]","timestamp":"2026-07-13 19:53:26"}
{"level":"info","message":"[POSITION CLOSED] SELL USD/JPY closed @ 155.437 | Realized PnL: $-6724.96 | Reason: Strategy signal CLOSE (bollinger_bands)","timestamp":"2026-07-13 19:53:43"}
{"level":"info","message":"[TICK] Balance: $36177.98 | Equity: $36177.98 | Positions: [None]","timestamp":"2026-07-13 19:53:43"}
{"level":"info","message":"[SIMULATOR] Placed mock SELL order for 2.89424 EUR/USD","timestamp":"2026-07-13 19:53:50"}
{"level":"info","message":"[ORDER EXECUTED] MT5 Ticket: mock_1783952630055 | SELL 2.89424 lots EUR/USD @ 1.10071 | SL: 1.10321 | TP: 1.09571","timestamp":"2026-07-13 19:53:50"}
{"level":"info","message":"[TICK] Balance: $36177.98 | Equity: $36177.98 | Positions: [rsi_reversion:EUR/USD(SELL,PnL:$0.00)]","timestamp":"2026-07-13 19:54:00"}
{"level":"info","message":"[SIMULATOR] Placed mock BUY order for 0.03618 USD/JPY","timestamp":"2026-07-13 19:54:18"}
{"level":"info","message":"[ORDER EXECUTED] MT5 Ticket: mock_1783952658218 | BUY 0.03618 lots USD/JPY @ 150.000 | SL: 149.8 | TP: 150.4","timestamp":"2026-07-13 19:54:18"}
{"level":"info","message":"[TICK] Balance: $36177.98 | Equity: $36179.06 | Positions: [rsi_reversion:EUR/USD(SELL,PnL:$1.08), bollinger_bands:USD/JPY(BUY,PnL:$0.00)]","timestamp":"2026-07-13 19:54:18"}
{"level":"info","message":"[TICK] Balance: $36177.98 | Equity: $36334.48 | Positions: [rsi_reversion:EUR/USD(SELL,PnL:$1.08), bollinger_bands:USD/JPY(BUY,PnL:$155.42)]","timestamp":"2026-07-13 19:54:37"}
{"level":"info","message":"[TICK] Balance: $36177.98 | Equity: $36334.48 | Positions: [rsi_reversion:EUR/USD(SELL,PnL:$1.08), bollinger_bands:USD/JPY(BUY,PnL:$155.42)]","timestamp":"2026-07-13 19:54:56"}
{"level":"info","message":"[SIMULATOR] Placed mock SELL order for 4.82373 GBP/USD","timestamp":"2026-07-13 19:55:10"}
{"level":"info","message":"[ORDER EXECUTED] MT5 Ticket: mock_1783952710885 | SELL 4.82373 lots GBP/USD @ 1.10081 | SL: 1.10231 | TP: 1.10031","timestamp":"2026-07-13 19:55:10"}
{"level":"info","message":"[TICK] Balance: $36177.98 | Equity: $36334.48 | Positions: [rsi_reversion:EUR/USD(SELL,PnL:$1.08), bollinger_bands:USD/JPY(BUY,PnL:$155.42), ma_crossover_scalper:GBP/USD(SELL,PnL:$0.00)]","timestamp":"2026-07-13 19:55:19"}
{"level":"info","message":"[TICK] Balance: $36177.98 | Equity: $-45304.73 | Positions: [rsi_reversion:EUR/USD(SELL,PnL:$1.08), bollinger_bands:USD/JPY(BUY,PnL:$155.42), ma_crossover_scalper:GBP/USD(SELL,PnL:$-81639.21)]","timestamp":"2026-07-13 19:55:40"}
{"level":"info","message":"[TICK] Balance: $36177.98 | Equity: $-45328.85 | Positions: [rsi_reversion:EUR/USD(SELL,PnL:$1.08), bollinger_bands:USD/JPY(BUY,PnL:$155.41), ma_crossover_scalper:GBP/USD(SELL,PnL:$-81663.33)]","timestamp":"2026-07-13 19:56:05"}
{"level":"info","message":"[TICK] Balance: $36177.98 | Equity: $-45333.67 | Positions: [rsi_reversion:EUR/USD(SELL,PnL:$1.08), bollinger_bands:USD/JPY(BUY,PnL:$155.42), ma_crossover_scalper:GBP/USD(SELL,PnL:$-81668.15)]","timestamp":"2026-07-13 19:56:27"}
{"level":"info","message":"[TICK] Balance: $36177.98 | Equity: $-45357.79 | Positions: [rsi_reversion:EUR/USD(SELL,PnL:$1.08), bollinger_bands:USD/JPY(BUY,PnL:$155.42), ma_crossover_scalper:GBP/USD(SELL,PnL:$-81692.27)]","timestamp":"2026-07-13 19:56:50"}
{"level":"info","message":"[POSITION CLOSED] SELL EUR/USD closed @ 1.08474 | Realized PnL: $4621.86 | Reason: Strategy signal CLOSE (rsi_reversion)","timestamp":"2026-07-13 19:56:56"}
{"level":"info","message":"[TICK] Balance: $40799.84 | Equity: $-40727.37 | Positions: [bollinger_bands:USD/JPY(BUY,PnL:$155.41), ma_crossover_scalper:GBP/USD(SELL,PnL:$-81682.62)]","timestamp":"2026-07-13 19:57:10"}
{"level":"info","message":"[POSITION CLOSED] BUY USD/JPY closed @ 155.414 | Realized PnL: $19588.66 | Reason: Strategy signal CLOSE (bollinger_bands)","timestamp":"2026-07-13 19:57:31"}
{"level":"info","message":"[TICK] Balance: $60388.50 | Equity: $-21313.42 | Positions: [ma_crossover_scalper:GBP/USD(SELL,PnL:$-81701.92)]","timestamp":"2026-07-13 19:57:31"}
{"level":"info","message":"[TICK] Balance: $60388.50 | Equity: $-21313.42 | Positions: [ma_crossover_scalper:GBP/USD(SELL,PnL:$-81701.92)]","timestamp":"2026-07-13 19:57:52"}
{"level":"warn","message":"Risk Management: Daily loss limit breached (PnL: $-81706.74, Limit: -$250.00). Halted trading for today.","timestamp":"2026-07-13 19:58:08"}
{"level":"info","message":"[TICK] Balance: $60388.50 | Equity: $-21318.25 | Positions: [ma_crossover_scalper:GBP/USD(SELL,PnL:$-81706.74)]","timestamp":"2026-07-13 19:58:09"}
{"level":"info","message":"[TICK] Balance: $60388.50 | Equity: $-21313.42 | Positions: [ma_crossover_scalper:GBP/USD(SELL,PnL:$-81701.92)]","timestamp":"2026-07-13 19:58:23"}
{"level":"warn","message":"Risk Management: Daily loss limit breached (PnL: $-81721.21, Limit: -$250.00). Halted trading for today.","timestamp":"2026-07-13 19:58:28"}
{"level":"warn","message":"Risk Management: Daily loss limit breached (PnL: $-81721.21, Limit: -$250.00). Halted trading for today.","timestamp":"2026-07-13 19:58:38"}
{"level":"info","message":"[TICK] Balance: $60388.50 | Equity: $-21332.72 | Positions: [ma_crossover_scalper:GBP/USD(SELL,PnL:$-81721.21)]","timestamp":"2026-07-13 19:58:38"}
{"level":"warn","message":"Risk Management: Daily loss limit breached (PnL: $-81745.33, Limit: -$250.00). Halted trading for today.","timestamp":"2026-07-13 19:58:42"}
{"level":"warn","message":"Risk Management: Daily loss limit breached (PnL: $-81745.33, Limit: -$250.00). Halted trading for today.","timestamp":"2026-07-13 19:58:51"}
{"level":"info","message":"[TICK] Balance: $60388.50 | Equity: $-21356.84 | Positions: [ma_crossover_scalper:GBP/USD(SELL,PnL:$-81745.33)]","timestamp":"2026-07-13 19:58:51"}
{"level":"warn","message":"Risk Management: Daily loss limit breached (PnL: $-81779.10, Limit: -$250.00). Halted trading for today.","timestamp":"2026-07-13 19:58:56"}
{"level":"info","message":"[TICK] Balance: $60388.50 | Equity: $-21390.60 | Positions: [ma_crossover_scalper:GBP/USD(SELL,PnL:$-81779.10)]","timestamp":"2026-07-13 19:59:06"}
{"level":"info","message":"[TICK] Balance: $60388.50 | Equity: $-21409.90 | Positions: [ma_crossover_scalper:GBP/USD(SELL,PnL:$-81798.39)]","timestamp":"2026-07-13 19:59:19"}
{"level":"warn","message":"Risk Management: Daily loss limit breached (PnL: $-81783.92, Limit: -$250.00). Halted trading for today.","timestamp":"2026-07-13 19:59:33"}
{"level":"info","message":"[TICK] Balance: $60388.50 | Equity: $-21395.43 | Positions: [ma_crossover_scalper:GBP/USD(SELL,PnL:$-81783.92)]","timestamp":"2026-07-13 19:59:33"}
{"level":"info","message":"[TICK] Balance: $60388.50 | Equity: $-21409.90 | Positions: [ma_crossover_scalper:GBP/USD(SELL,PnL:$-81798.39)]","timestamp":"2026-07-13 19:59:46"}
{"level":"warn","message":"Risk Management: Daily loss limit breached (PnL: $-81817.69, Limit: -$250.00). Halted trading for today.","timestamp":"2026-07-13 19:59:55"}
{"level":"warn","message":"Risk Management: Daily loss limit breached (PnL: $-81817.69, Limit: -$250.00). Halted trading for today.","timestamp":"2026-07-13 19:59:59"}
{"level":"info","message":"[TICK] Balance: $60388.50 | Equity: $-21429.19 | Positions: [ma_crossover_scalper:GBP/USD(SELL,PnL:$-81817.69)]","timestamp":"2026-07-13 19:59:59"}
{"level":"info","message":"[TICK] Balance: $60388.50 | Equity: $-21414.72 | Positions: [ma_crossover_scalper:GBP/USD(SELL,PnL:$-81803.22)]","timestamp":"2026-07-13 20:00:13"}
{"level":"info","message":"[TICK] Balance: $60388.50 | Equity: $-21395.43 | Positions: [ma_crossover_scalper:GBP/USD(SELL,PnL:$-81783.92)]","timestamp":"2026-07-13 20:00:26"}
{"level":"info","message":"[TICK] Balance: $60388.50 | Equity: $-21405.07 | Positions: [ma_crossover_scalper:GBP/USD(SELL,PnL:$-81793.57)]","timestamp":"2026-07-13 20:00:40"}
{"level":"info","message":"[TICK] Balance: $60388.50 | Equity: $-21409.90 | Positions: [ma_crossover_scalper:GBP/USD(SELL,PnL:$-81798.39)]","timestamp":"2026-07-13 20:00:54"}
{"level":"warn","message":"Risk Management: Daily loss limit breached (PnL: $-81808.04, Limit: -$250.00). Halted trading for today.","timestamp":"2026-07-13 20:01:09"}
{"level":"info","message":"[TICK] Balance: $60388.50 | Equity: $-21419.54 | Positions: [ma_crossover_scalper:GBP/USD(SELL,PnL:$-81808.04)]","timestamp":"2026-07-13 20:01:09"}
{"level":"warn","message":"Risk Management: Daily loss limit breached (PnL: $-81803.22, Limit: -$250.00). Halted trading for today.","timestamp":"2026-07-13 20:01:14"}
{"level":"info","message":"[TICK] Balance: $60388.50 | Equity: $-21414.72 | Positions: [ma_crossover_scalper:GBP/USD(SELL,PnL:$-81803.22)]","timestamp":"2026-07-13 20:01:23"}
{"level":"info","message":"[TICK] Balance: $60388.50 | Equity: $-21395.43 | Positions: [ma_crossover_scalper:GBP/USD(SELL,PnL:$-81783.92)]","timestamp":"2026-07-13 20:01:37"}
{"level":"info","message":"[TICK] Balance: $60388.50 | Equity: $-21380.95 | Positions: [ma_crossover_scalper:GBP/USD(SELL,PnL:$-81769.45)]","timestamp":"2026-07-13 20:01:52"}
{"level":"info","message":"[TICK] Balance: $60388.50 | Equity: $-21356.84 | Positions: [ma_crossover_scalper:GBP/USD(SELL,PnL:$-81745.33)]","timestamp":"2026-07-13 20:02:06"}
{"level":"info","message":"[TICK] Balance: $60388.50 | Equity: $-21327.89 | Positions: [ma_crossover_scalper:GBP/USD(SELL,PnL:$-81716.39)]","timestamp":"2026-07-13 20:02:22"}
{"level":"info","message":"[TICK] Balance: $60388.50 | Equity: $-21352.01 | Positions: [ma_crossover_scalper:GBP/USD(SELL,PnL:$-81740.51)]","timestamp":"2026-07-13 20:02:37"}
{"level":"warn","message":"Risk Management: Daily loss limit breached (PnL: $-81754.98, Limit: -$250.00). Halted trading for today.","timestamp":"2026-07-13 20:02:43"}
{"level":"info","message":"[TICK] Balance: $60388.50 | Equity: $-21366.48 | Positions: [ma_crossover_scalper:GBP/USD(SELL,PnL:$-81754.98)]","timestamp":"2026-07-13 20:02:54"}
{"level":"warn","message":"Risk Management: Daily loss limit breached (PnL: $-81779.10, Limit: -$250.00). Halted trading for today.","timestamp":"2026-07-13 20:03:11"}
{"level":"info","message":"[TICK] Balance: $60388.50 | Equity: $-21390.60 | Positions: [ma_crossover_scalper:GBP/USD(SELL,PnL:$-81779.10)]","timestamp":"2026-07-13 20:03:11"}
{"level":"warn","message":"Risk Management: Daily loss limit breached (PnL: $-81779.10, Limit: -$250.00). Halted trading for today.","timestamp":"2026-07-13 20:03:29"}
{"level":"info","message":"[TICK] Balance: $60388.50 | Equity: $-21390.60 | Positions: [ma_crossover_scalper:GBP/USD(SELL,PnL:$-81779.10)]","timestamp":"2026-07-13 20:03:29"}
{"level":"warn","message":"Risk Management: Daily loss limit breached (PnL: $-81774.28, Limit: -$250.00). Halted trading for today.","timestamp":"2026-07-13 20:03:34"}
{"level":"warn","message":"Risk Management: Daily loss limit breached (PnL: $-81774.28, Limit: -$250.00). Halted trading for today.","timestamp":"2026-07-13 20:03:40"}
{"level":"info","message":"[TICK] Balance: $60388.50 | Equity: $-21385.78 | Positions: [ma_crossover_scalper:GBP/USD(SELL,PnL:$-81774.28)]","timestamp":"2026-07-13 20:03:46"}
{"level":"info","message":"[TICK] Balance: $60388.50 | Equity: $-21366.48 | Positions: [ma_crossover_scalper:GBP/USD(SELL,PnL:$-81754.98)]","timestamp":"2026-07-13 20:04:03"}
{"level":"info","message":"[TICK] Balance: $60388.50 | Equity: $-21352.01 | Positions: [ma_crossover_scalper:GBP/USD(SELL,PnL:$-81740.51)]","timestamp":"2026-07-13 20:04:20"}
{"level":"info","message":"[TICK] Balance: $60388.50 | Equity: $-21371.31 | Positions: [ma_crossover_scalper:GBP/USD(SELL,PnL:$-81759.80)]","timestamp":"2026-07-13 20:04:38"}
{"level":"info","message":"[TICK] Balance: $60388.50 | Equity: $-21376.13 | Positions: [ma_crossover_scalper:GBP/USD(SELL,PnL:$-81764.63)]","timestamp":"2026-07-13 20:04:55"}
{"level":"warn","message":"Risk Management: Daily loss limit breached (PnL: $-81764.63, Limit: -$250.00). Halted trading for today.","timestamp":"2026-07-13 20:05:01"}
{"level":"info","message":"[TICK] Balance: $60388.50 | Equity: $-21376.13 | Positions: [ma_crossover_scalper:GBP/USD(SELL,PnL:$-81764.63)]","timestamp":"2026-07-13 20:05:12"}
{"level":"info","message":"[TICK] Balance: $60388.50 | Equity: $-21352.01 | Positions: [ma_crossover_scalper:GBP/USD(SELL,PnL:$-81740.51)]","timestamp":"2026-07-13 20:05:31"}
{"level":"info","message":"[TICK] Balance: $60388.50 | Equity: $-21327.89 | Positions: [ma_crossover_scalper:GBP/USD(SELL,PnL:$-81716.39)]","timestamp":"2026-07-13 20:05:47"}
{"level":"warn","message":"Risk Management: Daily loss limit breached (PnL: $-81692.27, Limit: -$250.00). Halted trading for today.","timestamp":"2026-07-13 20:05:53"}
{"level":"info","message":"[TICK] Balance: $60388.50 | Equity: $-21303.77 | Positions: [ma_crossover_scalper:GBP/USD(SELL,PnL:$-81692.27)]","timestamp":"2026-07-13 20:06:04"}
{"level":"info","message":"[TICK] Balance: $60388.50 | Equity: $-21323.07 | Positions: [ma_crossover_scalper:GBP/USD(SELL,PnL:$-81711.57)]","timestamp":"2026-07-13 20:06:23"}
{"level":"info","message":"[TICK] Balance: $60388.50 | Equity: $-21313.42 | Positions: [ma_crossover_scalper:GBP/USD(SELL,PnL:$-81701.92)]","timestamp":"2026-07-13 20:06:41"}
{"level":"info","message":"==================================================","timestamp":"2026-07-13 20:07:09"}
{"level":"info","message":"   Starting Forex Paper Trading Bot Engine        ","timestamp":"2026-07-13 20:07:09"}
{"level":"info","message":"==================================================","timestamp":"2026-07-13 20:07:09"}
{"level":"info","message":"Initializing JSON-file Database at: D:\\Frerlancing\\Treding Bot\\forex_bot_db.json","timestamp":"2026-07-13 20:07:09"}
{"level":"info","message":"JSON Database initialized successfully.","timestamp":"2026-07-13 20:07:09"}
{"level":"info","message":"Trading Engine Initialized. Realized PnL: $0.00. Current Account Balance: $5000.00","timestamp":"2026-07-13 20:07:09"}
{"level":"info","message":"Enabled Strategy: ma_crossover","timestamp":"2026-07-13 20:07:09"}
{"level":"info","message":"Enabled Strategy: rsi_reversion","timestamp":"2026-07-13 20:07:09"}
{"level":"info","message":"Enabled Strategy: bollinger_bands","timestamp":"2026-07-13 20:07:09"}
{"level":"info","message":"Starting execution loop. Polling interval: 15 seconds.","timestamp":"2026-07-13 20:07:09"}
{"level":"info","message":"🚀 Unified REST & WebSocket server running at http://localhost:4000","timestamp":"2026-07-13 20:07:09"}
{"level":"info","message":"[SIMULATOR] Placed mock BUY order for 0.01 USD/JPY","timestamp":"2026-07-13 20:07:09"}
{"level":"info","message":"[ORDER EXECUTED] MT5 Ticket: mock_1783953429789 | BUY 0.01 lots USD/JPY @ 150.000 | SL: 149.85 | TP: 150.05","timestamp":"2026-07-13 20:07:09"}
{"level":"info","message":"[TICK] Balance: $5000.00 | Equity: $5000.00 | Positions: [ma_crossover_scalper:USD/JPY(BUY,PnL:$0.00)]","timestamp":"2026-07-13 20:07:09"}
{"level":"info","message":"[TICK] Balance: $5000.00 | Equity: $5155.49 | Positions: [ma_crossover_scalper:USD/JPY(BUY,PnL:$155.49)]","timestamp":"2026-07-13 20:07:25"}
{"level":"info","message":"[TICK] Balance: $5000.00 | Equity: $5155.49 | Positions: [ma_crossover_scalper:USD/JPY(BUY,PnL:$155.49)]","timestamp":"2026-07-13 20:07:40"}
{"level":"info","message":"[TICK] Balance: $5000.00 | Equity: $5155.48 | Positions: [ma_crossover_scalper:USD/JPY(BUY,PnL:$155.48)]","timestamp":"2026-07-13 20:07:55"}
{"level":"info","message":"[TICK] Balance: $5000.00 | Equity: $5155.48 | Positions: [ma_crossover_scalper:USD/JPY(BUY,PnL:$155.48)]","timestamp":"2026-07-13 20:08:11"}
{"level":"info","message":"[TICK] Balance: $5000.00 | Equity: $5155.48 | Positions: [ma_crossover_scalper:USD/JPY(BUY,PnL:$155.48)]","timestamp":"2026-07-13 20:08:26"}
{"level":"info","message":"[SIMULATOR] Placed mock BUY order for 0.5 GBP/USD","timestamp":"2026-07-13 20:08:40"}
{"level":"info","message":"[ORDER EXECUTED] MT5 Ticket: mock_1783953520881 | BUY 0.5 lots GBP/USD @ 1.27009 | SL: 1.26809 | TP: 1.27409","timestamp":"2026-07-13 20:08:40"}
{"level":"info","message":"[TICK] Balance: $5000.00 | Equity: $5155.48 | Positions: [ma_crossover_scalper:USD/JPY(BUY,PnL:$155.48), bollinger_bands:GBP/USD(BUY,PnL:$0.00)]","timestamp":"2026-07-13 20:08:41"}
{"level":"info","message":"[SIMULATOR] Placed mock BUY order for 0.66667 EUR/USD","timestamp":"2026-07-13 20:08:55"}
{"level":"info","message":"[ORDER EXECUTED] MT5 Ticket: mock_1783953535358 | BUY 0.66667 lots EUR/USD @ 1.08514 | SL: 1.08364 | TP: 1.08564","timestamp":"2026-07-13 20:08:55"}
{"level":"info","message":"[POSITION CLOSED] BUY GBP/USD closed @ 1.27002 | Realized PnL: $-3.36 | Reason: Strategy signal CLOSE (bollinger_bands)","timestamp":"2026-07-13 20:08:55"}
{"level":"info","message":"[TICK] Balance: $4996.64 | Equity: $5152.13 | Positions: [ma_crossover_scalper:USD/JPY(BUY,PnL:$155.48), ma_crossover_scalper:EUR/USD(BUY,PnL:$0.00)]","timestamp":"2026-07-13 20:08:56"}
{"level":"info","message":"[SIMULATOR] Placed mock BUY order for 0.66622 GBP/USD","timestamp":"2026-07-13 20:09:11"}
{"level":"info","message":"[ORDER EXECUTED] MT5 Ticket: mock_1783953551025 | BUY 0.66622 lots GBP/USD @ 1.27076 | SL: 1.26926 | TP: 1.27126","timestamp":"2026-07-13 20:09:11"}
{"level":"info","message":"[TICK] Balance: $4996.64 | Equity: $5136.45 | Positions: [ma_crossover_scalper:USD/JPY(BUY,PnL:$155.48), ma_crossover_scalper:EUR/USD(BUY,PnL:$-15.67), ma_crossover_scalper:GBP/USD(BUY,PnL:$0.00)]","timestamp":"2026-07-13 20:09:11"}
{"level":"info","message":"[SIMULATOR] Placed mock SELL order for 0.49966 GBP/USD","timestamp":"2026-07-13 20:09:26"}
{"level":"info","message":"[ORDER EXECUTED] MT5 Ticket: mock_1783953566394 | SELL 0.49966 lots GBP/USD @ 1.26914 | SL: 1.27114 | TP: 1.26514","timestamp":"2026-07-13 20:09:26"}
{"level":"info","message":"[TICK] Balance: $4996.64 | Equity: $5086.88 | Positions: [ma_crossover_scalper:USD/JPY(BUY,PnL:$155.47), ma_crossover_scalper:EUR/USD(BUY,PnL:$-16.34), ma_crossover_scalper:GBP/USD(BUY,PnL:$-48.90), bollinger_bands:GBP/USD(SELL,PnL:$0.00)]","timestamp":"2026-07-13 20:09:27"}
{"level":"info","message":"[POSITION CLOSED] SELL GBP/USD closed @ 1.27025 | Realized PnL: $-55.68 | Reason: Strategy signal CLOSE (bollinger_bands)","timestamp":"2026-07-13 20:09:41"}
{"level":"info","message":"[TICK] Balance: $4940.97 | Equity: $5029.87 | Positions: [ma_crossover_scalper:USD/JPY(BUY,PnL:$155.47), ma_crossover_scalper:EUR/USD(BUY,PnL:$-19.00), ma_crossover_scalper:GBP/USD(BUY,PnL:$-47.56)]","timestamp":"2026-07-13 20:09:42"}
{"level":"info","message":"[TICK] Balance: $4940.97 | Equity: $5029.20 | Positions: [ma_crossover_scalper:USD/JPY(BUY,PnL:$155.47), ma_crossover_scalper:EUR/USD(BUY,PnL:$-20.34), ma_crossover_scalper:GBP/USD(BUY,PnL:$-46.90)]","timestamp":"2026-07-13 20:09:57"}
{"level":"info","message":"[TICK] Balance: $4940.97 | Equity: $5031.86 | Positions: [ma_crossover_scalper:USD/JPY(BUY,PnL:$155.47), ma_crossover_scalper:EUR/USD(BUY,PnL:$-21.00), ma_crossover_scalper:GBP/USD(BUY,PnL:$-43.57)]","timestamp":"2026-07-13 20:10:12"}
{"level":"info","message":"[SIMULATOR] Placed mock SELL order for 0.4941 EUR/USD","timestamp":"2026-07-13 20:10:25"}
{"level":"info","message":"[ORDER EXECUTED] MT5 Ticket: mock_1783953625881 | SELL 0.4941 lots EUR/USD @ 1.08493 | SL: 1.08693 | TP: 1.08093","timestamp":"2026-07-13 20:10:25"}
{"level":"info","message":"[TICK] Balance: $4940.97 | Equity: $5030.53 | Positions: [ma_crossover_scalper:USD/JPY(BUY,PnL:$155.47), ma_crossover_scalper:EUR/USD(BUY,PnL:$-18.34), ma_crossover_scalper:GBP/USD(BUY,PnL:$-47.56), bollinger_bands:EUR/USD(SELL,PnL:$0.00)]","timestamp":"2026-07-13 20:10:27"}
{"level":"info","message":"[TICK] Balance: $4940.97 | Equity: $5024.53 | Positions: [ma_crossover_scalper:USD/JPY(BUY,PnL:$155.47), ma_crossover_scalper:EUR/USD(BUY,PnL:$-18.34), ma_crossover_scalper:GBP/USD(BUY,PnL:$-49.56), bollinger_bands:EUR/USD(SELL,PnL:$-4.01)]","timestamp":"2026-07-13 20:10:44"}
{"level":"info","message":"[POSITION CLOSED] BUY EUR/USD closed @ 1.08490 | Realized PnL: $-15.67 | Reason: Strategy signal CLOSE (ma_crossover_scalper)","timestamp":"2026-07-13 20:10:55"}
{"level":"info","message":"[POSITION CLOSED] SELL EUR/USD closed @ 1.08505 | Realized PnL: $-5.98 | Reason: Strategy signal CLOSE (bollinger_bands)","timestamp":"2026-07-13 20:10:55"}
{"level":"info","message":"[POSITION CLOSED] BUY GBP/USD closed @ 1.27006 | Realized PnL: $-46.90 | Reason: Strategy signal CLOSE (ma_crossover_scalper)","timestamp":"2026-07-13 20:10:57"}
{"level":"info","message":"[POSITION CLOSED] BUY USD/JPY closed @ 155.469 | Realized PnL: $3647.92 | Reason: Strategy signal CLOSE (ma_crossover_scalper)","timestamp":"2026-07-13 20:10:58"}
{"level":"info","message":"[TICK] Balance: $8520.33 | Equity: $8520.33 | Positions: [None]","timestamp":"2026-07-13 20:10:58"}
{"level":"info","message":"[SIMULATOR] Placed mock BUY order for 1.13604 EUR/USD","timestamp":"2026-07-13 20:11:11"}
{"level":"info","message":"[ORDER EXECUTED] MT5 Ticket: mock_1783953671172 | BUY 1.13604 lots EUR/USD @ 1.08517 | SL: 1.08367 | TP: 1.08567","timestamp":"2026-07-13 20:11:11"}
{"level":"info","message":"[TICK] Balance: $8520.33 | Equity: $8520.33 | Positions: [ma_crossover_scalper:EUR/USD(BUY,PnL:$0.00)]","timestamp":"2026-07-13 20:11:13"}
{"level":"info","message":"[SIMULATOR] Placed mock SELL order for 0.85203 EUR/USD","timestamp":"2026-07-13 20:11:26"}
{"level":"info","message":"[ORDER EXECUTED] MT5 Ticket: mock_1783953686047 | SELL 0.85203 lots EUR/USD @ 1.08473 | SL: 1.08673 | TP: 1.08073","timestamp":"2026-07-13 20:11:26"}
{"level":"info","message":"[TICK] Balance: $8520.33 | Equity: $8490.94 | Positions: [ma_crossover_scalper:EUR/USD(BUY,PnL:$-29.39), bollinger_bands:EUR/USD(SELL,PnL:$0.00)]","timestamp":"2026-07-13 20:11:29"}
{"level":"info","message":"[TICK] Balance: $8520.33 | Equity: $8463.46 | Positions: [ma_crossover_scalper:EUR/USD(BUY,PnL:$-28.25), bollinger_bands:EUR/USD(SELL,PnL:$-28.62)]","timestamp":"2026-07-13 20:11:44"}
{"level":"info","message":"[TICK] Balance: $8520.33 | Equity: $8464.03 | Positions: [ma_crossover_scalper:EUR/USD(BUY,PnL:$-25.98), bollinger_bands:EUR/USD(SELL,PnL:$-30.32)]","timestamp":"2026-07-13 20:11:59"}
{"level":"info","message":"[SIMULATOR] Placed mock BUY order for 1.13604 GBP/USD","timestamp":"2026-07-13 20:12:12"}
{"level":"info","message":"[ORDER EXECUTED] MT5 Ticket: mock_1783953732516 | BUY 1.13604 lots GBP/USD @ 1.27028 | SL: 1.26878 | TP: 1.27078","timestamp":"2026-07-13 20:12:12"}
{"level":"info","message":"[SIMULATOR] Placed mock SELL order for 0.85203 GBP/USD","timestamp":"2026-07-13 20:12:12"}
{"level":"info","message":"[ORDER EXECUTED] MT5 Ticket: mock_1783953732541 | SELL 0.85203 lots GBP/USD @ 1.27062 | SL: 1.27262 | TP: 1.26662","timestamp":"2026-07-13 20:12:12"}
{"level":"info","message":"[TICK] Balance: $8520.33 | Equity: $8463.75 | Positions: [ma_crossover_scalper:EUR/USD(BUY,PnL:$-27.12), bollinger_bands:EUR/USD(SELL,PnL:$-29.47), ma_crossover_scalper:GBP/USD(BUY,PnL:$0.00), bollinger_bands:GBP/USD(SELL,PnL:$0.00)]","timestamp":"2026-07-13 20:12:13"}
{"level":"info","message":"==================================================","timestamp":"2026-07-13 20:12:26"}
{"level":"info","message":"   Starting Forex Paper Trading Bot Engine        ","timestamp":"2026-07-13 20:12:26"}
{"level":"info","message":"==================================================","timestamp":"2026-07-13 20:12:26"}
{"level":"info","message":"Initializing JSON-file Database at: D:\\Frerlancing\\Treding Bot\\forex_bot_db.json","timestamp":"2026-07-13 20:12:26"}
{"level":"info","message":"JSON Database initialized successfully.","timestamp":"2026-07-13 20:12:26"}
{"level":"info","message":"Trading Engine Initialized. Realized PnL: $0.00. Current Account Balance: $5000.00","timestamp":"2026-07-13 20:12:26"}
{"level":"info","message":"Enabled Strategy: ma_crossover","timestamp":"2026-07-13 20:12:26"}
{"level":"info","message":"Enabled Strategy: rsi_reversion","timestamp":"2026-07-13 20:12:26"}
{"level":"info","message":"Enabled Strategy: bollinger_bands","timestamp":"2026-07-13 20:12:26"}
{"level":"info","message":"Starting execution loop. Polling interval: 15 seconds.","timestamp":"2026-07-13 20:12:26"}
{"level":"info","message":"🚀 Unified REST & WebSocket server running at http://localhost:4000","timestamp":"2026-07-13 20:12:26"}
{"level":"info","message":"[TICK] Balance: $5000.00 | Equity: $4901.34 | Positions: [ma_crossover_scalper:EUR/USD(BUY,PnL:$-31.66), bollinger_bands:EUR/USD(SELL,PnL:$-26.06), ma_crossover_scalper:GBP/USD(BUY,PnL:$-42.21), bollinger_bands:GBP/USD(SELL,PnL:$1.27)]","timestamp":"2026-07-13 20:12:31"}
{"level":"info","message":"[TICK] Balance: $5000.00 | Equity: $4896.51 | Positions: [ma_crossover_scalper:EUR/USD(BUY,PnL:$-37.34), bollinger_bands:EUR/USD(SELL,PnL:$-21.80), ma_crossover_scalper:GBP/USD(BUY,PnL:$-45.62), bollinger_bands:GBP/USD(SELL,PnL:$1.27)]","timestamp":"2026-07-13 20:12:51"}
{"level":"info","message":"[POSITION CLOSED] BUY GBP/USD closed @ 1.26986 | Realized PnL: $-47.89 | Reason: Strategy signal CLOSE (ma_crossover_scalper)","timestamp":"2026-07-13 20:13:05"}
{"level":"info","message":"[TICK] Balance: $4952.11 | Equity: $4894.24 | Positions: [ma_crossover_scalper:EUR/USD(BUY,PnL:$-37.34), bollinger_bands:EUR/USD(SELL,PnL:$-21.80), bollinger_bands:GBP/USD(SELL,PnL:$1.27)]","timestamp":"2026-07-13 20:13:07"}
{"level":"info","message":"[TICK] Balance: $4952.11 | Equity: $4893.67 | Positions: [ma_crossover_scalper:EUR/USD(BUY,PnL:$-39.61), bollinger_bands:EUR/USD(SELL,PnL:$-20.10), bollinger_bands:GBP/USD(SELL,PnL:$1.27)]","timestamp":"2026-07-13 20:13:21"}
{"level":"info","message":"[SIMULATOR] Placed mock SELL order for 0.01 USD/JPY","timestamp":"2026-07-13 20:13:36"}
{"level":"info","message":"[ORDER EXECUTED] MT5 Ticket: mock_1783953816834 | SELL 0.01 lots USD/JPY @ 149.999 | SL: 150.149 | TP: 149.949","timestamp":"2026-07-13 20:13:36"}
{"level":"info","message":"[TICK] Balance: $4952.11 | Equity: $4894.52 | Positions: [ma_crossover_scalper:EUR/USD(BUY,PnL:$-36.20), bollinger_bands:EUR/USD(SELL,PnL:$-22.65), bollinger_bands:GBP/USD(SELL,PnL:$1.27), ma_crossover_scalper:USD/JPY(SELL,PnL:$0.00)]","timestamp":"2026-07-13 20:13:36"}
{"level":"info","message":"[TICK] Balance: $4952.11 | Equity: $1263.22 | Positions: [ma_crossover_scalper:EUR/USD(BUY,PnL:$-36.20), bollinger_bands:EUR/USD(SELL,PnL:$-22.65), bollinger_bands:GBP/USD(SELL,PnL:$1.27), ma_crossover_scalper:USD/JPY(SELL,PnL:$-3631.30)]","timestamp":"2026-07-13 20:13:52"}
{"level":"info","message":"[POSITION CLOSED] BUY EUR/USD closed @ 1.08489 | Realized PnL: $-31.66 | Reason: Strategy signal CLOSE (ma_crossover_scalper)","timestamp":"2026-07-13 20:14:03"}
{"level":"info","message":"[TICK] Balance: $4920.45 | Equity: $1268.98 | Positions: [bollinger_bands:EUR/USD(SELL,PnL:$-26.06), bollinger_bands:GBP/USD(SELL,PnL:$1.27), ma_crossover_scalper:USD/JPY(SELL,PnL:$-3626.68)]","timestamp":"2026-07-13 20:14:07"}
{"level":"info","message":"[TICK] Balance: $4920.45 | Equity: $1275.22 | Positions: [bollinger_bands:EUR/USD(SELL,PnL:$-21.80), bollinger_bands:GBP/USD(SELL,PnL:$1.27), ma_crossover_scalper:USD/JPY(SELL,PnL:$-3624.70)]","timestamp":"2026-07-13 20:14:22"}
{"level":"info","message":"[TICK] Balance: $4920.45 | Equity: $1280.69 | Positions: [bollinger_bands:EUR/USD(SELL,PnL:$-20.95), bollinger_bands:GBP/USD(SELL,PnL:$1.27), ma_crossover_scalper:USD/JPY(SELL,PnL:$-3620.08)]","timestamp":"2026-07-13 20:14:38"}
{"level":"info","message":"[POSITION CLOSED] SELL GBP/USD closed @ 1.27007 | Realized PnL: $47.25 | Reason: Strategy signal CLOSE (bollinger_bands)","timestamp":"2026-07-13 20:14:50"}
{"level":"info","message":"[TICK] Balance: $4967.70 | Equity: $1327.90 | Positions: [bollinger_bands:EUR/USD(SELL,PnL:$-18.39), ma_crossover_scalper:USD/JPY(SELL,PnL:$-3621.40)]","timestamp":"2026-07-13 20:14:52"}
{"level":"info","message":"[TICK] Balance: $4967.70 | Equity: $1334.42 | Positions: [bollinger_bands:EUR/USD(SELL,PnL:$-15.84), ma_crossover_scalper:USD/JPY(SELL,PnL:$-3617.44)]","timestamp":"2026-07-13 20:15:08"}
{"level":"info","message":"[TICK] Balance: $4967.70 | Equity: $1334.70 | Positions: [bollinger_bands:EUR/USD(SELL,PnL:$-17.54), ma_crossover_scalper:USD/JPY(SELL,PnL:$-3615.46)]","timestamp":"2026-07-13 20:15:22"}
{"level":"info","message":"[TICK] Balance: $4967.70 | Equity: $1332.06 | Positions: [bollinger_bands:EUR/USD(SELL,PnL:$-17.54), ma_crossover_scalper:USD/JPY(SELL,PnL:$-3618.10)]","timestamp":"2026-07-13 20:15:37"}
{"level":"info","message":"[TICK] Balance: $4967.70 | Equity: $1333.57 | Positions: [bollinger_bands:EUR/USD(SELL,PnL:$-16.69), ma_crossover_scalper:USD/JPY(SELL,PnL:$-3617.44)]","timestamp":"2026-07-13 20:15:53"}
{"level":"info","message":"[TICK] Balance: $4967.70 | Equity: $1341.13 | Positions: [bollinger_bands:EUR/USD(SELL,PnL:$-12.43), ma_crossover_scalper:USD/JPY(SELL,PnL:$-3614.14)]","timestamp":"2026-07-13 20:16:11"}
{"level":"warn","message":"Risk Management: Daily loss limit breached (PnL: $-3620.71, Limit: -$250.00). Halted trading for today.","timestamp":"2026-07-13 20:16:19"}
{"level":"warn","message":"Risk Management: Daily loss limit breached (PnL: $-3620.71, Limit: -$250.00). Halted trading for today.","timestamp":"2026-07-13 20:16:23"}
{"level":"info","message":"[TICK] Balance: $4967.70 | Equity: $1346.98 | Positions: [bollinger_bands:EUR/USD(SELL,PnL:$-9.87), ma_crossover_scalper:USD/JPY(SELL,PnL:$-3610.84)]","timestamp":"2026-07-13 20:16:26"}
{"level":"warn","message":"Risk Management: Daily loss limit breached (PnL: $-3622.78, Limit: -$250.00). Halted trading for today.","timestamp":"2026-07-13 20:16:38"}
{"level":"info","message":"[TICK] Balance: $4967.70 | Equity: $1344.92 | Positions: [bollinger_bands:EUR/USD(SELL,PnL:$-7.32), ma_crossover_scalper:USD/JPY(SELL,PnL:$-3615.46)]","timestamp":"2026-07-13 20:16:41"}
{"level":"warn","message":"Risk Management: Daily loss limit breached (PnL: $-3622.97, Limit: -$250.00). Halted trading for today.","timestamp":"2026-07-13 20:16:53"}
{"level":"info","message":"[TICK] Balance: $4967.70 | Equity: $1344.73 | Positions: [bollinger_bands:EUR/USD(SELL,PnL:$-8.17), ma_crossover_scalper:USD/JPY(SELL,PnL:$-3614.80)]","timestamp":"2026-07-13 20:16:57"}
{"level":"warn","message":"Risk Management: Daily loss limit breached (PnL: $-3623.55, Limit: -$250.00). Halted trading for today.","timestamp":"2026-07-13 20:17:04"}
{"level":"info","message":"[TICK] Balance: $4967.70 | Equity: $1344.15 | Positions: [bollinger_bands:EUR/USD(SELL,PnL:$-10.72), ma_crossover_scalper:USD/JPY(SELL,PnL:$-3612.82)]","timestamp":"2026-07-13 20:17:11"}
{"level":"info","message":"[TICK] Balance: $4967.70 | Equity: $1342.94 | Positions: [bollinger_bands:EUR/USD(SELL,PnL:$-7.32), ma_crossover_scalper:USD/JPY(SELL,PnL:$-3617.44)]","timestamp":"2026-07-13 20:17:25"}
{"level":"info","message":"[TICK] Balance: $4967.70 | Equity: $1340.30 | Positions: [bollinger_bands:EUR/USD(SELL,PnL:$-7.32), ma_crossover_scalper:USD/JPY(SELL,PnL:$-3620.08)]","timestamp":"2026-07-13 20:17:40"}
{"level":"warn","message":"Risk Management: Daily loss limit breached (PnL: $-3631.66, Limit: -$250.00). Halted trading for today.","timestamp":"2026-07-13 20:17:49"}
{"level":"info","message":"[TICK] Balance: $4967.70 | Equity: $1336.04 | Positions: [bollinger_bands:EUR/USD(SELL,PnL:$-11.58), ma_crossover_scalper:USD/JPY(SELL,PnL:$-3620.08)]","timestamp":"2026-07-13 20:17:55"}
{"level":"warn","message":"Risk Management: Daily loss limit breached (PnL: $-3629.49, Limit: -$250.00). Halted trading for today.","timestamp":"2026-07-13 20:18:07"}
{"level":"info","message":"[TICK] Balance: $4967.70 | Equity: $1338.21 | Positions: [bollinger_bands:EUR/USD(SELL,PnL:$-10.72), ma_crossover_scalper:USD/JPY(SELL,PnL:$-3618.76)]","timestamp":"2026-07-13 20:18:10"}
{"level":"info","message":"[TICK] Balance: $4967.70 | Equity: $1338.13 | Positions: [bollinger_bands:EUR/USD(SELL,PnL:$-8.17), ma_crossover_scalper:USD/JPY(SELL,PnL:$-3621.40)]","timestamp":"2026-07-13 20:18:26"}
{"level":"info","message":"[TICK] Balance: $4967.70 | Equity: $1335.02 | Positions: [bollinger_bands:EUR/USD(SELL,PnL:$-7.32), ma_crossover_scalper:USD/JPY(SELL,PnL:$-3625.36)]","timestamp":"2026-07-13 20:18:40"}
{"level":"warn","message":"Risk Management: Daily loss limit breached (PnL: $-3637.30, Limit: -$250.00). Halted trading for today.","timestamp":"2026-07-13 20:18:54"}
{"level":"info","message":"[TICK] Balance: $4967.70 | Equity: $1330.40 | Positions: [bollinger_bands:EUR/USD(SELL,PnL:$-7.32), ma_crossover_scalper:USD/JPY(SELL,PnL:$-3629.98)]","timestamp":"2026-07-13 20:18:57"}
{"level":"info","message":"[TICK] Balance: $4967.70 | Equity: $1328.50 | Positions: [bollinger_bands:EUR/USD(SELL,PnL:$-9.87), ma_crossover_scalper:USD/JPY(SELL,PnL:$-3629.32)]","timestamp":"2026-07-13 20:19:13"}
{"level":"info","message":"[TICK] Balance: $4967.70 | Equity: $1329.06 | Positions: [bollinger_bands:EUR/USD(SELL,PnL:$-13.28), ma_crossover_scalper:USD/JPY(SELL,PnL:$-3625.36)]","timestamp":"2026-07-13 20:19:25"}
{"level":"info","message":"==================================================","timestamp":"2026-07-13 20:19:38"}
{"level":"info","message":"   Starting Forex Paper Trading Bot Engine        ","timestamp":"2026-07-13 20:19:38"}
{"level":"info","message":"==================================================","timestamp":"2026-07-13 20:19:38"}
{"level":"info","message":"Initializing JSON-file Database at: D:\\Frerlancing\\Treding Bot\\forex_bot_db.json","timestamp":"2026-07-13 20:19:38"}
{"level":"info","message":"JSON Database initialized successfully.","timestamp":"2026-07-13 20:19:38"}
{"level":"info","message":"Trading Engine Initialized. Realized PnL: $0.00. Current Account Balance: $5000.00","timestamp":"2026-07-13 20:19:38"}
{"level":"info","message":"Enabled Strategy: ma_crossover","timestamp":"2026-07-13 20:19:38"}
{"level":"info","message":"Enabled Strategy: rsi_reversion","timestamp":"2026-07-13 20:19:38"}
{"level":"info","message":"Enabled Strategy: bollinger_bands","timestamp":"2026-07-13 20:19:38"}
{"level":"info","message":"Starting execution loop. Polling interval: 15 seconds.","timestamp":"2026-07-13 20:19:38"}
{"level":"info","message":"🚀 Unified REST & WebSocket server running at http://localhost:4000","timestamp":"2026-07-13 20:19:38"}
{"level":"warn","message":"Risk Management: Daily loss limit breached (PnL: $-3662.92, Limit: -$250.00). Halted trading for today.","timestamp":"2026-07-13 20:19:41"}
{"level":"info","message":"[TICK] Balance: $5000.00 | Equity: $1337.08 | Positions: [bollinger_bands:EUR/USD(SELL,PnL:$-24.36), ma_crossover_scalper:USD/JPY(SELL,PnL:$-3638.56)]","timestamp":"2026-07-13 20:19:47"}
{"level":"warn","message":"Risk Management: Daily loss limit breached (PnL: $-3668.50, Limit: -$250.00). Halted trading for today.","timestamp":"2026-07-13 20:20:10"}
{"level":"info","message":"[TICK] Balance: $5000.00 | Equity: $1331.50 | Positions: [bollinger_bands:EUR/USD(SELL,PnL:$-28.62), ma_crossover_scalper:USD/JPY(SELL,PnL:$-3639.88)]","timestamp":"2026-07-13 20:20:14"}
{"level":"info","message":"==================================================","timestamp":"2026-07-13 20:20:19"}
{"level":"info","message":"   Starting Forex Paper Trading Bot Engine        ","timestamp":"2026-07-13 20:20:19"}
{"level":"info","message":"==================================================","timestamp":"2026-07-13 20:20:19"}
{"level":"info","message":"Initializing JSON-file Database at: D:\\Frerlancing\\Treding Bot\\forex_bot_db.json","timestamp":"2026-07-13 20:20:19"}
{"level":"info","message":"JSON Database initialized successfully.","timestamp":"2026-07-13 20:20:20"}
{"level":"info","message":"Trading Engine Initialized. Realized PnL: $0.00. Current Account Balance: $5000.00","timestamp":"2026-07-13 20:20:20"}
{"level":"info","message":"Enabled Strategy: ma_crossover","timestamp":"2026-07-13 20:20:20"}
{"level":"info","message":"Enabled Strategy: rsi_reversion","timestamp":"2026-07-13 20:20:20"}
{"level":"info","message":"Enabled Strategy: bollinger_bands","timestamp":"2026-07-13 20:20:20"}
{"level":"info","message":"Starting execution loop. Polling interval: 15 seconds.","timestamp":"2026-07-13 20:20:20"}
{"level":"info","message":"🚀 Unified REST & WebSocket server running at http://localhost:4000","timestamp":"2026-07-13 20:20:20"}
{"level":"info","message":"[POSITION CLOSED] SELL USD/JPY closed @ 155.500 | Realized PnL: $-3630.64 | Reason: Strategy signal CLOSE (ma_crossover_scalper)","timestamp":"2026-07-13 20:20:30"}
{"level":"info","message":"[TICK] Balance: $1369.36 | Equity: $1340.74 | Positions: [bollinger_bands:EUR/USD(SELL,PnL:$-28.62)]","timestamp":"2026-07-13 20:20:30"}
{"level":"info","message":"[SIMULATOR] Placed mock SELL order for 0.18258 EUR/USD","timestamp":"2026-07-13 20:20:48"}
{"level":"info","message":"[ORDER EXECUTED] MT5 Ticket: mock_1783954248955 | SELL 0.18258 lots EUR/USD @ 1.08480 | SL: 1.0863 | TP: 1.0843","timestamp":"2026-07-13 20:20:49"}
{"level":"info","message":"[SIMULATOR] Placed mock BUY order for 0.18258 GBP/USD","timestamp":"2026-07-13 20:20:52"}
{"level":"info","message":"[ORDER EXECUTED] MT5 Ticket: mock_1783954252238 | BUY 0.18258 lots GBP/USD @ 1.26984 | SL: 1.26834 | TP: 1.27034","timestamp":"2026-07-13 20:20:52"}
{"level":"info","message":"[TICK] Balance: $1369.36 | Equity: $1337.33 | Positions: [bollinger_bands:EUR/USD(SELL,PnL:$-32.02), ma_crossover_scalper:EUR/USD(SELL,PnL:$0.00), ma_crossover_scalper:GBP/USD(BUY,PnL:$0.00)]","timestamp":"2026-07-13 20:20:56"}
{"level":"info","message":"[SIMULATOR] Placed mock BUY order for 0.01 USD/JPY","timestamp":"2026-07-13 20:21:11"}
{"level":"info","message":"[ORDER EXECUTED] MT5 Ticket: mock_1783954271492 | BUY 0.01 lots USD/JPY @ 150.000 | SL: 149.85 | TP: 150.05","timestamp":"2026-07-13 20:21:11"}
{"level":"info","message":"[TICK] Balance: $1369.36 | Equity: $1332.88 | Positions: [bollinger_bands:EUR/USD(SELL,PnL:$-32.02), ma_crossover_scalper:EUR/USD(SELL,PnL:$-5.72), ma_crossover_scalper:GBP/USD(BUY,PnL:$1.27), ma_crossover_scalper:USD/JPY(BUY,PnL:$0.00)]","timestamp":"2026-07-13 20:21:11"}
{"level":"info","message":"==================================================","timestamp":"2026-07-13 20:21:34"}
{"level":"info","message":"   Starting Forex Paper Trading Bot Engine        ","timestamp":"2026-07-13 20:21:34"}
{"level":"info","message":"==================================================","timestamp":"2026-07-13 20:21:34"}
{"level":"info","message":"Initializing JSON-file Database at: D:\\Frerlancing\\Treding Bot\\forex_bot_db.json","timestamp":"2026-07-13 20:21:34"}
{"level":"info","message":"JSON Database initialized successfully.","timestamp":"2026-07-13 20:21:34"}
{"level":"info","message":"Trading Engine Initialized. Realized PnL: $0.00. Current Account Balance: $5000.00","timestamp":"2026-07-13 20:21:34"}
{"level":"info","message":"Enabled Strategy: ma_crossover","timestamp":"2026-07-13 20:21:34"}
{"level":"info","message":"Enabled Strategy: rsi_reversion","timestamp":"2026-07-13 20:21:34"}
{"level":"info","message":"Enabled Strategy: bollinger_bands","timestamp":"2026-07-13 20:21:34"}
{"level":"info","message":"Starting execution loop. Polling interval: 15 seconds.","timestamp":"2026-07-13 20:21:34"}
{"level":"info","message":"🚀 Unified REST & WebSocket server running at http://localhost:4000","timestamp":"2026-07-13 20:21:34"}
{"level":"info","message":"[POSITION CLOSED] SELL EUR/USD closed @ 1.08505 | Realized PnL: $-26.91 | Reason: Strategy signal CLOSE (bollinger_bands)","timestamp":"2026-07-13 20:21:38"}
{"level":"info","message":"[POSITION CLOSED] BUY USD/JPY closed @ 155.492 | Realized PnL: $1005.04 | Reason: Strategy signal CLOSE (ma_crossover_scalper)","timestamp":"2026-07-13 20:21:46"}
{"level":"info","message":"[TICK] Balance: $5978.13 | Equity: $5974.77 | Positions: [ma_crossover_scalper:EUR/USD(SELL,PnL:$-4.62), ma_crossover_scalper:GBP/USD(BUY,PnL:$1.27)]","timestamp":"2026-07-13 20:21:46"}
{"level":"info","message":"[POSITION CLOSED] BUY GBP/USD closed @ 1.26981 | Realized PnL: $-0.60 | Reason: Strategy signal CLOSE (ma_crossover_scalper)","timestamp":"2026-07-13 20:22:08"}
{"level":"info","message":"[TICK] Balance: $5977.53 | Equity: $5973.82 | Positions: [ma_crossover_scalper:EUR/USD(SELL,PnL:$-3.71)]","timestamp":"2026-07-13 20:22:12"}
{"level":"info","message":"[TICK] Balance: $5977.53 | Equity: $5973.63 | Positions: [ma_crossover_scalper:EUR/USD(SELL,PnL:$-3.89)]","timestamp":"2026-07-13 20:22:27"}
{"level":"info","message":"[TICK] Balance: $5977.53 | Equity: $5973.45 | Positions: [ma_crossover_scalper:EUR/USD(SELL,PnL:$-4.08)]","timestamp":"2026-07-13 20:22:44"}
{"level":"info","message":"[TICK] Balance: $5977.53 | Equity: $5973.09 | Positions: [ma_crossover_scalper:EUR/USD(SELL,PnL:$-4.44)]","timestamp":"2026-07-13 20:22:58"}
{"level":"info","message":"[SIMULATOR] Placed mock BUY order for 0.797 GBP/USD","timestamp":"2026-07-13 20:23:09"}
{"level":"info","message":"[ORDER EXECUTED] MT5 Ticket: mock_1783954389666 | BUY 0.797 lots GBP/USD @ 1.26977 | SL: 1.26827 | TP: 1.27027","timestamp":"2026-07-13 20:23:09"}
{"level":"info","message":"[TICK] Balance: $5977.53 | Equity: $5972.72 | Positions: [ma_crossover_scalper:EUR/USD(SELL,PnL:$-4.81), ma_crossover_scalper:GBP/USD(BUY,PnL:$0.00)]","timestamp":"2026-07-13 20:23:13"}
{"level":"info","message":"[TICK] Balance: $5977.53 | Equity: $5964.85 | Positions: [ma_crossover_scalper:EUR/USD(SELL,PnL:$-5.54), ma_crossover_scalper:GBP/USD(BUY,PnL:$-7.14)]","timestamp":"2026-07-13 20:23:30"}
{"level":"info","message":"[SIMULATOR] Placed mock BUY order for 0.01 USD/JPY","timestamp":"2026-07-13 20:23:44"}
{"level":"info","message":"[ORDER EXECUTED] MT5 Ticket: mock_1783954424004 | BUY 0.01 lots USD/JPY @ 150.001 | SL: 149.851 | TP: 150.051","timestamp":"2026-07-13 20:23:44"}
{"level":"info","message":"[TICK] Balance: $5977.53 | Equity: $5968.10 | Positions: [ma_crossover_scalper:EUR/USD(SELL,PnL:$-6.27), ma_crossover_scalper:GBP/USD(BUY,PnL:$-3.16), ma_crossover_scalper:USD/JPY(BUY,PnL:$0.00)]","timestamp":"2026-07-13 20:23:44"}
{"level":"info","message":"[TICK] Balance: $5977.53 | Equity: $6123.32 | Positions: [ma_crossover_scalper:EUR/USD(SELL,PnL:$-5.72), ma_crossover_scalper:GBP/USD(BUY,PnL:$-3.95), ma_crossover_scalper:USD/JPY(BUY,PnL:$155.46)]","timestamp":"2026-07-13 20:24:00"}
{"level":"info","message":"[TICK] Balance: $5977.53 | Equity: $6126.62 | Positions: [ma_crossover_scalper:EUR/USD(SELL,PnL:$-4.81), ma_crossover_scalper:GBP/USD(BUY,PnL:$-1.56), ma_crossover_scalper:USD/JPY(BUY,PnL:$155.46)]","timestamp":"2026-07-13 20:24:13"}
{"level":"info","message":"[TICK] Balance: $5977.53 | Equity: $6126.62 | Positions: [ma_crossover_scalper:EUR/USD(SELL,PnL:$-4.81), ma_crossover_scalper:GBP/USD(BUY,PnL:$-1.56), ma_crossover_scalper:USD/JPY(BUY,PnL:$155.46)]","timestamp":"2026-07-13 20:24:31"}
{"level":"info","message":"[SIMULATOR] Placed mock SELL order for 0.59775 GBP/USD","timestamp":"2026-07-13 20:24:40"}
{"level":"info","message":"[ORDER EXECUTED] MT5 Ticket: mock_1783954480682 | SELL 0.59775 lots GBP/USD @ 1.27090 | SL: 1.2729 | TP: 1.2669","timestamp":"2026-07-13 20:24:40"}
{"level":"info","message":"[TICK] Balance: $5977.53 | Equity: $6128.72 | Positions: [ma_crossover_scalper:EUR/USD(SELL,PnL:$-5.54), ma_crossover_scalper:GBP/USD(BUY,PnL:$1.27), ma_crossover_scalper:USD/JPY(BUY,PnL:$155.46), bollinger_bands:GBP/USD(SELL,PnL:$0.00)]","timestamp":"2026-07-13 20:24:45"}
{"level":"info","message":"[TICK] Balance: $5977.53 | Equity: $6129.45 | Positions: [ma_crossover_scalper:EUR/USD(SELL,PnL:$-6.09), ma_crossover_scalper:GBP/USD(BUY,PnL:$1.27), ma_crossover_scalper:USD/JPY(BUY,PnL:$155.46), bollinger_bands:GBP/USD(SELL,PnL:$1.27)]","timestamp":"2026-07-13 20:25:01"}
{"level":"info","message":"[TICK] Balance: $5977.53 | Equity: $6128.53 | Positions: [ma_crossover_scalper:EUR/USD(SELL,PnL:$-7.00), ma_crossover_scalper:GBP/USD(BUY,PnL:$1.27), ma_crossover_scalper:USD/JPY(BUY,PnL:$155.46), bollinger_bands:GBP/USD(SELL,PnL:$1.27)]","timestamp":"2026-07-13 20:25:16"}
{"level":"info","message":"[TICK] Balance: $5977.53 | Equity: $6127.80 | Positions: [ma_crossover_scalper:EUR/USD(SELL,PnL:$-7.73), ma_crossover_scalper:GBP/USD(BUY,PnL:$1.27), ma_crossover_scalper:USD/JPY(BUY,PnL:$155.46), bollinger_bands:GBP/USD(SELL,PnL:$1.27)]","timestamp":"2026-07-13 20:25:30"}
{"level":"info","message":"[TICK] Balance: $5977.53 | Equity: $6127.98 | Positions: [ma_crossover_scalper:EUR/USD(SELL,PnL:$-7.55), ma_crossover_scalper:GBP/USD(BUY,PnL:$1.27), ma_crossover_scalper:USD/JPY(BUY,PnL:$155.46), bollinger_bands:GBP/USD(SELL,PnL:$1.27)]","timestamp":"2026-07-13 20:25:46"}
{"level":"info","message":"[TICK] Balance: $5977.53 | Equity: $6127.61 | Positions: [ma_crossover_scalper:EUR/USD(SELL,PnL:$-7.91), ma_crossover_scalper:GBP/USD(BUY,PnL:$1.27), ma_crossover_scalper:USD/JPY(BUY,PnL:$155.45), bollinger_bands:GBP/USD(SELL,PnL:$1.27)]","timestamp":"2026-07-13 20:26:00"}
{"level":"info","message":"[TICK] Balance: $5977.53 | Equity: $6128.53 | Positions: [ma_crossover_scalper:EUR/USD(SELL,PnL:$-7.00), ma_crossover_scalper:GBP/USD(BUY,PnL:$1.27), ma_crossover_scalper:USD/JPY(BUY,PnL:$155.46), bollinger_bands:GBP/USD(SELL,PnL:$1.27)]","timestamp":"2026-07-13 20:26:17"}
{"level":"info","message":"[TICK] Balance: $5977.53 | Equity: $6128.89 | Positions: [ma_crossover_scalper:EUR/USD(SELL,PnL:$-6.63), ma_crossover_scalper:GBP/USD(BUY,PnL:$1.27), ma_crossover_scalper:USD/JPY(BUY,PnL:$155.46), bollinger_bands:GBP/USD(SELL,PnL:$1.27)]","timestamp":"2026-07-13 20:26:31"}
{"level":"info","message":"[TICK] Balance: $5977.53 | Equity: $6129.08 | Positions: [ma_crossover_scalper:EUR/USD(SELL,PnL:$-6.45), ma_crossover_scalper:GBP/USD(BUY,PnL:$1.27), ma_crossover_scalper:USD/JPY(BUY,PnL:$155.46), bollinger_bands:GBP/USD(SELL,PnL:$1.27)]","timestamp":"2026-07-13 20:26:47"}
{"level":"info","message":"[TICK] Balance: $5977.53 | Equity: $6128.90 | Positions: [ma_crossover_scalper:EUR/USD(SELL,PnL:$-6.63), ma_crossover_scalper:GBP/USD(BUY,PnL:$1.27), ma_crossover_scalper:USD/JPY(BUY,PnL:$155.46), bollinger_bands:GBP/USD(SELL,PnL:$1.27)]","timestamp":"2026-07-13 20:27:02"}
{"level":"info","message":"[TICK] Balance: $5977.53 | Equity: $6128.72 | Positions: [ma_crossover_scalper:EUR/USD(SELL,PnL:$-6.82), ma_crossover_scalper:GBP/USD(BUY,PnL:$1.27), ma_crossover_scalper:USD/JPY(BUY,PnL:$155.47), bollinger_bands:GBP/USD(SELL,PnL:$1.27)]","timestamp":"2026-07-13 20:27:19"}
{"level":"info","message":"[TICK] Balance: $5977.53 | Equity: $6129.26 | Positions: [ma_crossover_scalper:EUR/USD(SELL,PnL:$-6.27), ma_crossover_scalper:GBP/USD(BUY,PnL:$1.27), ma_crossover_scalper:USD/JPY(BUY,PnL:$155.46), bollinger_bands:GBP/USD(SELL,PnL:$1.27)]","timestamp":"2026-07-13 20:27:34"}
{"level":"info","message":"[TICK] Balance: $5977.53 | Equity: $6128.53 | Positions: [ma_crossover_scalper:EUR/USD(SELL,PnL:$-7.00), ma_crossover_scalper:GBP/USD(BUY,PnL:$1.27), ma_crossover_scalper:USD/JPY(BUY,PnL:$155.46), bollinger_bands:GBP/USD(SELL,PnL:$1.27)]","timestamp":"2026-07-13 20:27:50"}
{"level":"info","message":"[POSITION CLOSED] BUY GBP/USD closed @ 1.26977 | Realized PnL: $0.03 | Reason: Strategy signal CLOSE (ma_crossover_scalper)","timestamp":"2026-07-13 20:28:04"}
{"level":"info","message":"[POSITION CLOSED] BUY USD/JPY closed @ 155.462 | Realized PnL: $4352.38 | Reason: Strategy signal CLOSE (ma_crossover_scalper)","timestamp":"2026-07-13 20:28:10"}
{"level":"info","message":"[TICK] Balance: $10329.94 | Equity: $10323.30 | Positions: [ma_crossover_scalper:EUR/USD(SELL,PnL:$-7.91), bollinger_bands:GBP/USD(SELL,PnL:$1.27)]","timestamp":"2026-07-13 20:28:10"}
{"level":"info","message":"[TICK] Balance: $10329.94 | Equity: $10324.21 | Positions: [ma_crossover_scalper:EUR/USD(SELL,PnL:$-7.00), bollinger_bands:GBP/USD(SELL,PnL:$1.27)]","timestamp":"2026-07-13 20:28:26"}
{"level":"info","message":"[SIMULATOR] Placed mock SELL order for 0.01377 USD/JPY","timestamp":"2026-07-13 20:28:49"}
{"level":"info","message":"[ORDER EXECUTED] MT5 Ticket: mock_1783954729132 | SELL 0.01377 lots USD/JPY @ 150.001 | SL: 150.151 | TP: 149.951","timestamp":"2026-07-13 20:28:49"}
{"level":"info","message":"[SIMULATOR] Placed mock BUY order for 0.01033 USD/JPY","timestamp":"2026-07-13 20:28:49"}
{"level":"info","message":"[ORDER EXECUTED] MT5 Ticket: mock_1783954729216 | BUY 0.01033 lots USD/JPY @ 150.000 | SL: 149.8 | TP: 150.4","timestamp":"2026-07-13 20:28:49"}
{"level":"info","message":"[TICK] Balance: $10329.94 | Equity: $10323.66 | Positions: [ma_crossover_scalper:EUR/USD(SELL,PnL:$-7.55), bollinger_bands:GBP/USD(SELL,PnL:$1.27), ma_crossover_scalper:USD/JPY(SELL,PnL:$0.00), bollinger_bands:USD/JPY(BUY,PnL:$0.00)]","timestamp":"2026-07-13 20:28:49"}
{"level":"info","message":"[POSITION CLOSED] BUY USD/JPY closed @ 155.464 | Realized PnL: $5644.03 | Reason: Strategy signal CLOSE (bollinger_bands)","timestamp":"2026-07-13 20:29:08"}
{"level":"info","message":"[TICK] Balance: $15973.97 | Equity: $8424.60 | Positions: [ma_crossover_scalper:EUR/USD(SELL,PnL:$-7.36), bollinger_bands:GBP/USD(SELL,PnL:$1.27), ma_crossover_scalper:USD/JPY(SELL,PnL:$-7543.27)]","timestamp":"2026-07-13 20:29:08"}
{"level":"info","message":"[TICK] Balance: $15973.97 | Equity: $8413.04 | Positions: [ma_crossover_scalper:EUR/USD(SELL,PnL:$-7.91), bollinger_bands:GBP/USD(SELL,PnL:$1.27), ma_crossover_scalper:USD/JPY(SELL,PnL:$-7554.29)]","timestamp":"2026-07-13 20:29:26"}
{"level":"info","message":"[TICK] Balance: $15973.97 | Equity: $8408.91 | Positions: [ma_crossover_scalper:EUR/USD(SELL,PnL:$-7.91), bollinger_bands:GBP/USD(SELL,PnL:$1.27), ma_crossover_scalper:USD/JPY(SELL,PnL:$-7558.42)]","timestamp":"2026-07-13 20:29:45"}
{"level":"info","message":"[TICK] Balance: $15973.97 | Equity: $8414.88 | Positions: [ma_crossover_scalper:EUR/USD(SELL,PnL:$-8.82), bollinger_bands:GBP/USD(SELL,PnL:$1.27), ma_crossover_scalper:USD/JPY(SELL,PnL:$-7551.53)]","timestamp":"2026-07-13 20:30:05"}
{"level":"warn","message":"Risk Management: Daily loss limit breached (PnL: $-7568.72, Limit: -$250.00). Halted trading for today.","timestamp":"2026-07-13 20:30:17"}
{"level":"info","message":"[TICK] Balance: $15973.97 | Equity: $8405.24 | Positions: [ma_crossover_scalper:EUR/USD(SELL,PnL:$-8.82), bollinger_bands:GBP/USD(SELL,PnL:$1.27), ma_crossover_scalper:USD/JPY(SELL,PnL:$-7561.17)]","timestamp":"2026-07-13 20:30:24"}
{"level":"info","message":"[POSITION CLOSED] SELL GBP/USD closed @ 1.26989 | Realized PnL: $60.43 | Reason: Strategy signal CLOSE (bollinger_bands)","timestamp":"2026-07-13 20:30:37"}
{"level":"warn","message":"Risk Management: Daily loss limit breached (PnL: $-7563.94, Limit: -$250.00). Halted trading for today.","timestamp":"2026-07-13 20:30:44"}
{"level":"info","message":"[TICK] Balance: $16034.40 | Equity: $8470.46 | Positions: [ma_crossover_scalper:EUR/USD(SELL,PnL:$-8.28), ma_crossover_scalper:USD/JPY(SELL,PnL:$-7555.66)]","timestamp":"2026-07-13 20:30:44"}
{"level":"info","message":"[TICK] Balance: $16034.40 | Equity: $8474.77 | Positions: [ma_crossover_scalper:EUR/USD(SELL,PnL:$-8.09), ma_crossover_scalper:USD/JPY(SELL,PnL:$-7551.53)]","timestamp":"2026-07-13 20:31:04"}
{"level":"warn","message":"Risk Management: Daily loss limit breached (PnL: $-7554.67, Limit: -$250.00). Halted trading for today.","timestamp":"2026-07-13 20:31:20"}
{"level":"info","message":"[POSITION CLOSED] SELL USD/JPY closed @ 155.481 | Realized PnL: $-7546.02 | Reason: Strategy signal CLOSE (ma_crossover_scalper)","timestamp":"2026-07-13 20:31:28"}
{"level":"info","message":"[TICK] Balance: $8488.38 | Equity: $8479.73 | Positions: [ma_crossover_scalper:EUR/USD(SELL,PnL:$-8.64)]","timestamp":"2026-07-13 20:31:28"}
{"level":"info","message":"==================================================","timestamp":"2026-07-13 20:31:49"}
{"level":"info","message":"   Starting Forex Paper Trading Bot Engine        ","timestamp":"2026-07-13 20:31:49"}
{"level":"info","message":"==================================================","timestamp":"2026-07-13 20:31:49"}
{"level":"info","message":"Initializing JSON-file Database at: D:\\Frerlancing\\Treding Bot\\forex_bot_db.json","timestamp":"2026-07-13 20:31:49"}
{"level":"info","message":"JSON Database initialized successfully.","timestamp":"2026-07-13 20:31:50"}
{"level":"info","message":"Trading Engine Initialized. Realized PnL: $0.00. Current Account Balance: $5000.00","timestamp":"2026-07-13 20:31:50"}
{"level":"info","message":"Enabled Strategy: ma_crossover","timestamp":"2026-07-13 20:31:50"}
{"level":"info","message":"Enabled Strategy: rsi_reversion","timestamp":"2026-07-13 20:31:50"}
{"level":"info","message":"Enabled Strategy: bollinger_bands","timestamp":"2026-07-13 20:31:50"}
{"level":"info","message":"Enabled Strategy: loss_recovery","timestamp":"2026-07-13 20:31:50"}
{"level":"info","message":"Starting execution loop. Polling interval: 15 seconds.","timestamp":"2026-07-13 20:31:50"}
{"level":"info","message":"🚀 Unified REST & WebSocket server running at http://localhost:4000","timestamp":"2026-07-13 20:31:50"}
{"level":"info","message":"[POSITION CLOSED] SELL EUR/USD closed @ 1.08507 | Realized PnL: $-4.99 | Reason: Strategy signal CLOSE (ma_crossover_scalper)","timestamp":"2026-07-13 20:31:55"}
{"level":"info","message":"[SIMULATOR] Placed mock BUY order for 0.01 USD/JPY","timestamp":"2026-07-13 20:32:08"}
{"level":"info","message":"[ORDER EXECUTED] MT5 Ticket: mock_1783954928257 | BUY 0.01 lots USD/JPY @ 150.000 | SL: 149.85 | TP: 150.05","timestamp":"2026-07-13 20:32:08"}
{"level":"info","message":"[TICK] Balance: $4995.01 | Equity: $4995.01 | Positions: [ma_crossover_scalper:USD/JPY(BUY,PnL:$0.00)]","timestamp":"2026-07-13 20:32:08"}
{"level":"info","message":"[TICK] Balance: $4995.01 | Equity: $5150.51 | Positions: [ma_crossover_scalper:USD/JPY(BUY,PnL:$155.50)]","timestamp":"2026-07-13 20:32:42"}
{"level":"info","message":"[SIMULATOR] Placed mock BUY order for 0.01 USD/JPY","timestamp":"2026-07-13 20:33:01"}
{"level":"info","message":"[ORDER EXECUTED] MT5 Ticket: mock_1783954981547 | BUY 0.01 lots USD/JPY @ 150.001 | SL: 149.801 | TP: 150.401","timestamp":"2026-07-13 20:33:01"}
{"level":"info","message":"[TICK] Balance: $4995.01 | Equity: $5150.51 | Positions: [ma_crossover_scalper:USD/JPY(BUY,PnL:$155.50), bollinger_bands:USD/JPY(BUY,PnL:$0.00)]","timestamp":"2026-07-13 20:33:01"}
{"level":"info","message":"[TICK] Balance: $4995.01 | Equity: $5306.01 | Positions: [ma_crossover_scalper:USD/JPY(BUY,PnL:$155.50), bollinger_bands:USD/JPY(BUY,PnL:$155.50)]","timestamp":"2026-07-13 20:33:22"}
{"level":"info","message":"[TICK] Balance: $4995.01 | Equity: $5306.00 | Positions: [ma_crossover_scalper:USD/JPY(BUY,PnL:$155.49), bollinger_bands:USD/JPY(BUY,PnL:$155.49)]","timestamp":"2026-07-13 20:33:43"}
{"level":"info","message":"[SIMULATOR] Placed mock SELL order for 0.3996 EUR/USD","timestamp":"2026-07-13 20:33:51"}
{"level":"info","message":"[ORDER EXECUTED] MT5 Ticket: mock_1783955031481 | SELL 0.3996 lots EUR/USD @ 1.08528 | SL: 1.08778 | TP: 1.08028","timestamp":"2026-07-13 20:33:51"}
{"level":"info","message":"[TICK] Balance: $4995.01 | Equity: $5306.00 | Positions: [ma_crossover_scalper:USD/JPY(BUY,PnL:$155.50), bollinger_bands:USD/JPY(BUY,PnL:$155.50), rsi_reversion:EUR/USD(SELL,PnL:$0.00)]","timestamp":"2026-07-13 20:34:05"}
{"level":"info","message":"[SIMULATOR] Placed mock SELL order for 0.4995 EUR/USD","timestamp":"2026-07-13 20:34:12"}
{"level":"info","message":"[ORDER EXECUTED] MT5 Ticket: mock_1783955052335 | SELL 0.4995 lots EUR/USD @ 1.08404 | SL: 1.08604 | TP: 1.08004","timestamp":"2026-07-13 20:34:12"}
{"level":"info","message":"[SIMULATOR] Placed mock SELL order for 0.666 GBP/USD","timestamp":"2026-07-13 20:34:19"}
{"level":"info","message":"[ORDER EXECUTED] MT5 Ticket: mock_1783955059299 | SELL 0.666 lots GBP/USD @ 1.27039 | SL: 1.27189 | TP: 1.26989","timestamp":"2026-07-13 20:34:19"}
{"level":"info","message":"[TICK] Balance: $4995.01 | Equity: $5307.10 | Positions: [ma_crossover_scalper:USD/JPY(BUY,PnL:$155.50), bollinger_bands:USD/JPY(BUY,PnL:$155.50), rsi_reversion:EUR/USD(SELL,PnL:$1.08), bollinger_bands:EUR/USD(SELL,PnL:$0.00), ma_crossover_scalper:GBP/USD(SELL,PnL:$0.00)]","timestamp":"2026-07-13 20:34:27"}
{"level":"info","message":"[TICK] Balance: $4995.01 | Equity: $5264.38 | Positions: [ma_crossover_scalper:USD/JPY(BUY,PnL:$155.50), bollinger_bands:USD/JPY(BUY,PnL:$155.50), rsi_reversion:EUR/USD(SELL,PnL:$1.08), bollinger_bands:EUR/USD(SELL,PnL:$-43.98), ma_crossover_scalper:GBP/USD(SELL,PnL:$1.27)]","timestamp":"2026-07-13 20:34:50"}
{"level":"info","message":"[TICK] Balance: $4995.01 | Equity: $5263.87 | Positions: [ma_crossover_scalper:USD/JPY(BUY,PnL:$155.49), bollinger_bands:USD/JPY(BUY,PnL:$155.49), rsi_reversion:EUR/USD(SELL,PnL:$1.08), bollinger_bands:EUR/USD(SELL,PnL:$-44.48), ma_crossover_scalper:GBP/USD(SELL,PnL:$1.27)]","timestamp":"2026-07-13 20:35:14"}
{"level":"info","message":"[TICK] Balance: $4995.01 | Equity: $5265.87 | Positions: [ma_crossover_scalper:USD/JPY(BUY,PnL:$155.49), bollinger_bands:USD/JPY(BUY,PnL:$155.49), rsi_reversion:EUR/USD(SELL,PnL:$1.08), bollinger_bands:EUR/USD(SELL,PnL:$-42.48), ma_crossover_scalper:GBP/USD(SELL,PnL:$1.27)]","timestamp":"2026-07-13 20:35:39"}
{"level":"info","message":"[POSITION CLOSED] BUY USD/JPY closed @ 155.497 | Realized PnL: $2748.05 | Reason: Strategy signal CLOSE (bollinger_bands)","timestamp":"2026-07-13 20:36:05"}
{"level":"info","message":"[TICK] Balance: $7743.06 | Equity: $7856.94 | Positions: [ma_crossover_scalper:USD/JPY(BUY,PnL:$155.50), rsi_reversion:EUR/USD(SELL,PnL:$1.08), bollinger_bands:EUR/USD(SELL,PnL:$-43.98), ma_crossover_scalper:GBP/USD(SELL,PnL:$1.27)]","timestamp":"2026-07-13 20:36:05"}
{"level":"info","message":"[SIMULATOR] Placed mock BUY order for 1.03241 EUR/USD","timestamp":"2026-07-13 20:36:14"}
{"level":"info","message":"[ORDER EXECUTED] MT5 Ticket: mock_1783955174022 | BUY 1.03241 lots EUR/USD @ 1.08589 | SL: 1.08439 | TP: 1.08639","timestamp":"2026-07-13 20:36:14"}
{"level":"info","message":"[POSITION CLOSED] SELL GBP/USD closed @ 1.27012 | Realized PnL: $17.92 | Reason: Strategy signal CLOSE (ma_crossover_scalper)","timestamp":"2026-07-13 20:36:22"}
{"level":"info","message":"[TICK] Balance: $7760.99 | Equity: $7874.10 | Positions: [ma_crossover_scalper:USD/JPY(BUY,PnL:$155.50), rsi_reversion:EUR/USD(SELL,PnL:$1.08), bollinger_bands:EUR/USD(SELL,PnL:$-43.48), ma_crossover_scalper:EUR/USD(BUY,PnL:$0.00)]","timestamp":"2026-07-13 20:36:31"}
{"level":"info","message":"[TICK] Balance: $7760.99 | Equity: $7760.06 | Positions: [ma_crossover_scalper:USD/JPY(BUY,PnL:$155.50), rsi_reversion:EUR/USD(SELL,PnL:$1.08), bollinger_bands:EUR/USD(SELL,PnL:$-45.48), ma_crossover_scalper:EUR/USD(BUY,PnL:$-112.03)]","timestamp":"2026-07-13 20:36:55"}
{"level":"info","message":"[SIMULATOR] Placed mock SELL order for 0.62088 GBP/USD","timestamp":"2026-07-13 20:37:10"}
{"level":"info","message":"[ORDER EXECUTED] MT5 Ticket: mock_1783955230878 | SELL 0.62088 lots GBP/USD @ 1.27091 | SL: 1.27341 | TP: 1.26591","timestamp":"2026-07-13 20:37:10"}
{"level":"info","message":"[TICK] Balance: $7760.99 | Equity: $7758.47 | Positions: [ma_crossover_scalper:USD/JPY(BUY,PnL:$155.51), rsi_reversion:EUR/USD(SELL,PnL:$1.08), bollinger_bands:EUR/USD(SELL,PnL:$-43.98), ma_crossover_scalper:EUR/USD(BUY,PnL:$-115.13), rsi_reversion:GBP/USD(SELL,PnL:$0.00)]","timestamp":"2026-07-13 20:37:20"}
{"level":"info","message":"[POSITION CLOSED] SELL EUR/USD closed @ 1.08492 | Realized PnL: $-43.98 | Reason: Strategy signal CLOSE (bollinger_bands)","timestamp":"2026-07-13 20:37:28"}
{"level":"info","message":"[TICK] Balance: $7717.01 | Equity: $7759.73 | Positions: [ma_crossover_scalper:USD/JPY(BUY,PnL:$155.50), rsi_reversion:EUR/USD(SELL,PnL:$1.08), ma_crossover_scalper:EUR/USD(BUY,PnL:$-115.13), rsi_reversion:GBP/USD(SELL,PnL:$1.27)]","timestamp":"2026-07-13 20:37:45"}
{"level":"info","message":"[POSITION CLOSED] SELL EUR/USD closed @ 1.08492 | Realized PnL: $14.48 | Reason: Strategy signal CLOSE (rsi_reversion)","timestamp":"2026-07-13 20:37:54"}
{"level":"info","message":"[TICK] Balance: $7731.48 | Equity: $7773.13 | Positions: [ma_crossover_scalper:USD/JPY(BUY,PnL:$155.51), ma_crossover_scalper:EUR/USD(BUY,PnL:$-115.13), rsi_reversion:GBP/USD(SELL,PnL:$1.27)]","timestamp":"2026-07-13 20:38:11"}
{"level":"info","message":"[POSITION CLOSED] BUY EUR/USD closed @ 1.08473 | Realized PnL: $-119.26 | Reason: Strategy signal CLOSE (ma_crossover_scalper)","timestamp":"2026-07-13 20:38:20"}
{"level":"info","message":"[TICK] Balance: $7612.22 | Equity: $7768.99 | Positions: [ma_crossover_scalper:USD/JPY(BUY,PnL:$155.50), rsi_reversion:GBP/USD(SELL,PnL:$1.27)]","timestamp":"2026-07-13 20:38:39"}
{"level":"info","message":"[POSITION CLOSED] SELL GBP/USD closed @ 1.27013 | Realized PnL: $48.58 | Reason: Strategy signal CLOSE (rsi_reversion)","timestamp":"2026-07-13 20:38:58"}
{"level":"info","message":"[TICK] Balance: $7660.81 | Equity: $7816.31 | Positions: [ma_crossover_scalper:USD/JPY(BUY,PnL:$155.51)]","timestamp":"2026-07-13 20:39:07"}
{"level":"info","message":"[SIMULATOR] Placed mock SELL order for 0.76608 GBP/USD","timestamp":"2026-07-13 20:39:23"}
{"level":"info","message":"[ORDER EXECUTED] MT5 Ticket: mock_1783955363136 | SELL 0.76608 lots GBP/USD @ 1.26969 | SL: 1.27169 | TP: 1.26569","timestamp":"2026-07-13 20:39:23"}
{"level":"info","message":"[TICK] Balance: $7660.81 | Equity: $7816.32 | Positions: [ma_crossover_scalper:USD/JPY(BUY,PnL:$155.51), bollinger_bands:GBP/USD(SELL,PnL:$0.00)]","timestamp":"2026-07-13 20:39:31"}
{"level":"info","message":"[SIMULATOR] Placed mock SELL order for 1.02144 EUR/USD","timestamp":"2026-07-13 20:39:39"}
{"level":"info","message":"[ORDER EXECUTED] MT5 Ticket: mock_1783955379158 | SELL 1.02144 lots EUR/USD @ 1.08437 | SL: 1.08587 | TP: 1.08387","timestamp":"2026-07-13 20:39:39"}
{"level":"info","message":"[TICK] Balance: $7660.81 | Equity: $7777.08 | Positions: [ma_crossover_scalper:USD/JPY(BUY,PnL:$155.51), bollinger_bands:GBP/USD(SELL,PnL:$-39.23), ma_crossover_scalper:EUR/USD(SELL,PnL:$0.00)]","timestamp":"2026-07-13 20:39:55"}
{"level":"info","message":"[TICK] Balance: $7660.81 | Equity: $7726.82 | Positions: [ma_crossover_scalper:USD/JPY(BUY,PnL:$155.50), bollinger_bands:GBP/USD(SELL,PnL:$-43.06), ma_crossover_scalper:EUR/USD(SELL,PnL:$-46.42)]","timestamp":"2026-07-13 20:40:19"}
{"level":"info","message":"[TICK] Balance: $7660.81 | Equity: $7723.76 | Positions: [ma_crossover_scalper:USD/JPY(BUY,PnL:$155.51), bollinger_bands:GBP/USD(SELL,PnL:$-46.13), ma_crossover_scalper:EUR/USD(SELL,PnL:$-46.42)]","timestamp":"2026-07-13 20:40:42"}
{"level":"info","message":"[TICK] Balance: $7660.81 | Equity: $7722.74 | Positions: [ma_crossover_scalper:USD/JPY(BUY,PnL:$155.50), bollinger_bands:GBP/USD(SELL,PnL:$-49.19), ma_crossover_scalper:EUR/USD(SELL,PnL:$-44.38)]","timestamp":"2026-07-13 20:41:07"}
{"level":"info","message":"[POSITION CLOSED] SELL GBP/USD closed @ 1.27036 | Realized PnL: $-51.49 | Reason: Strategy signal CLOSE (bollinger_bands)","timestamp":"2026-07-13 20:41:27"}
{"level":"info","message":"[TICK] Balance: $7609.32 | Equity: $7723.50 | Positions: [ma_crossover_scalper:USD/JPY(BUY,PnL:$155.50), ma_crossover_scalper:EUR/USD(SELL,PnL:$-41.32)]","timestamp":"2026-07-13 20:41:36"}
{"level":"info","message":"[TICK] Balance: $7609.32 | Equity: $7721.46 | Positions: [ma_crossover_scalper:USD/JPY(BUY,PnL:$155.50), ma_crossover_scalper:EUR/USD(SELL,PnL:$-43.36)]","timestamp":"2026-07-13 20:42:03"}
{"level":"info","message":"[TICK] Balance: $7609.32 | Equity: $7722.48 | Positions: [ma_crossover_scalper:USD/JPY(BUY,PnL:$155.50), ma_crossover_scalper:EUR/USD(SELL,PnL:$-42.34)]","timestamp":"2026-07-13 20:42:33"}
{"level":"info","message":"[TICK] Balance: $7609.32 | Equity: $7718.39 | Positions: [ma_crossover_scalper:USD/JPY(BUY,PnL:$155.50), ma_crossover_scalper:EUR/USD(SELL,PnL:$-46.42)]","timestamp":"2026-07-13 20:42:59"}
{"level":"info","message":"[SIMULATOR] Placed mock BUY order for 0.76093 EUR/USD","timestamp":"2026-07-13 20:43:07"}
{"level":"info","message":"[ORDER EXECUTED] MT5 Ticket: mock_1783955587565 | BUY 0.76093 lots EUR/USD @ 1.08618 | SL: 1.08418 | TP: 1.09018","timestamp":"2026-07-13 20:43:07"}
{"level":"info","message":"[TICK] Balance: $7609.32 | Equity: $7721.46 | Positions: [ma_crossover_scalper:USD/JPY(BUY,PnL:$155.51), ma_crossover_scalper:EUR/USD(SELL,PnL:$-43.36), bollinger_bands:EUR/USD(BUY,PnL:$0.00)]","timestamp":"2026-07-13 20:43:26"}
{"level":"info","message":"[POSITION CLOSED] SELL EUR/USD closed @ 1.08480 | Realized PnL: $-44.38 | Reason: Strategy signal CLOSE (ma_crossover_scalper)","timestamp":"2026-07-13 20:43:35"}
{"level":"info","message":"[SIMULATOR] Placed mock BUY order for 1.00866 GBP/USD","timestamp":"2026-07-13 20:43:45"}
{"level":"info","message":"[ORDER EXECUTED] MT5 Ticket: mock_1783955625151 | BUY 1.00866 lots GBP/USD @ 1.27119 | SL: 1.26969 | TP: 1.27169","timestamp":"2026-07-13 20:43:45"}
{"level":"info","message":"[TICK] Balance: $7564.93 | Equity: $7603.80 | Positions: [ma_crossover_scalper:USD/JPY(BUY,PnL:$155.51), bollinger_bands:EUR/USD(BUY,PnL:$-116.64), ma_crossover_scalper:GBP/USD(BUY,PnL:$0.00)]","timestamp":"2026-07-13 20:43:55"}
{"level":"info","message":"[POSITION CLOSED] BUY GBP/USD closed @ 1.27008 | Realized PnL: $-112.40 | Reason: Strategy signal CLOSE (ma_crossover_scalper)","timestamp":"2026-07-13 20:44:14"}
{"level":"info","message":"[TICK] Balance: $7452.54 | Equity: $7495.22 | Positions: [ma_crossover_scalper:USD/JPY(BUY,PnL:$155.52), bollinger_bands:EUR/USD(BUY,PnL:$-112.84)]","timestamp":"2026-07-13 20:44:23"}
{"level":"info","message":"[TICK] Balance: $7452.54 | Equity: $7491.41 | Positions: [ma_crossover_scalper:USD/JPY(BUY,PnL:$155.51), bollinger_bands:EUR/USD(BUY,PnL:$-116.64)]","timestamp":"2026-07-13 20:44:53"}
{"level":"info","message":"[TICK] Balance: $7452.54 | Equity: $7492.17 | Positions: [ma_crossover_scalper:USD/JPY(BUY,PnL:$155.51), bollinger_bands:EUR/USD(BUY,PnL:$-115.88)]","timestamp":"2026-07-13 20:45:18"}
{"level":"info","message":"[TICK] Balance: $7452.54 | Equity: $7489.12 | Positions: [ma_crossover_scalper:USD/JPY(BUY,PnL:$155.51), bollinger_bands:EUR/USD(BUY,PnL:$-118.93)]","timestamp":"2026-07-13 20:45:45"}
{"level":"info","message":"[TICK] Balance: $7452.54 | Equity: $7491.41 | Positions: [ma_crossover_scalper:USD/JPY(BUY,PnL:$155.52), bollinger_bands:EUR/USD(BUY,PnL:$-116.64)]","timestamp":"2026-07-13 20:46:14"}
{"level":"info","message":"[SIMULATOR] Placed mock SELL order for 0.5962 EUR/USD","timestamp":"2026-07-13 20:46:27"}
{"level":"info","message":"[ORDER EXECUTED] MT5 Ticket: mock_1783955787964 | SELL 0.5962 lots EUR/USD @ 1.08470 | SL: 1.0872 | TP: 1.0797","timestamp":"2026-07-13 20:46:28"}
{"level":"info","message":"[SIMULATOR] Placed mock BUY order for 0.99367 GBP/USD","timestamp":"2026-07-13 20:46:43"}
{"level":"info","message":"[ORDER EXECUTED] MT5 Ticket: mock_1783955803446 | BUY 0.99367 lots GBP/USD @ 1.26970 | SL: 1.2682 | TP: 1.2702","timestamp":"2026-07-13 20:46:43"}
{"level":"info","message":"[SIMULATOR] Placed mock BUY order for 0.01 USD/JPY","timestamp":"2026-07-13 20:47:01"}
{"level":"info","message":"[ORDER EXECUTED] MT5 Ticket: mock_1783955821019 | BUY 0.01 lots USD/JPY @ 150.000 | SL: 149.8 | TP: 150.4","timestamp":"2026-07-13 20:47:01"}
{"level":"info","message":"[TICK] Balance: $7452.54 | Equity: $7489.88 | Positions: [ma_crossover_scalper:USD/JPY(BUY,PnL:$155.51), bollinger_bands:EUR/USD(BUY,PnL:$-118.17), rsi_reversion:EUR/USD(SELL,PnL:$0.00), ma_crossover_scalper:GBP/USD(BUY,PnL:$0.00), bollinger_bands:USD/JPY(BUY,PnL:$0.00)]","timestamp":"2026-07-13 20:47:01"}
{"level":"info","message":"[POSITION CLOSED] BUY USD/JPY closed @ 155.515 | Realized PnL: $4109.01 | Reason: Strategy signal CLOSE (bollinger_bands)","timestamp":"2026-07-13 20:47:52"}
{"level":"info","message":"[TICK] Balance: $11561.55 | Equity: $11594.35 | Positions: [ma_crossover_scalper:USD/JPY(BUY,PnL:$155.51), bollinger_bands:EUR/USD(BUY,PnL:$-121.97), rsi_reversion:EUR/USD(SELL,PnL:$-2.01), ma_crossover_scalper:GBP/USD(BUY,PnL:$1.27)]","timestamp":"2026-07-13 20:47:52"}
{"level":"info","message":"[SIMULATOR] Placed mock SELL order for 1.54154 EUR/USD","timestamp":"2026-07-13 20:48:08"}
{"level":"info","message":"[ORDER EXECUTED] MT5 Ticket: mock_1783955888623 | SELL 1.54154 lots EUR/USD @ 1.08589 | SL: 1.08739 | TP: 1.08539","timestamp":"2026-07-13 20:48:08"}
{"level":"warn","message":"Risk Management: Position count limit reached (5/5). Rejects signal.","timestamp":"2026-07-13 20:48:39"}
{"level":"info","message":"[TICK] Balance: $11561.55 | Equity: $11595.17 | Positions: [ma_crossover_scalper:USD/JPY(BUY,PnL:$155.51), bollinger_bands:EUR/USD(BUY,PnL:$-118.17), rsi_reversion:EUR/USD(SELL,PnL:$-4.99), ma_crossover_scalper:GBP/USD(BUY,PnL:$1.27), ma_crossover_scalper:EUR/USD(SELL,PnL:$0.00)]","timestamp":"2026-07-13 20:48:39"}
{"level":"info","message":"[POSITION CLOSED] SELL EUR/USD closed @ 1.08481 | Realized PnL: $166.68 | Reason: Strategy signal CLOSE (ma_crossover_scalper)","timestamp":"2026-07-13 20:48:55"}
{"level":"info","message":"[SIMULATOR] Placed mock SELL order for 1.17282 GBP/USD","timestamp":"2026-07-13 20:49:10"}
{"level":"info","message":"[ORDER EXECUTED] MT5 Ticket: mock_1783955950693 | SELL 1.17282 lots GBP/USD @ 1.26969 | SL: 1.27169 | TP: 1.26569","timestamp":"2026-07-13 20:49:10"}
{"level":"info","message":"[TICK] Balance: $11728.23 | Equity: $11762.34 | Positions: [ma_crossover_scalper:USD/JPY(BUY,PnL:$155.51), bollinger_bands:EUR/USD(BUY,PnL:$-115.88), rsi_reversion:EUR/USD(SELL,PnL:$-6.78), ma_crossover_scalper:GBP/USD(BUY,PnL:$1.27), bollinger_bands:GBP/USD(SELL,PnL:$0.00)]","timestamp":"2026-07-13 20:49:26"}
{"level":"warn","message":"Risk Management: Position count limit reached (5/5). Rejects signal.","timestamp":"2026-07-13 20:49:42"}
{"level":"info","message":"[POSITION CLOSED] BUY EUR/USD closed @ 1.08461 | Realized PnL: $-119.69 | Reason: Strategy signal CLOSE (bollinger_bands)","timestamp":"2026-07-13 20:49:42"}
{"level":"info","message":"[TICK] Balance: $11608.54 | Equity: $11675.94 | Positions: [ma_crossover_scalper:USD/JPY(BUY,PnL:$155.51), rsi_reversion:EUR/USD(SELL,PnL:$-3.80), ma_crossover_scalper:GBP/USD(BUY,PnL:$1.27), bollinger_bands:GBP/USD(SELL,PnL:$-85.58)]","timestamp":"2026-07-13 20:50:12"}
{"level":"info","message":"[TICK] Balance: $11608.54 | Equity: $11680.10 | Positions: [ma_crossover_scalper:USD/JPY(BUY,PnL:$155.51), rsi_reversion:EUR/USD(SELL,PnL:$-0.82), ma_crossover_scalper:GBP/USD(BUY,PnL:$1.27), bollinger_bands:GBP/USD(SELL,PnL:$-84.41)]","timestamp":"2026-07-13 20:51:00"}
{"level":"info","message":"[TICK] Balance: $11608.54 | Equity: $11675.36 | Positions: [ma_crossover_scalper:USD/JPY(BUY,PnL:$155.50), rsi_reversion:EUR/USD(SELL,PnL:$-3.21), ma_crossover_scalper:GBP/USD(BUY,PnL:$1.27), bollinger_bands:GBP/USD(SELL,PnL:$-86.75)]","timestamp":"2026-07-13 20:51:48"}
{"level":"info","message":"[TICK] Balance: $11608.54 | Equity: $11677.66 | Positions: [ma_crossover_scalper:USD/JPY(BUY,PnL:$155.50), rsi_reversion:EUR/USD(SELL,PnL:$-5.59), ma_crossover_scalper:GBP/USD(BUY,PnL:$1.27), bollinger_bands:GBP/USD(SELL,PnL:$-82.06)]","timestamp":"2026-07-13 20:52:37"}
{"level":"info","message":"[TICK] Balance: $11608.54 | Equity: $11680.07 | Positions: [ma_crossover_scalper:USD/JPY(BUY,PnL:$155.50), rsi_reversion:EUR/USD(SELL,PnL:$-2.01), ma_crossover_scalper:GBP/USD(BUY,PnL:$1.27), bollinger_bands:GBP/USD(SELL,PnL:$-83.23)]","timestamp":"2026-07-13 20:53:24"}
{"level":"info","message":"[SIMULATOR] Placed mock BUY order for 0.01161 USD/JPY","timestamp":"2026-07-13 20:54:11"}
{"level":"info","message":"[ORDER EXECUTED] MT5 Ticket: mock_1783956251533 | BUY 0.01161 lots USD/JPY @ 150.001 | SL: 149.801 | TP: 150.401","timestamp":"2026-07-13 20:54:11"}
{"level":"info","message":"[TICK] Balance: $11608.54 | Equity: $11675.38 | Positions: [ma_crossover_scalper:USD/JPY(BUY,PnL:$155.50), rsi_reversion:EUR/USD(SELL,PnL:$-2.01), ma_crossover_scalper:GBP/USD(BUY,PnL:$1.27), bollinger_bands:GBP/USD(SELL,PnL:$-87.92), bollinger_bands:USD/JPY(BUY,PnL:$0.00)]","timestamp":"2026-07-13 20:54:11"}
{"level":"info","message":"[TICK] Balance: $11608.54 | Equity: $11827.34 | Positions: [ma_crossover_scalper:USD/JPY(BUY,PnL:$155.50), rsi_reversion:EUR/USD(SELL,PnL:$-3.21), ma_crossover_scalper:GBP/USD(BUY,PnL:$1.27), bollinger_bands:GBP/USD(SELL,PnL:$-90.27), bollinger_bands:USD/JPY(BUY,PnL:$155.50)]","timestamp":"2026-07-13 20:55:01"}
{"level":"info","message":"[TICK] Balance: $11608.54 | Equity: $11826.78 | Positions: [ma_crossover_scalper:USD/JPY(BUY,PnL:$155.50), rsi_reversion:EUR/USD(SELL,PnL:$-1.42), ma_crossover_scalper:GBP/USD(BUY,PnL:$1.27), bollinger_bands:GBP/USD(SELL,PnL:$-92.62), bollinger_bands:USD/JPY(BUY,PnL:$155.50)]","timestamp":"2026-07-13 20:55:51"}
{"level":"info","message":"[TICK] Balance: $11608.54 | Equity: $11832.67 | Positions: [ma_crossover_scalper:USD/JPY(BUY,PnL:$155.50), rsi_reversion:EUR/USD(SELL,PnL:$-0.22), ma_crossover_scalper:GBP/USD(BUY,PnL:$1.27), bollinger_bands:GBP/USD(SELL,PnL:$-87.92), bollinger_bands:USD/JPY(BUY,PnL:$155.50)]","timestamp":"2026-07-13 20:56:48"}
{"level":"info","message":"[TICK] Balance: $11608.54 | Equity: $11835.16 | Positions: [ma_crossover_scalper:USD/JPY(BUY,PnL:$155.51), rsi_reversion:EUR/USD(SELL,PnL:$1.08), ma_crossover_scalper:GBP/USD(BUY,PnL:$1.27), bollinger_bands:GBP/USD(SELL,PnL:$-86.75), bollinger_bands:USD/JPY(BUY,PnL:$155.51)]","timestamp":"2026-07-13 20:57:51"}
{"level":"warn","message":"Risk Management: Position count limit reached (5/5). Rejects signal.","timestamp":"2026-07-13 20:58:10"}
{"level":"info","message":"[POSITION CLOSED] BUY GBP/USD closed @ 1.27029 | Realized PnL: $59.00 | Reason: Strategy signal CLOSE (ma_crossover_scalper)","timestamp":"2026-07-13 20:58:27"}
{"level":"info","message":"[POSITION CLOSED] SELL GBP/USD closed @ 1.27049 | Realized PnL: $-93.79 | Reason: Strategy signal CLOSE (bollinger_bands)","timestamp":"2026-07-13 20:58:28"}
{"level":"info","message":"[TICK] Balance: $11573.75 | Equity: $11885.86 | Positions: [ma_crossover_scalper:USD/JPY(BUY,PnL:$155.51), rsi_reversion:EUR/USD(SELL,PnL:$1.08), bollinger_bands:USD/JPY(BUY,PnL:$155.51)]","timestamp":"2026-07-13 20:58:47"}
{"level":"info","message":"[SIMULATOR] Placed mock BUY order for 1.54317 GBP/USD","timestamp":"2026-07-13 20:59:23"}
{"level":"info","message":"[ORDER EXECUTED] MT5 Ticket: mock_1783956563032 | BUY 1.54317 lots GBP/USD @ 1.27005 | SL: 1.26855 | TP: 1.27055","timestamp":"2026-07-13 20:59:23"}
{"level":"info","message":"[TICK] Balance: $11573.75 | Equity: $11885.87 | Positions: [ma_crossover_scalper:USD/JPY(BUY,PnL:$155.52), rsi_reversion:EUR/USD(SELL,PnL:$1.08), bollinger_bands:USD/JPY(BUY,PnL:$155.52), ma_crossover_scalper:GBP/USD(BUY,PnL:$0.00)]","timestamp":"2026-07-13 20:59:40"}
{"level":"info","message":"[SIMULATOR] Placed mock SELL order for 1.54317 EUR/USD","timestamp":"2026-07-13 20:59:58"}
{"level":"info","message":"[ORDER EXECUTED] MT5 Ticket: mock_1783956598659 | SELL 1.54317 lots EUR/USD @ 1.08449 | SL: 1.08599 | TP: 1.08399","timestamp":"2026-07-13 20:59:58"}
{"level":"info","message":"[TICK] Balance: $11573.75 | Equity: $11887.15 | Positions: [ma_crossover_scalper:USD/JPY(BUY,PnL:$155.53), rsi_reversion:EUR/USD(SELL,PnL:$1.08), bollinger_bands:USD/JPY(BUY,PnL:$155.53), ma_crossover_scalper:GBP/USD(BUY,PnL:$1.27), ma_crossover_scalper:EUR/USD(SELL,PnL:$0.00)]","timestamp":"2026-07-13 21:00:35"}
{"level":"info","message":"[TICK] Balance: $11573.75 | Equity: $11865.12 | Positions: [ma_crossover_scalper:USD/JPY(BUY,PnL:$155.53), rsi_reversion:EUR/USD(SELL,PnL:$1.08), bollinger_bands:USD/JPY(BUY,PnL:$155.53), ma_crossover_scalper:GBP/USD(BUY,PnL:$1.27), ma_crossover_scalper:EUR/USD(SELL,PnL:$-22.05)]","timestamp":"2026-07-13 21:01:32"}
{"level":"info","message":"[TICK] Balance: $11573.75 | Equity: $11872.84 | Positions: [ma_crossover_scalper:USD/JPY(BUY,PnL:$155.54), rsi_reversion:EUR/USD(SELL,PnL:$1.08), bollinger_bands:USD/JPY(BUY,PnL:$155.54), ma_crossover_scalper:GBP/USD(BUY,PnL:$1.27), ma_crossover_scalper:EUR/USD(SELL,PnL:$-14.33)]","timestamp":"2026-07-13 21:02:28"}
{"level":"info","message":"[TICK] Balance: $11573.75 | Equity: $11865.11 | Positions: [ma_crossover_scalper:USD/JPY(BUY,PnL:$155.53), rsi_reversion:EUR/USD(SELL,PnL:$1.08), bollinger_bands:USD/JPY(BUY,PnL:$155.53), ma_crossover_scalper:GBP/USD(BUY,PnL:$1.27), ma_crossover_scalper:EUR/USD(SELL,PnL:$-22.05)]","timestamp":"2026-07-13 21:03:29"}
{"level":"warn","message":"Risk Management: Position count limit reached (5/5). Rejects signal.","timestamp":"2026-07-13 21:03:48"}
{"level":"info","message":"[POSITION CLOSED] BUY GBP/USD closed @ 1.27023 | Realized PnL: $27.48 | Reason: Strategy signal CLOSE (ma_crossover_scalper)","timestamp":"2026-07-13 21:04:06"}
{"level":"info","message":"[TICK] Balance: $11601.23 | Equity: $11897.50 | Positions: [ma_crossover_scalper:USD/JPY(BUY,PnL:$155.53), rsi_reversion:EUR/USD(SELL,PnL:$1.08), bollinger_bands:USD/JPY(BUY,PnL:$155.53), ma_crossover_scalper:EUR/USD(SELL,PnL:$-15.87)]","timestamp":"2026-07-13 21:04:24"}
{"level":"info","message":"[TICK] Balance: $11601.23 | Equity: $11897.51 | Positions: [ma_crossover_scalper:USD/JPY(BUY,PnL:$155.53), rsi_reversion:EUR/USD(SELL,PnL:$1.08), bollinger_bands:USD/JPY(BUY,PnL:$155.53), ma_crossover_scalper:EUR/USD(SELL,PnL:$-15.87)]","timestamp":"2026-07-13 21:05:19"}
{"level":"info","message":"[TICK] Balance: $11601.23 | Equity: $11905.23 | Positions: [ma_crossover_scalper:USD/JPY(BUY,PnL:$155.54), rsi_reversion:EUR/USD(SELL,PnL:$1.08), bollinger_bands:USD/JPY(BUY,PnL:$155.54), ma_crossover_scalper:EUR/USD(SELL,PnL:$-8.16)]","timestamp":"2026-07-13 21:06:20"}
{"level":"info","message":"[TICK] Balance: $11601.23 | Equity: $11906.77 | Positions: [ma_crossover_scalper:USD/JPY(BUY,PnL:$155.53), rsi_reversion:EUR/USD(SELL,PnL:$1.08), bollinger_bands:USD/JPY(BUY,PnL:$155.53), ma_crossover_scalper:EUR/USD(SELL,PnL:$-6.62)]","timestamp":"2026-07-13 21:07:18"}
{"level":"info","message":"[TICK] Balance: $11601.23 | Equity: $11902.13 | Positions: [ma_crossover_scalper:USD/JPY(BUY,PnL:$155.53), rsi_reversion:EUR/USD(SELL,PnL:$1.08), bollinger_bands:USD/JPY(BUY,PnL:$155.53), ma_crossover_scalper:EUR/USD(SELL,PnL:$-11.24)]","timestamp":"2026-07-13 21:08:17"}
{"level":"info","message":"[POSITION CLOSED] BUY USD/JPY closed @ 155.533 | Realized PnL: $6422.53 | Reason: Strategy signal CLOSE (bollinger_bands)","timestamp":"2026-07-13 21:09:14"}
{"level":"info","message":"[TICK] Balance: $18023.76 | Equity: $18161.42 | Positions: [ma_crossover_scalper:USD/JPY(BUY,PnL:$155.53), rsi_reversion:EUR/USD(SELL,PnL:$1.08), ma_crossover_scalper:EUR/USD(SELL,PnL:$-18.96)]","timestamp":"2026-07-13 21:09:14"}
{"level":"info","message":"[POSITION CLOSED] SELL EUR/USD closed @ 1.08458 | Realized PnL: $6.93 | Reason: Strategy signal CLOSE (rsi_reversion)","timestamp":"2026-07-13 21:09:36"}
{"level":"info","message":"[TICK] Balance: $18030.69 | Equity: $18171.89 | Positions: [ma_crossover_scalper:USD/JPY(BUY,PnL:$155.53), ma_crossover_scalper:EUR/USD(SELL,PnL:$-14.33)]","timestamp":"2026-07-13 21:10:12"}
{"level":"info","message":"[SIMULATOR] Placed mock BUY order for 0.01442 USD/JPY","timestamp":"2026-07-13 21:11:11"}
{"level":"info","message":"[ORDER EXECUTED] MT5 Ticket: mock_1783957271290 | BUY 0.01442 lots USD/JPY @ 150.001 | SL: 149.751 | TP: 150.501","timestamp":"2026-07-13 21:11:11"}
{"level":"info","message":"[TICK] Balance: $18030.69 | Equity: $18179.61 | Positions: [ma_crossover_scalper:USD/JPY(BUY,PnL:$155.53), ma_crossover_scalper:EUR/USD(SELL,PnL:$-6.62), rsi_reversion:USD/JPY(BUY,PnL:$0.00)]","timestamp":"2026-07-13 21:11:11"}
{"level":"info","message":"[TICK] Balance: $18030.69 | Equity: $18327.42 | Positions: [ma_crossover_scalper:USD/JPY(BUY,PnL:$155.53), ma_crossover_scalper:EUR/USD(SELL,PnL:$-14.33), rsi_reversion:USD/JPY(BUY,PnL:$155.53)]","timestamp":"2026-07-13 21:12:09"}
{"level":"info","message":"[TICK] Balance: $18030.69 | Equity: $18328.98 | Positions: [ma_crossover_scalper:USD/JPY(BUY,PnL:$155.54), ma_crossover_scalper:EUR/USD(SELL,PnL:$-12.79), rsi_reversion:USD/JPY(BUY,PnL:$155.54)]","timestamp":"2026-07-13 21:13:05"}
{"level":"info","message":"[SIMULATOR] Placed mock SELL order for 1.80307 EUR/USD","timestamp":"2026-07-13 21:13:23"}
{"level":"info","message":"[ORDER EXECUTED] MT5 Ticket: mock_1783957403760 | SELL 1.80307 lots EUR/USD @ 1.08451 | SL: 1.08651 | TP: 1.08051","timestamp":"2026-07-13 21:13:24"}
{"level":"info","message":"[TICK] Balance: $18030.69 | Equity: $18333.60 | Positions: [ma_crossover_scalper:USD/JPY(BUY,PnL:$155.53), ma_crossover_scalper:EUR/USD(SELL,PnL:$-8.16), rsi_reversion:USD/JPY(BUY,PnL:$155.53), bollinger_bands:EUR/USD(SELL,PnL:$0.00)]","timestamp":"2026-07-13 21:13:59"}
{"level":"info","message":"[TICK] Balance: $18030.69 | Equity: $18328.09 | Positions: [ma_crossover_scalper:USD/JPY(BUY,PnL:$155.54), ma_crossover_scalper:EUR/USD(SELL,PnL:$-8.16), rsi_reversion:USD/JPY(BUY,PnL:$155.54), bollinger_bands:EUR/USD(SELL,PnL:$-5.52)]","timestamp":"2026-07-13 21:15:00"}
{"level":"info","message":"[SIMULATOR] Placed mock BUY order for 2.40409 GBP/USD","timestamp":"2026-07-13 21:15:36"}
{"level":"info","message":"[ORDER EXECUTED] MT5 Ticket: mock_1783957536278 | BUY 2.40409 lots GBP/USD @ 1.26941 | SL: 1.26791 | TP: 1.26991","timestamp":"2026-07-13 21:15:36"}
{"level":"info","message":"[TICK] Balance: $18030.69 | Equity: $18318.07 | Positions: [ma_crossover_scalper:USD/JPY(BUY,PnL:$155.55), ma_crossover_scalper:EUR/USD(SELL,PnL:$-12.79), rsi_reversion:USD/JPY(BUY,PnL:$155.55), bollinger_bands:EUR/USD(SELL,PnL:$-10.93), ma_crossover_scalper:GBP/USD(BUY,PnL:$0.00)]","timestamp":"2026-07-13 21:15:56"}
{"level":"info","message":"==================================================","timestamp":"2026-07-13 21:16:37"}
{"level":"info","message":"   Starting Forex Paper Trading Bot Engine        ","timestamp":"2026-07-13 21:16:37"}
{"level":"info","message":"==================================================","timestamp":"2026-07-13 21:16:37"}
{"level":"info","message":"Initializing JSON-file Database at: D:\\Frerlancing\\Treding Bot\\forex_bot_db.json","timestamp":"2026-07-13 21:16:37"}
{"level":"info","message":"JSON Database initialized successfully.","timestamp":"2026-07-13 21:16:37"}
{"level":"info","message":"Trading Engine Initialized. Realized PnL: $0.00. Current Account Balance: $5000.00","timestamp":"2026-07-13 21:16:37"}
{"level":"info","message":"Enabled Strategy: ma_crossover","timestamp":"2026-07-13 21:16:37"}
{"level":"info","message":"Enabled Strategy: rsi_reversion","timestamp":"2026-07-13 21:16:37"}
{"level":"info","message":"Enabled Strategy: bollinger_bands","timestamp":"2026-07-13 21:16:37"}
{"level":"info","message":"Enabled Strategy: loss_recovery","timestamp":"2026-07-13 21:16:37"}
{"level":"info","message":"Starting execution loop. Polling interval: 15 seconds.","timestamp":"2026-07-13 21:16:37"}
{"level":"info","message":"🚀 Unified REST & WebSocket server running at http://localhost:4000","timestamp":"2026-07-13 21:16:37"}
{"level":"info","message":"[TICK] Balance: $5000.00 | Equity: $5134.62 | Positions: [ma_crossover_scalper:USD/JPY(BUY,PnL:$155.50), ma_crossover_scalper:EUR/USD(SELL,PnL:$-83.77), rsi_reversion:USD/JPY(BUY,PnL:$155.50), bollinger_bands:EUR/USD(SELL,PnL:$-93.87), ma_crossover_scalper:GBP/USD(BUY,PnL:$1.27)]","timestamp":"2026-07-13 21:17:38"}
{"level":"info","message":"[POSITION CLOSED] SELL EUR/USD closed @ 1.08506 | Realized PnL: $-88.40 | Reason: Strategy signal CLOSE (ma_crossover_scalper)","timestamp":"2026-07-13 21:18:12"}
{"level":"info","message":"[TICK] Balance: $4911.60 | Equity: $5124.59 | Positions: [ma_crossover_scalper:USD/JPY(BUY,PnL:$155.50), rsi_reversion:USD/JPY(BUY,PnL:$155.50), bollinger_bands:EUR/USD(SELL,PnL:$-99.28), ma_crossover_scalper:GBP/USD(BUY,PnL:$1.27)]","timestamp":"2026-07-13 21:18:50"}
{"level":"info","message":"[TICK] Balance: $4911.60 | Equity: $5133.61 | Positions: [ma_crossover_scalper:USD/JPY(BUY,PnL:$155.51), rsi_reversion:USD/JPY(BUY,PnL:$155.51), bollinger_bands:EUR/USD(SELL,PnL:$-90.26), ma_crossover_scalper:GBP/USD(BUY,PnL:$1.27)]","timestamp":"2026-07-13 21:19:47"}
{"level":"info","message":"[TICK] Balance: $4911.60 | Equity: $5124.59 | Positions: [ma_crossover_scalper:USD/JPY(BUY,PnL:$155.50), rsi_reversion:USD/JPY(BUY,PnL:$155.50), bollinger_bands:EUR/USD(SELL,PnL:$-99.28), ma_crossover_scalper:GBP/USD(BUY,PnL:$1.27)]","timestamp":"2026-07-13 21:20:44"}
{"level":"info","message":"[TICK] Balance: $4911.60 | Equity: $5122.78 | Positions: [ma_crossover_scalper:USD/JPY(BUY,PnL:$155.50), rsi_reversion:USD/JPY(BUY,PnL:$155.50), bollinger_bands:EUR/USD(SELL,PnL:$-101.08), ma_crossover_scalper:GBP/USD(BUY,PnL:$1.27)]","timestamp":"2026-07-13 21:21:44"}
{"level":"info","message":"[TICK] Balance: $4911.60 | Equity: $5120.97 | Positions: [ma_crossover_scalper:USD/JPY(BUY,PnL:$155.50), rsi_reversion:USD/JPY(BUY,PnL:$155.50), bollinger_bands:EUR/USD(SELL,PnL:$-102.89), ma_crossover_scalper:GBP/USD(BUY,PnL:$1.27)]","timestamp":"2026-07-13 21:22:57"}
{"level":"info","message":"==================================================","timestamp":"2026-07-13 21:25:24"}
{"level":"info","message":"   Starting Forex Paper Trading Bot Engine        ","timestamp":"2026-07-13 21:25:24"}
{"level":"info","message":"==================================================","timestamp":"2026-07-13 21:25:24"}
{"level":"info","message":"Initializing JSON-file Database at: D:\\Frerlancing\\Treding Bot\\forex_bot_db.json","timestamp":"2026-07-13 21:25:24"}
{"level":"info","message":"JSON Database initialized successfully.","timestamp":"2026-07-13 21:25:24"}
{"level":"info","message":"Trading Engine Initialized. Realized PnL: $0.00. Current Account Balance: $5000.00","timestamp":"2026-07-13 21:25:24"}
{"level":"info","message":"Enabled Strategy: ma_crossover","timestamp":"2026-07-13 21:25:24"}
{"level":"info","message":"Enabled Strategy: rsi_reversion","timestamp":"2026-07-13 21:25:24"}
{"level":"info","message":"Enabled Strategy: bollinger_bands","timestamp":"2026-07-13 21:25:24"}
{"level":"info","message":"Enabled Strategy: loss_recovery","timestamp":"2026-07-13 21:25:24"}
{"level":"info","message":"Starting execution loop. Polling interval: 15 seconds.","timestamp":"2026-07-13 21:25:24"}
{"level":"info","message":"🚀 Unified REST & WebSocket server running at http://localhost:4000","timestamp":"2026-07-13 21:25:24"}
{"level":"info","message":"[TICK] Balance: $5000.00 | Equity: $5200.35 | Positions: [ma_crossover_scalper:USD/JPY(BUY,PnL:$155.49), rsi_reversion:USD/JPY(BUY,PnL:$155.49), bollinger_bands:EUR/USD(SELL,PnL:$-111.90), ma_crossover_scalper:GBP/USD(BUY,PnL:$1.27)]","timestamp":"2026-07-13 21:26:35"}
{"level":"info","message":"[SIMULATOR] Placed mock SELL order for 0.01 USD/JPY","timestamp":"2026-07-13 21:28:01"}
{"level":"info","message":"[ORDER EXECUTED] MT5 Ticket: mock_1783958281535 | SELL 0.01 lots USD/JPY @ 150.000 | SL: 150.2 | TP: 149.6","timestamp":"2026-07-13 21:28:01"}
{"level":"info","message":"[TICK] Balance: $5000.00 | Equity: $5203.97 | Positions: [ma_crossover_scalper:USD/JPY(BUY,PnL:$155.50), rsi_reversion:USD/JPY(BUY,PnL:$155.50), bollinger_bands:EUR/USD(SELL,PnL:$-108.30), ma_crossover_scalper:GBP/USD(BUY,PnL:$1.27), bollinger_bands:USD/JPY(SELL,PnL:$0.00)]","timestamp":"2026-07-13 21:28:01"}
{"level":"warn","message":"Risk Management: Position count limit reached (5/5). Rejects signal.","timestamp":"2026-07-13 21:28:22"}
{"level":"info","message":"[TICK] Balance: $5000.00 | Equity: $2451.02 | Positions: [ma_crossover_scalper:USD/JPY(BUY,PnL:$155.50), rsi_reversion:USD/JPY(BUY,PnL:$155.50), bollinger_bands:EUR/USD(SELL,PnL:$-104.69), ma_crossover_scalper:GBP/USD(BUY,PnL:$1.27), bollinger_bands:USD/JPY(SELL,PnL:$-2756.55)]","timestamp":"2026-07-13 21:29:02"}
{"level":"info","message":"[TICK] Balance: $5000.00 | Equity: $2446.30 | Positions: [ma_crossover_scalper:USD/JPY(BUY,PnL:$155.49), rsi_reversion:USD/JPY(BUY,PnL:$155.49), bollinger_bands:EUR/USD(SELL,PnL:$-111.90), ma_crossover_scalper:GBP/USD(BUY,PnL:$1.27), bollinger_bands:USD/JPY(SELL,PnL:$-2754.05)]","timestamp":"2026-07-13 21:30:05"}
{"level":"warn","message":"Risk Management: Position count limit reached (5/5). Rejects signal.","timestamp":"2026-07-13 21:30:48"}
{"level":"info","message":"[TICK] Balance: $5000.00 | Equity: $2450.40 | Positions: [ma_crossover_scalper:USD/JPY(BUY,PnL:$155.49), rsi_reversion:USD/JPY(BUY,PnL:$155.49), bollinger_bands:EUR/USD(SELL,PnL:$-108.30), ma_crossover_scalper:GBP/USD(BUY,PnL:$1.27), bollinger_bands:USD/JPY(SELL,PnL:$-2753.55)]","timestamp":"2026-07-13 21:31:07"}
{"level":"info","message":"[POSITION CLOSED] BUY USD/JPY closed @ 155.485 | Realized PnL: $3653.28 | Reason: Strategy signal CLOSE (ma_crossover_scalper)","timestamp":"2026-07-13 21:32:10"}
{"level":"info","message":"[TICK] Balance: $8653.28 | Equity: $5955.30 | Positions: [rsi_reversion:USD/JPY(BUY,PnL:$155.49), bollinger_bands:EUR/USD(SELL,PnL:$-104.69), ma_crossover_scalper:GBP/USD(BUY,PnL:$1.27), bollinger_bands:USD/JPY(SELL,PnL:$-2750.05)]","timestamp":"2026-07-13 21:32:10"}
{"level":"info","message":"[TICK] Balance: $8653.28 | Equity: $5957.41 | Positions: [rsi_reversion:USD/JPY(BUY,PnL:$155.49), bollinger_bands:EUR/USD(SELL,PnL:$-101.08), ma_crossover_scalper:GBP/USD(BUY,PnL:$1.27), bollinger_bands:USD/JPY(SELL,PnL:$-2751.55)]","timestamp":"2026-07-13 21:33:09"}
{"level":"info","message":"[TICK] Balance: $8653.28 | Equity: $5952.80 | Positions: [rsi_reversion:USD/JPY(BUY,PnL:$155.49), bollinger_bands:EUR/USD(SELL,PnL:$-104.69), ma_crossover_scalper:GBP/USD(BUY,PnL:$1.27), bollinger_bands:USD/JPY(SELL,PnL:$-2752.55)]","timestamp":"2026-07-13 21:34:10"}
{"level":"info","message":"[TICK] Balance: $8653.28 | Equity: $5957.10 | Positions: [rsi_reversion:USD/JPY(BUY,PnL:$155.49), bollinger_bands:EUR/USD(SELL,PnL:$-102.89), ma_crossover_scalper:GBP/USD(BUY,PnL:$1.27), bollinger_bands:USD/JPY(SELL,PnL:$-2750.05)]","timestamp":"2026-07-13 21:35:08"}
{"level":"info","message":"[TICK] Balance: $8653.28 | Equity: $5959.90 | Positions: [rsi_reversion:USD/JPY(BUY,PnL:$155.48), bollinger_bands:EUR/USD(SELL,PnL:$-101.08), ma_crossover_scalper:GBP/USD(BUY,PnL:$1.27), bollinger_bands:USD/JPY(SELL,PnL:$-2749.05)]","timestamp":"2026-07-13 21:36:10"}
{"level":"warn","message":"Risk Management: Daily loss limit breached (PnL: $-2686.28, Limit: -$250.00). Halted trading for today.","timestamp":"2026-07-13 21:36:32"}
{"level":"warn","message":"Risk Management: Daily loss limit breached (PnL: $-2686.28, Limit: -$250.00). Halted trading for today.","timestamp":"2026-07-13 21:36:51"}
{"level":"info","message":"[POSITION CLOSED] BUY USD/JPY closed @ 155.476 | Realized PnL: $7895.28 | Reason: Strategy signal CLOSE (rsi_reversion)","timestamp":"2026-07-13 21:37:12"}
{"level":"info","message":"[TICK] Balance: $16548.57 | Equity: $13706.81 | Positions: [bollinger_bands:EUR/USD(SELL,PnL:$-97.48), ma_crossover_scalper:GBP/USD(BUY,PnL:$1.27), bollinger_bands:USD/JPY(SELL,PnL:$-2745.55)]","timestamp":"2026-07-13 21:37:12"}
{"level":"warn","message":"Risk Management: Daily loss limit breached (PnL: $-2845.67, Limit: -$250.00). Halted trading for today.","timestamp":"2026-07-13 21:37:32"}
{"level":"info","message":"[POSITION CLOSED] SELL USD/JPY closed @ 155.488 | Realized PnL: $-2744.05 | Reason: Strategy signal CLOSE (bollinger_bands)","timestamp":"2026-07-13 21:38:15"}
{"level":"info","message":"[TICK] Balance: $13804.51 | Equity: $13702.90 | Positions: [bollinger_bands:EUR/USD(SELL,PnL:$-102.89), ma_crossover_scalper:GBP/USD(BUY,PnL:$1.27)]","timestamp":"2026-07-13 21:38:15"}
{"level":"info","message":"[TICK] Balance: $13804.51 | Equity: $13701.09 | Positions: [bollinger_bands:EUR/USD(SELL,PnL:$-104.69), ma_crossover_scalper:GBP/USD(BUY,PnL:$1.27)]","timestamp":"2026-07-13 21:39:19"}
{"level":"info","message":"[TICK] Balance: $13804.51 | Equity: $13699.29 | Positions: [bollinger_bands:EUR/USD(SELL,PnL:$-106.49), ma_crossover_scalper:GBP/USD(BUY,PnL:$1.27)]","timestamp":"2026-07-13 21:40:20"}
{"level":"info","message":"[POSITION CLOSED] BUY GBP/USD closed @ 1.26992 | Realized PnL: $122.90 | Reason: Strategy signal CLOSE (ma_crossover_scalper)","timestamp":"2026-07-13 21:41:01"}
{"level":"info","message":"[TICK] Balance: $13927.41 | Equity: $13828.13 | Positions: [bollinger_bands:EUR/USD(SELL,PnL:$-99.28)]","timestamp":"2026-07-13 21:41:20"}
{"level":"info","message":"[SIMULATOR] Placed mock SELL order for 1.85699 EUR/USD","timestamp":"2026-07-13 21:41:40"}
{"level":"info","message":"[ORDER EXECUTED] MT5 Ticket: mock_1783959100059 | SELL 1.85699 lots EUR/USD @ 1.08578 | SL: 1.08728 | TP: 1.08528","timestamp":"2026-07-13 21:41:40"}
{"level":"info","message":"[TICK] Balance: $13927.41 | Equity: $13835.34 | Positions: [bollinger_bands:EUR/USD(SELL,PnL:$-92.07), ma_crossover_scalper:EUR/USD(SELL,PnL:$0.00)]","timestamp":"2026-07-13 21:42:20"}
{"level":"info","message":"[SIMULATOR] Placed mock SELL order for 0.01857 USD/JPY","timestamp":"2026-07-13 21:43:20"}
{"level":"info","message":"[ORDER EXECUTED] MT5 Ticket: mock_1783959200579 | SELL 0.01857 lots USD/JPY @ 150.000 | SL: 150.15 | TP: 149.95","timestamp":"2026-07-13 21:43:20"}
{"level":"info","message":"[TICK] Balance: $13927.41 | Equity: $13829.22 | Positions: [bollinger_bands:EUR/USD(SELL,PnL:$-99.28), ma_crossover_scalper:EUR/USD(SELL,PnL:$1.09), ma_crossover_scalper:USD/JPY(SELL,PnL:$0.00)]","timestamp":"2026-07-13 21:43:21"}
{"level":"info","message":"[TICK] Balance: $13927.41 | Equity: $3657.00 | Positions: [bollinger_bands:EUR/USD(SELL,PnL:$-95.67), ma_crossover_scalper:EUR/USD(SELL,PnL:$1.09), ma_crossover_scalper:USD/JPY(SELL,PnL:$-10175.82)]","timestamp":"2026-07-13 21:44:20"}
{"level":"info","message":"[TICK] Balance: $13927.41 | Equity: $3651.70 | Positions: [bollinger_bands:EUR/USD(SELL,PnL:$-104.69), ma_crossover_scalper:EUR/USD(SELL,PnL:$1.09), ma_crossover_scalper:USD/JPY(SELL,PnL:$-10172.11)]","timestamp":"2026-07-13 21:45:21"}
{"level":"info","message":"[POSITION CLOSED] SELL USD/JPY closed @ 155.476 | Realized PnL: $-10168.40 | Reason: Strategy signal CLOSE (ma_crossover_scalper)","timestamp":"2026-07-13 21:46:21"}
{"level":"info","message":"[TICK] Balance: $3759.01 | Equity: $3657.21 | Positions: [bollinger_bands:EUR/USD(SELL,PnL:$-102.89), ma_crossover_scalper:EUR/USD(SELL,PnL:$1.09)]","timestamp":"2026-07-13 21:46:21"}
{"level":"info","message":"[TICK] Balance: $3759.01 | Equity: $3657.21 | Positions: [bollinger_bands:EUR/USD(SELL,PnL:$-102.89), ma_crossover_scalper:EUR/USD(SELL,PnL:$1.09)]","timestamp":"2026-07-13 21:47:23"}
{"level":"info","message":"[TICK] Balance: $3759.01 | Equity: $3648.20 | Positions: [bollinger_bands:EUR/USD(SELL,PnL:$-111.90), ma_crossover_scalper:EUR/USD(SELL,PnL:$1.09)]","timestamp":"2026-07-13 21:48:29"}
{"level":"info","message":"[POSITION CLOSED] SELL EUR/USD closed @ 1.08515 | Realized PnL: $-115.51 | Reason: Strategy signal CLOSE (bollinger_bands)","timestamp":"2026-07-13 21:48:50"}
{"level":"info","message":"[TICK] Balance: $3643.51 | Equity: $3644.59 | Positions: [ma_crossover_scalper:EUR/USD(SELL,PnL:$1.09)]","timestamp":"2026-07-13 21:49:31"}
{"level":"info","message":"[TICK] Balance: $3643.51 | Equity: $3644.59 | Positions: [ma_crossover_scalper:EUR/USD(SELL,PnL:$1.09)]","timestamp":"2026-07-13 21:50:33"}
{"level":"info","message":"[SIMULATOR] Placed mock SELL order for 0.4858 GBP/USD","timestamp":"2026-07-13 21:51:19"}
{"level":"info","message":"[ORDER EXECUTED] MT5 Ticket: mock_1783959679912 | SELL 0.4858 lots GBP/USD @ 1.27086 | SL: 1.27236 | TP: 1.27036","timestamp":"2026-07-13 21:51:20"}
{"level":"info","message":"[TICK] Balance: $3643.51 | Equity: $3644.59 | Positions: [ma_crossover_scalper:EUR/USD(SELL,PnL:$1.09), ma_crossover_scalper:GBP/USD(SELL,PnL:$0.00)]","timestamp":"2026-07-13 21:51:42"}
{"level":"info","message":"[TICK] Balance: $3643.51 | Equity: $3645.86 | Positions: [ma_crossover_scalper:EUR/USD(SELL,PnL:$1.09), ma_crossover_scalper:GBP/USD(SELL,PnL:$1.27)]","timestamp":"2026-07-13 21:52:48"}
{"level":"info","message":"[TICK] Balance: $3643.51 | Equity: $3645.86 | Positions: [ma_crossover_scalper:EUR/USD(SELL,PnL:$1.09), ma_crossover_scalper:GBP/USD(SELL,PnL:$1.27)]","timestamp":"2026-07-13 21:53:53"}
{"level":"info","message":"[TICK] Balance: $3643.51 | Equity: $3645.86 | Positions: [ma_crossover_scalper:EUR/USD(SELL,PnL:$1.09), ma_crossover_scalper:GBP/USD(SELL,PnL:$1.27)]","timestamp":"2026-07-13 21:55:01"}
{"level":"info","message":"[TICK] Balance: $3643.51 | Equity: $3645.86 | Positions: [ma_crossover_scalper:EUR/USD(SELL,PnL:$1.09), ma_crossover_scalper:GBP/USD(SELL,PnL:$1.27)]","timestamp":"2026-07-13 21:56:08"}
{"level":"info","message":"[TICK] Balance: $3643.51 | Equity: $3645.86 | Positions: [ma_crossover_scalper:EUR/USD(SELL,PnL:$1.09), ma_crossover_scalper:GBP/USD(SELL,PnL:$1.27)]","timestamp":"2026-07-13 21:57:16"}
{"level":"info","message":"[TICK] Balance: $3643.51 | Equity: $3645.86 | Positions: [ma_crossover_scalper:EUR/USD(SELL,PnL:$1.09), ma_crossover_scalper:GBP/USD(SELL,PnL:$1.27)]","timestamp":"2026-07-13 21:58:25"}
{"level":"info","message":"[POSITION CLOSED] SELL EUR/USD closed @ 1.08515 | Realized PnL: $116.36 | Reason: Strategy signal CLOSE (ma_crossover_scalper)","timestamp":"2026-07-13 21:58:49"}
{"level":"info","message":"[SIMULATOR] Placed mock SELL order for 0.01 USD/JPY","timestamp":"2026-07-13 21:59:34"}
{"level":"info","message":"[ORDER EXECUTED] MT5 Ticket: mock_1783960174719 | SELL 0.01 lots USD/JPY @ 150.001 | SL: 150.151 | TP: 149.951","timestamp":"2026-07-13 21:59:35"}
{"level":"info","message":"[TICK] Balance: $3759.87 | Equity: $3761.14 | Positions: [ma_crossover_scalper:GBP/USD(SELL,PnL:$1.27), ma_crossover_scalper:USD/JPY(SELL,PnL:$0.00)]","timestamp":"2026-07-13 21:59:35"}
{"level":"warn","message":"Risk Management: Daily loss limit breached (PnL: $-2734.89, Limit: -$250.00). Halted trading for today.","timestamp":"2026-07-13 22:00:20"}
{"level":"info","message":"[TICK] Balance: $3759.87 | Equity: $1024.98 | Positions: [ma_crossover_scalper:GBP/USD(SELL,PnL:$1.27), ma_crossover_scalper:USD/JPY(SELL,PnL:$-2736.16)]","timestamp":"2026-07-13 22:00:44"}
{"level":"info","message":"[TICK] Balance: $3759.87 | Equity: $1021.47 | Positions: [ma_crossover_scalper:GBP/USD(SELL,PnL:$1.27), ma_crossover_scalper:USD/JPY(SELL,PnL:$-2739.67)]","timestamp":"2026-07-13 22:01:54"}
{"level":"warn","message":"Risk Management: Daily loss limit breached (PnL: $-2739.40, Limit: -$250.00). Halted trading for today.","timestamp":"2026-07-13 22:03:03"}
{"level":"info","message":"[TICK] Balance: $3759.87 | Equity: $1020.47 | Positions: [ma_crossover_scalper:GBP/USD(SELL,PnL:$1.27), ma_crossover_scalper:USD/JPY(SELL,PnL:$-2740.67)]","timestamp":"2026-07-13 22:03:03"}
{"level":"warn","message":"Risk Management: Daily loss limit breached (PnL: $-2735.89, Limit: -$250.00). Halted trading for today.","timestamp":"2026-07-13 22:03:27"}
{"level":"warn","message":"Risk Management: Daily loss limit breached (PnL: $-2735.89, Limit: -$250.00). Halted trading for today.","timestamp":"2026-07-13 22:03:49"}
{"level":"info","message":"[TICK] Balance: $3759.87 | Equity: $1023.98 | Positions: [ma_crossover_scalper:GBP/USD(SELL,PnL:$1.27), ma_crossover_scalper:USD/JPY(SELL,PnL:$-2737.16)]","timestamp":"2026-07-13 22:04:12"}
{"level":"info","message":"[TICK] Balance: $3759.87 | Equity: $1027.49 | Positions: [ma_crossover_scalper:GBP/USD(SELL,PnL:$1.27), ma_crossover_scalper:USD/JPY(SELL,PnL:$-2733.66)]","timestamp":"2026-07-13 22:05:20"}
{"level":"info","message":"[TICK] Balance: $3759.87 | Equity: $1023.48 | Positions: [ma_crossover_scalper:GBP/USD(SELL,PnL:$1.27), ma_crossover_scalper:USD/JPY(SELL,PnL:$-2737.66)]","timestamp":"2026-07-13 22:06:29"}
{"level":"info","message":"[TICK] Balance: $3759.87 | Equity: $1023.98 | Positions: [ma_crossover_scalper:GBP/USD(SELL,PnL:$1.27), ma_crossover_scalper:USD/JPY(SELL,PnL:$-2737.16)]","timestamp":"2026-07-13 22:07:39"}
{"level":"info","message":"[TICK] Balance: $3759.87 | Equity: $1027.49 | Positions: [ma_crossover_scalper:GBP/USD(SELL,PnL:$1.27), ma_crossover_scalper:USD/JPY(SELL,PnL:$-2733.66)]","timestamp":"2026-07-13 22:08:48"}
{"level":"info","message":"[TICK] Balance: $3759.87 | Equity: $1026.98 | Positions: [ma_crossover_scalper:GBP/USD(SELL,PnL:$1.27), ma_crossover_scalper:USD/JPY(SELL,PnL:$-2734.16)]","timestamp":"2026-07-13 22:09:58"}
{"level":"warn","message":"Risk Management: Daily loss limit breached (PnL: $-2732.39, Limit: -$250.00). Halted trading for today.","timestamp":"2026-07-13 22:10:22"}
{"level":"info","message":"[TICK] Balance: $3759.87 | Equity: $1027.49 | Positions: [ma_crossover_scalper:GBP/USD(SELL,PnL:$1.27), ma_crossover_scalper:USD/JPY(SELL,PnL:$-2733.66)]","timestamp":"2026-07-13 22:11:08"}
{"level":"info","message":"[POSITION CLOSED] SELL GBP/USD closed @ 1.26998 | Realized PnL: $42.56 | Reason: Strategy signal CLOSE (ma_crossover_scalper)","timestamp":"2026-07-13 22:11:56"}
{"level":"info","message":"[TICK] Balance: $3802.43 | Equity: $1072.28 | Positions: [ma_crossover_scalper:USD/JPY(SELL,PnL:$-2730.15)]","timestamp":"2026-07-13 22:12:21"}
{"level":"warn","message":"Risk Management: Daily loss limit breached (PnL: $-2733.66, Limit: -$250.00). Halted trading for today.","timestamp":"2026-07-13 22:12:44"}
{"level":"info","message":"[TICK] Balance: $3802.43 | Equity: $1068.77 | Positions: [ma_crossover_scalper:USD/JPY(SELL,PnL:$-2733.66)]","timestamp":"2026-07-13 22:13:31"}
{"level":"warn","message":"Risk Management: Daily loss limit breached (PnL: $-2732.65, Limit: -$250.00). Halted trading for today.","timestamp":"2026-07-13 22:14:18"}
{"level":"info","message":"[TICK] Balance: $3802.43 | Equity: $1069.77 | Positions: [ma_crossover_scalper:USD/JPY(SELL,PnL:$-2732.65)]","timestamp":"2026-07-13 22:14:41"}
{"level":"warn","message":"Risk Management: Daily loss limit breached (PnL: $-2735.16, Limit: -$250.00). Halted trading for today.","timestamp":"2026-07-13 22:15:05"}
{"level":"info","message":"[TICK] Balance: $3802.43 | Equity: $1067.27 | Positions: [ma_crossover_scalper:USD/JPY(SELL,PnL:$-2735.16)]","timestamp":"2026-07-13 22:15:52"}
{"level":"info","message":"[TICK] Balance: $3802.43 | Equity: $1065.26 | Positions: [ma_crossover_scalper:USD/JPY(SELL,PnL:$-2737.16)]","timestamp":"2026-07-13 22:17:03"}
{"level":"warn","message":"Risk Management: Daily loss limit breached (PnL: $-2738.16, Limit: -$250.00). Halted trading for today.","timestamp":"2026-07-13 22:18:15"}
{"level":"info","message":"[TICK] Balance: $3802.43 | Equity: $1064.26 | Positions: [ma_crossover_scalper:USD/JPY(SELL,PnL:$-2738.16)]","timestamp":"2026-07-13 22:18:15"}
{"level":"info","message":"[TICK] Balance: $3802.43 | Equity: $1065.26 | Positions: [ma_crossover_scalper:USD/JPY(SELL,PnL:$-2737.16)]","timestamp":"2026-07-13 22:19:31"}
{"level":"warn","message":"Risk Management: Daily loss limit breached (PnL: $-2738.16, Limit: -$250.00). Halted trading for today.","timestamp":"2026-07-13 22:20:20"}
{"level":"info","message":"[TICK] Balance: $3802.43 | Equity: $1064.26 | Positions: [ma_crossover_scalper:USD/JPY(SELL,PnL:$-2738.16)]","timestamp":"2026-07-13 22:20:43"}
{"level":"info","message":"[TICK] Balance: $3802.43 | Equity: $1061.76 | Positions: [ma_crossover_scalper:USD/JPY(SELL,PnL:$-2740.67)]","timestamp":"2026-07-13 22:21:58"}
{"level":"warn","message":"Risk Management: Daily loss limit breached (PnL: $-2739.17, Limit: -$250.00). Halted trading for today.","timestamp":"2026-07-13 22:22:23"}
{"level":"warn","message":"Risk Management: Daily loss limit breached (PnL: $-2739.17, Limit: -$250.00). Halted trading for today.","timestamp":"2026-07-13 22:22:47"}
{"level":"info","message":"[TICK] Balance: $3802.43 | Equity: $1063.26 | Positions: [ma_crossover_scalper:USD/JPY(SELL,PnL:$-2739.17)]","timestamp":"2026-07-13 22:23:12"}
{"level":"warn","message":"Risk Management: Daily loss limit breached (PnL: $-2741.67, Limit: -$250.00). Halted trading for today.","timestamp":"2026-07-13 22:24:25"}
{"level":"info","message":"[TICK] Balance: $3802.43 | Equity: $1060.76 | Positions: [ma_crossover_scalper:USD/JPY(SELL,PnL:$-2741.67)]","timestamp":"2026-07-13 22:24:25"}
{"level":"info","message":"[TICK] Balance: $3802.43 | Equity: $1064.26 | Positions: [ma_crossover_scalper:USD/JPY(SELL,PnL:$-2738.16)]","timestamp":"2026-07-13 22:25:39"}
{"level":"info","message":"[TICK] Balance: $3802.43 | Equity: $1062.26 | Positions: [ma_crossover_scalper:USD/JPY(SELL,PnL:$-2740.17)]","timestamp":"2026-07-13 22:26:54"}
{"level":"warn","message":"Risk Management: Daily loss limit breached (PnL: $-2743.17, Limit: -$250.00). Halted trading for today.","timestamp":"2026-07-13 22:27:19"}
{"level":"info","message":"[TICK] Balance: $3802.43 | Equity: $1059.25 | Positions: [ma_crossover_scalper:USD/JPY(SELL,PnL:$-2743.17)]","timestamp":"2026-07-13 22:28:09"}
{"level":"warn","message":"Risk Management: Daily loss limit breached (PnL: $-2745.18, Limit: -$250.00). Halted trading for today.","timestamp":"2026-07-13 22:28:33"}
{"level":"info","message":"[TICK] Balance: $3802.43 | Equity: $1057.25 | Positions: [ma_crossover_scalper:USD/JPY(SELL,PnL:$-2745.18)]","timestamp":"2026-07-13 22:29:22"}
{"level":"warn","message":"Risk Management: Daily loss limit breached (PnL: $-2746.68, Limit: -$250.00). Halted trading for today.","timestamp":"2026-07-13 22:30:13"}
{"level":"info","message":"[TICK] Balance: $3802.43 | Equity: $1055.75 | Positions: [ma_crossover_scalper:USD/JPY(SELL,PnL:$-2746.68)]","timestamp":"2026-07-13 22:30:38"}
{"level":"info","message":"[TICK] Balance: $3802.43 | Equity: $1056.75 | Positions: [ma_crossover_scalper:USD/JPY(SELL,PnL:$-2745.68)]","timestamp":"2026-07-13 22:31:54"}
{"level":"info","message":"[TICK] Balance: $3802.43 | Equity: $1054.24 | Positions: [ma_crossover_scalper:USD/JPY(SELL,PnL:$-2748.18)]","timestamp":"2026-07-13 22:33:10"}
{"level":"info","message":"[TICK] Balance: $3802.43 | Equity: $1052.24 | Positions: [ma_crossover_scalper:USD/JPY(SELL,PnL:$-2750.19)]","timestamp":"2026-07-13 22:34:27"}
{"level":"warn","message":"Risk Management: Daily loss limit breached (PnL: $-2749.19, Limit: -$250.00). Halted trading for today.","timestamp":"2026-07-13 22:34:53"}
{"level":"info","message":"[TICK] Balance: $3802.43 | Equity: $1053.24 | Positions: [ma_crossover_scalper:USD/JPY(SELL,PnL:$-2749.19)]","timestamp":"2026-07-13 22:35:44"}
{"level":"warn","message":"Risk Management: Daily loss limit breached (PnL: $-2745.68, Limit: -$250.00). Halted trading for today.","timestamp":"2026-07-13 22:36:09"}
{"level":"info","message":"[TICK] Balance: $3802.43 | Equity: $1056.75 | Positions: [ma_crossover_scalper:USD/JPY(SELL,PnL:$-2745.68)]","timestamp":"2026-07-13 22:37:01"}
{"level":"info","message":"[POSITION CLOSED] SELL USD/JPY closed @ 155.479 | Realized PnL: $-2744.68 | Reason: Strategy signal CLOSE (ma_crossover_scalper)","timestamp":"2026-07-13 22:38:18"}
{"level":"info","message":"[TICK] Balance: $1057.75 | Equity: $1057.75 | Positions: [None]","timestamp":"2026-07-13 22:38:18"}
{"level":"info","message":"[SIMULATOR] Placed mock BUY order for 0.14103 EUR/USD","timestamp":"2026-07-13 22:38:45"}
{"level":"info","message":"[ORDER EXECUTED] MT5 Ticket: mock_1783962525441 | BUY 0.14103 lots EUR/USD @ 1.08444 | SL: 1.08294 | TP: 1.08494","timestamp":"2026-07-13 22:38:45"}
{"level":"info","message":"[SIMULATOR] Placed mock SELL order for 0.01 USD/JPY","timestamp":"2026-07-13 22:39:36"}
{"level":"info","message":"[ORDER EXECUTED] MT5 Ticket: mock_1783962576577 | SELL 0.01 lots USD/JPY @ 150.000 | SL: 150.2 | TP: 149.6","timestamp":"2026-07-13 22:39:36"}
{"level":"info","message":"[TICK] Balance: $1057.75 | Equity: $1057.75 | Positions: [ma_crossover_scalper:EUR/USD(BUY,PnL:$0.00), bollinger_bands:USD/JPY(SELL,PnL:$0.00)]","timestamp":"2026-07-13 22:39:37"}
{"level":"info","message":"[POSITION CLOSED] BUY EUR/USD closed @ 1.08487 | Realized PnL: $6.08 | Reason: Strategy signal CLOSE (ma_crossover_scalper)","timestamp":"2026-07-13 22:40:03"}
{"level":"info","message":"[TICK] Balance: $1063.83 | Equity: $482.58 | Positions: [bollinger_bands:USD/JPY(SELL,PnL:$-581.25)]","timestamp":"2026-07-13 22:40:55"}
{"level":"info","message":"[TICK] Balance: $1063.83 | Equity: $483.11 | Positions: [bollinger_bands:USD/JPY(SELL,PnL:$-580.72)]","timestamp":"2026-07-13 22:42:13"}
{"level":"info","message":"[TICK] Balance: $1063.83 | Equity: $483.32 | Positions: [bollinger_bands:USD/JPY(SELL,PnL:$-580.51)]","timestamp":"2026-07-13 22:43:31"}
{"level":"info","message":"[TICK] Balance: $1063.83 | Equity: $483.43 | Positions: [bollinger_bands:USD/JPY(SELL,PnL:$-580.40)]","timestamp":"2026-07-13 22:44:50"}
{"level":"warn","message":"Risk Management: Daily loss limit breached (PnL: $-579.77, Limit: -$250.00). Halted trading for today.","timestamp":"2026-07-13 22:46:10"}
{"level":"info","message":"[POSITION CLOSED] SELL USD/JPY closed @ 155.469 | Realized PnL: $-579.77 | Reason: Strategy signal CLOSE (bollinger_bands)","timestamp":"2026-07-13 22:46:10"}
{"level":"info","message":"[TICK] Balance: $484.07 | Equity: $484.07 | Positions: [None]","timestamp":"2026-07-13 22:46:10"}
{"level":"info","message":"[SIMULATOR] Placed mock SELL order for 0.04841 GBP/USD","timestamp":"2026-07-13 22:47:03"}
{"level":"info","message":"[ORDER EXECUTED] MT5 Ticket: mock_1783963023658 | SELL 0.04841 lots GBP/USD @ 1.26949 | SL: 1.27149 | TP: 1.26549","timestamp":"2026-07-13 22:47:04"}
{"level":"info","message":"[SIMULATOR] Placed mock SELL order for 0.01 USD/JPY","timestamp":"2026-07-13 22:47:30"}
{"level":"info","message":"[ORDER EXECUTED] MT5 Ticket: mock_1783963050974 | SELL 0.01 lots USD/JPY @ 150.001 | SL: 150.151 | TP: 149.951","timestamp":"2026-07-13 22:47:31"}
{"level":"info","message":"[TICK] Balance: $484.07 | Equity: $484.07 | Positions: [bollinger_bands:GBP/USD(SELL,PnL:$0.00), ma_crossover_scalper:USD/JPY(SELL,PnL:$0.00)]","timestamp":"2026-07-13 22:47:31"}
{"level":"warn","message":"Risk Management: Daily loss limit breached (PnL: $-357.35, Limit: -$250.00). Halted trading for today.","timestamp":"2026-07-13 22:47:58"}
{"level":"info","message":"[POSITION CLOSED] SELL USD/JPY closed @ 155.478 | Realized PnL: $-356.01 | Reason: Strategy signal CLOSE (ma_crossover_scalper)","timestamp":"2026-07-13 22:48:51"}
{"level":"info","message":"[TICK] Balance: $128.05 | Equity: $126.71 | Positions: [bollinger_bands:GBP/USD(SELL,PnL:$-1.34)]","timestamp":"2026-07-13 22:48:51"}
{"level":"info","message":"[SIMULATOR] Placed mock BUY order for 0.01707 EUR/USD","timestamp":"2026-07-13 22:49:18"}
{"level":"info","message":"[ORDER EXECUTED] MT5 Ticket: mock_1783963158627 | BUY 0.01707 lots EUR/USD @ 1.08612 | SL: 1.08462 | TP: 1.08662","timestamp":"2026-07-13 22:49:19"}
{"level":"info","message":"[TICK] Balance: $128.05 | Equity: $126.62 | Positions: [bollinger_bands:GBP/USD(SELL,PnL:$-1.44), ma_crossover_scalper:EUR/USD(BUY,PnL:$0.00)]","timestamp":"2026-07-13 22:50:12"}
{"level":"info","message":"[TICK] Balance: $128.05 | Equity: $124.39 | Positions: [bollinger_bands:GBP/USD(SELL,PnL:$-1.73), ma_crossover_scalper:EUR/USD(BUY,PnL:$-1.94)]","timestamp":"2026-07-13 22:51:34"}
{"level":"info","message":"[SIMULATOR] Placed mock BUY order for 0.01024 EUR/USD","timestamp":"2026-07-13 22:52:01"}
{"level":"info","message":"[ORDER EXECUTED] MT5 Ticket: mock_1783963321728 | BUY 0.01024 lots EUR/USD @ 1.08520 | SL: 1.0827 | TP: 1.0902","timestamp":"2026-07-13 22:52:02"}
{"level":"info","message":"[TICK] Balance: $128.05 | Equity: $124.55 | Positions: [bollinger_bands:GBP/USD(SELL,PnL:$-1.53), ma_crossover_scalper:EUR/USD(BUY,PnL:$-1.97), rsi_reversion:EUR/USD(BUY,PnL:$0.00)]","timestamp":"2026-07-13 22:52:56"}
{"level":"info","message":"[SIMULATOR] Placed mock SELL order for 0.01281 EUR/USD","timestamp":"2026-07-13 22:53:24"}
{"level":"info","message":"[ORDER EXECUTED] MT5 Ticket: mock_1783963404309 | SELL 0.01281 lots EUR/USD @ 1.08489 | SL: 1.08689 | TP: 1.08089","timestamp":"2026-07-13 22:53:24"}
{"level":"info","message":"[SIMULATOR] Placed mock BUY order for 0.01707 GBP/USD","timestamp":"2026-07-13 22:53:51"}
{"level":"info","message":"[ORDER EXECUTED] MT5 Ticket: mock_1783963431450 | BUY 0.01707 lots GBP/USD @ 1.27006 | SL: 1.26856 | TP: 1.27056","timestamp":"2026-07-13 22:53:51"}
{"level":"info","message":"[TICK] Balance: $128.05 | Equity: $124.33 | Positions: [bollinger_bands:GBP/USD(SELL,PnL:$-1.39), ma_crossover_scalper:EUR/USD(BUY,PnL:$-2.04), rsi_reversion:EUR/USD(BUY,PnL:$-0.29), bollinger_bands:EUR/USD(SELL,PnL:$0.00), ma_crossover_scalper:GBP/USD(BUY,PnL:$0.00)]","timestamp":"2026-07-13 22:54:18"}
{"level":"info","message":"[POSITION CLOSED] BUY EUR/USD closed @ 1.08492 | Realized PnL: $-2.04 | Reason: Strategy signal CLOSE (ma_crossover_scalper)","timestamp":"2026-07-13 22:54:46"}
{"level":"info","message":"[SIMULATOR] Placed mock BUY order for 0.01 USD/JPY","timestamp":"2026-07-13 22:55:40"}
{"level":"info","message":"[ORDER EXECUTED] MT5 Ticket: mock_1783963540885 | BUY 0.01 lots USD/JPY @ 149.999 | SL: 149.799 | TP: 150.399","timestamp":"2026-07-13 22:55:41"}
{"level":"info","message":"[TICK] Balance: $126.01 | Equity: $123.26 | Positions: [bollinger_bands:GBP/USD(SELL,PnL:$-1.44), rsi_reversion:EUR/USD(BUY,PnL:$-0.29), bollinger_bands:EUR/USD(SELL,PnL:$-0.23), ma_crossover_scalper:GBP/USD(BUY,PnL:$-0.80), bollinger_bands:USD/JPY(BUY,PnL:$0.00)]","timestamp":"2026-07-13 22:55:41"}
{"level":"info","message":"[POSITION CLOSED] SELL EUR/USD closed @ 1.08511 | Realized PnL: $-0.28 | Reason: Strategy signal CLOSE (bollinger_bands)","timestamp":"2026-07-13 22:56:10"}
{"level":"info","message":"[TICK] Balance: $125.73 | Equity: $278.74 | Positions: [bollinger_bands:GBP/USD(SELL,PnL:$-1.39), rsi_reversion:EUR/USD(BUY,PnL:$-0.25), ma_crossover_scalper:GBP/USD(BUY,PnL:$-0.81), bollinger_bands:USD/JPY(BUY,PnL:$155.46)]","timestamp":"2026-07-13 22:57:05"}
{"level":"info","message":"[TICK] Balance: $125.73 | Equity: $278.60 | Positions: [bollinger_bands:GBP/USD(SELL,PnL:$-1.68), rsi_reversion:EUR/USD(BUY,PnL:$-0.20), ma_crossover_scalper:GBP/USD(BUY,PnL:$-0.71), bollinger_bands:USD/JPY(BUY,PnL:$155.45)]","timestamp":"2026-07-13 22:58:29"}
{"level":"info","message":"[POSITION CLOSED] SELL GBP/USD closed @ 1.26987 | Realized PnL: $-1.82 | Reason: Strategy signal CLOSE (bollinger_bands)","timestamp":"2026-07-13 22:59:25"}
{"level":"info","message":"[TICK] Balance: $123.91 | Equity: $278.53 | Positions: [rsi_reversion:EUR/USD(BUY,PnL:$-0.17), ma_crossover_scalper:GBP/USD(BUY,PnL:$-0.66), bollinger_bands:USD/JPY(BUY,PnL:$155.45)]","timestamp":"2026-07-13 22:59:53"}
{"level":"info","message":"[TICK] Balance: $123.91 | Equity: $278.63 | Positions: [rsi_reversion:EUR/USD(BUY,PnL:$-0.12), ma_crossover_scalper:GBP/USD(BUY,PnL:$-0.61), bollinger_bands:USD/JPY(BUY,PnL:$155.45)]","timestamp":"2026-07-13 23:01:17"}
{"level":"info","message":"[TICK] Balance: $123.91 | Equity: $278.56 | Positions: [rsi_reversion:EUR/USD(BUY,PnL:$-0.14), ma_crossover_scalper:GBP/USD(BUY,PnL:$-0.66), bollinger_bands:USD/JPY(BUY,PnL:$155.45)]","timestamp":"2026-07-13 23:02:41"}
{"level":"info","message":"[POSITION CLOSED] BUY GBP/USD closed @ 1.26963 | Realized PnL: $-0.73 | Reason: Strategy signal CLOSE (ma_crossover_scalper)","timestamp":"2026-07-13 23:03:38"}
{"level":"info","message":"[TICK] Balance: $123.18 | Equity: $278.46 | Positions: [rsi_reversion:EUR/USD(BUY,PnL:$-0.18), bollinger_bands:USD/JPY(BUY,PnL:$155.46)]","timestamp":"2026-07-13 23:04:07"}
{"level":"info","message":"[SIMULATOR] Placed mock SELL order for 0.01642 GBP/USD","timestamp":"2026-07-13 23:05:03"}
{"level":"info","message":"[ORDER EXECUTED] MT5 Ticket: mock_1783964103548 | SELL 0.01642 lots GBP/USD @ 1.27086 | SL: 1.27236 | TP: 1.27036","timestamp":"2026-07-13 23:05:03"}
{"level":"info","message":"[TICK] Balance: $123.18 | Equity: $278.50 | Positions: [rsi_reversion:EUR/USD(BUY,PnL:$-0.14), bollinger_bands:USD/JPY(BUY,PnL:$155.46), ma_crossover_scalper:GBP/USD(SELL,PnL:$0.00)]","timestamp":"2026-07-13 23:05:31"}
{"level":"info","message":"[SIMULATOR] Placed mock SELL order for 0.01 USD/JPY","timestamp":"2026-07-13 23:06:57"}
{"level":"info","message":"[ORDER EXECUTED] MT5 Ticket: mock_1783964217241 | SELL 0.01 lots USD/JPY @ 149.999 | SL: 150.149 | TP: 149.949","timestamp":"2026-07-13 23:06:57"}
{"level":"info","message":"[POSITION CLOSED] BUY USD/JPY closed @ 155.458 | Realized PnL: $70.96 | Reason: Strategy signal CLOSE (bollinger_bands)","timestamp":"2026-07-13 23:06:58"}
{"level":"info","message":"[TICK] Balance: $194.14 | Equity: $195.27 | Positions: [rsi_reversion:EUR/USD(BUY,PnL:$-0.14), ma_crossover_scalper:GBP/USD(SELL,PnL:$1.27), ma_crossover_scalper:USD/JPY(SELL,PnL:$0.00)]","timestamp":"2026-07-13 23:06:58"}
{"level":"info","message":"[TICK] Balance: $194.14 | Equity: $107.84 | Positions: [rsi_reversion:EUR/USD(BUY,PnL:$-0.09), ma_crossover_scalper:GBP/USD(SELL,PnL:$1.27), ma_crossover_scalper:USD/JPY(SELL,PnL:$-87.48)]","timestamp":"2026-07-13 23:08:23"}
{"level":"info","message":"[POSITION CLOSED] BUY EUR/USD closed @ 1.08512 | Realized PnL: $-0.08 | Reason: Strategy signal CLOSE (rsi_reversion)","timestamp":"2026-07-13 23:08:53"}
{"level":"info","message":"[SIMULATOR] Placed mock BUY order for 0.01941 GBP/USD","timestamp":"2026-07-13 23:09:21"}
{"level":"info","message":"[ORDER EXECUTED] MT5 Ticket: mock_1783964361379 | BUY 0.01941 lots GBP/USD @ 1.27031 | SL: 1.26831 | TP: 1.27431","timestamp":"2026-07-13 23:09:21"}
{"level":"info","message":"[TICK] Balance: $194.06 | Equity: $107.78 | Positions: [ma_crossover_scalper:GBP/USD(SELL,PnL:$1.27), ma_crossover_scalper:USD/JPY(SELL,PnL:$-87.55), bollinger_bands:GBP/USD(BUY,PnL:$0.00)]","timestamp":"2026-07-13 23:09:50"}
{"level":"info","message":"[SIMULATOR] Placed mock BUY order for 0.02587 EUR/USD","timestamp":"2026-07-13 23:10:19"}
{"level":"info","message":"[ORDER EXECUTED] MT5 Ticket: mock_1783964419820 | BUY 0.02587 lots EUR/USD @ 1.08530 | SL: 1.0838 | TP: 1.0858","timestamp":"2026-07-13 23:10:20"}
{"level":"info","message":"[SIMULATOR] Placed mock SELL order for 0.01 USD/JPY","timestamp":"2026-07-13 23:11:17"}
{"level":"info","message":"[ORDER EXECUTED] MT5 Ticket: mock_1783964477255 | SELL 0.01 lots USD/JPY @ 150.000 | SL: 150.2 | TP: 149.6","timestamp":"2026-07-13 23:11:17"}
{"level":"info","message":"[TICK] Balance: $194.06 | Equity: $106.47 | Positions: [ma_crossover_scalper:GBP/USD(SELL,PnL:$1.27), ma_crossover_scalper:USD/JPY(SELL,PnL:$-87.61), bollinger_bands:GBP/USD(BUY,PnL:$-1.25), ma_crossover_scalper:EUR/USD(BUY,PnL:$0.00), bollinger_bands:USD/JPY(SELL,PnL:$0.00)]","timestamp":"2026-07-13 23:11:17"}
{"level":"warn","message":"Risk Management: Position count limit reached (5/5). Rejects signal.","timestamp":"2026-07-13 23:11:47"}
{"level":"info","message":"[POSITION CLOSED] SELL GBP/USD closed @ 1.26983 | Realized PnL: $1.69 | Reason: Strategy signal CLOSE (ma_crossover_scalper)","timestamp":"2026-07-13 23:12:19"}
{"level":"info","message":"[POSITION CLOSED] SELL USD/JPY closed @ 155.476 | Realized PnL: $-87.63 | Reason: Strategy signal CLOSE (ma_crossover_scalper)","timestamp":"2026-07-13 23:12:48"}
{"level":"info","message":"[TICK] Balance: $108.12 | Equity: $2.33 | Positions: [bollinger_bands:GBP/USD(BUY,PnL:$-1.32), ma_crossover_scalper:EUR/USD(BUY,PnL:$-0.43), bollinger_bands:USD/JPY(SELL,PnL:$-104.04)]","timestamp":"2026-07-13 23:12:49"}
{"level":"info","message":"[SIMULATOR] Placed mock BUY order for 0.01442 GBP/USD","timestamp":"2026-07-13 23:13:47"}
{"level":"info","message":"[ORDER EXECUTED] MT5 Ticket: mock_1783964627485 | BUY 0.01442 lots GBP/USD @ 1.27045 | SL: 1.26895 | TP: 1.27095","timestamp":"2026-07-13 23:13:47"}
{"level":"info","message":"[TICK] Balance: $108.12 | Equity: $2.12 | Positions: [bollinger_bands:GBP/USD(BUY,PnL:$-1.46), ma_crossover_scalper:EUR/USD(BUY,PnL:$-0.59), bollinger_bands:USD/JPY(SELL,PnL:$-103.96), ma_crossover_scalper:GBP/USD(BUY,PnL:$0.00)]","timestamp":"2026-07-13 23:14:16"}
{"level":"info","message":"[POSITION CLOSED] BUY EUR/USD closed @ 1.08506 | Realized PnL: $-0.61 | Reason: Strategy signal CLOSE (ma_crossover_scalper)","timestamp":"2026-07-13 23:14:46"}
{"level":"info","message":"[TICK] Balance: $107.51 | Equity: $0.85 | Positions: [bollinger_bands:GBP/USD(BUY,PnL:$-1.48), bollinger_bands:USD/JPY(SELL,PnL:$-103.89), ma_crossover_scalper:GBP/USD(BUY,PnL:$-1.29)]","timestamp":"2026-07-13 23:15:44"}
{"level":"info","message":"[SIMULATOR] Placed mock SELL order for 0.01075 EUR/USD","timestamp":"2026-07-13 23:16:13"}
{"level":"info","message":"[ORDER EXECUTED] MT5 Ticket: mock_1783964773564 | SELL 0.01075 lots EUR/USD @ 1.08516 | SL: 1.08716 | TP: 1.08116","timestamp":"2026-07-13 23:16:13"}
{"level":"info","message":"[SIMULATOR] Placed mock BUY order for 0.01 USD/JPY","timestamp":"2026-07-13 23:17:12"}
{"level":"info","message":"[ORDER EXECUTED] MT5 Ticket: mock_1783964832042 | BUY 0.01 lots USD/JPY @ 149.999 | SL: 149.849 | TP: 150.049","timestamp":"2026-07-13 23:17:12"}
{"level":"info","message":"[TICK] Balance: $107.51 | Equity: $0.56 | Positions: [bollinger_bands:GBP/USD(BUY,PnL:$-1.59), bollinger_bands:USD/JPY(SELL,PnL:$-103.98), ma_crossover_scalper:GBP/USD(BUY,PnL:$-1.38), bollinger_bands:EUR/USD(SELL,PnL:$0.00), ma_crossover_scalper:USD/JPY(BUY,PnL:$0.00)]","timestamp":"2026-07-13 23:17:12"}
{"level":"info","message":"[POSITION CLOSED] BUY GBP/USD closed @ 1.26949 | Realized PnL: $-1.59 | Reason: Strategy signal CLOSE (bollinger_bands)","timestamp":"2026-07-13 23:18:11"}
{"level":"info","message":"[TICK] Balance: $105.92 | Equity: $155.91 | Positions: [bollinger_bands:USD/JPY(SELL,PnL:$-104.02), ma_crossover_scalper:GBP/USD(BUY,PnL:$-1.38), bollinger_bands:EUR/USD(SELL,PnL:$-0.07), ma_crossover_scalper:USD/JPY(BUY,PnL:$155.46)]","timestamp":"2026-07-13 23:18:41"}
{"level":"info","message":"[POSITION CLOSED] BUY USD/JPY closed @ 155.457 | Realized PnL: $76.41 | Reason: Strategy signal CLOSE (ma_crossover_scalper)","timestamp":"2026-07-13 23:20:09"}
{"level":"info","message":"[POSITION CLOSED] SELL USD/JPY closed @ 155.472 | Realized PnL: $-103.96 | Reason: Strategy signal CLOSE (bollinger_bands)","timestamp":"2026-07-13 23:20:09"}
{"level":"info","message":"[TICK] Balance: $78.36 | Equity: $76.86 | Positions: [ma_crossover_scalper:GBP/USD(BUY,PnL:$-1.38), bollinger_bands:EUR/USD(SELL,PnL:$-0.12)]","timestamp":"2026-07-13 23:20:10"}
{"level":"info","message":"[POSITION CLOSED] SELL EUR/USD closed @ 1.08523 | Realized PnL: $-0.08 | Reason: Strategy signal CLOSE (bollinger_bands)","timestamp":"2026-07-13 23:20:40"}
{"level":"info","message":"[TICK] Balance: $78.29 | Equity: $76.82 | Positions: [ma_crossover_scalper:GBP/USD(BUY,PnL:$-1.47)]","timestamp":"2026-07-13 23:21:32"}
{"level":"info","message":"[TICK] Balance: $78.29 | Equity: $76.78 | Positions: [ma_crossover_scalper:GBP/USD(BUY,PnL:$-1.51)]","timestamp":"2026-07-13 23:22:26"}
{"level":"info","message":"[POSITION CLOSED] BUY GBP/USD closed @ 1.26937 | Realized PnL: $-1.55 | Reason: Strategy signal CLOSE (ma_crossover_scalper)","timestamp":"2026-07-13 23:23:01"}
{"level":"info","message":"[TICK] Balance: $76.73 | Equity: $76.73 | Positions: [None]","timestamp":"2026-07-13 23:23:16"}
{"level":"info","message":"[SIMULATOR] Placed mock BUY order for 0.01 GBP/USD","timestamp":"2026-07-13 23:23:59"}
{"level":"info","message":"[ORDER EXECUTED] MT5 Ticket: mock_1783965239182 | BUY 0.01 lots GBP/USD @ 1.26938 | SL: 1.26738 | TP: 1.27338","timestamp":"2026-07-13 23:23:59"}
{"level":"info","message":"[SIMULATOR] Placed mock BUY order for 0.01 USD/JPY","timestamp":"2026-07-13 23:24:19"}
{"level":"info","message":"[ORDER EXECUTED] MT5 Ticket: mock_1783965259069 | BUY 0.01 lots USD/JPY @ 150.000 | SL: 149.8 | TP: 150.4","timestamp":"2026-07-13 23:24:19"}
{"level":"info","message":"[TICK] Balance: $76.73 | Equity: $76.73 | Positions: [bollinger_bands:GBP/USD(BUY,PnL:$0.00), bollinger_bands:USD/JPY(BUY,PnL:$0.00)]","timestamp":"2026-07-13 23:24:19"}
{"level":"info","message":"[TICK] Balance: $76.73 | Equity: $232.17 | Positions: [bollinger_bands:GBP/USD(BUY,PnL:$-0.03), bollinger_bands:USD/JPY(BUY,PnL:$155.46)]","timestamp":"2026-07-13 23:25:20"}
{"level":"info","message":"[TICK] Balance: $76.73 | Equity: $232.17 | Positions: [bollinger_bands:GBP/USD(BUY,PnL:$-0.01), bollinger_bands:USD/JPY(BUY,PnL:$155.46)]","timestamp":"2026-07-13 23:26:20"}
{"level":"info","message":"==================================================","timestamp":"2026-07-13 23:27:16"}
{"level":"info","message":"   Starting Forex Paper Trading Bot Engine        ","timestamp":"2026-07-13 23:27:16"}
{"level":"info","message":"==================================================","timestamp":"2026-07-13 23:27:16"}
{"level":"info","message":"Initializing JSON-file Database at: D:\\Frerlancing\\Treding Bot\\forex_bot_db.json","timestamp":"2026-07-13 23:27:16"}
{"level":"info","message":"JSON Database initialized successfully.","timestamp":"2026-07-13 23:27:16"}
{"level":"info","message":"Trading Engine Initialized. Realized PnL: $0.00. Current Account Balance: $5000.00","timestamp":"2026-07-13 23:27:16"}
{"level":"info","message":"Enabled Strategy: ma_crossover","timestamp":"2026-07-13 23:27:16"}
{"level":"info","message":"Enabled Strategy: rsi_reversion","timestamp":"2026-07-13 23:27:16"}
{"level":"info","message":"Enabled Strategy: bollinger_bands","timestamp":"2026-07-13 23:27:16"}
{"level":"info","message":"Enabled Strategy: loss_recovery","timestamp":"2026-07-13 23:27:16"}
{"level":"info","message":"Starting execution loop. Polling interval: 15 seconds.","timestamp":"2026-07-13 23:27:16"}
{"level":"info","message":"🚀 Unified REST & WebSocket server running at http://localhost:4000","timestamp":"2026-07-13 23:27:16"}
{"level":"info","message":"[TICK] Balance: $5000.00 | Equity: $5156.76 | Positions: [bollinger_bands:GBP/USD(BUY,PnL:$1.27), bollinger_bands:USD/JPY(BUY,PnL:$155.49)]","timestamp":"2026-07-13 23:28:17"}
{"level":"info","message":"[TICK] Balance: $5000.00 | Equity: $5156.77 | Positions: [bollinger_bands:GBP/USD(BUY,PnL:$1.27), bollinger_bands:USD/JPY(BUY,PnL:$155.50)]","timestamp":"2026-07-13 23:29:39"}
{"level":"info","message":"[TICK] Balance: $5000.00 | Equity: $5156.77 | Positions: [bollinger_bands:GBP/USD(BUY,PnL:$1.27), bollinger_bands:USD/JPY(BUY,PnL:$155.50)]","timestamp":"2026-07-13 23:30:51"}
{"level":"info","message":"[TICK] Balance: $5000.00 | Equity: $5156.78 | Positions: [bollinger_bands:GBP/USD(BUY,PnL:$1.27), bollinger_bands:USD/JPY(BUY,PnL:$155.51)]","timestamp":"2026-07-13 23:31:57"}
{"level":"info","message":"[TICK] Balance: $5000.00 | Equity: $5156.77 | Positions: [bollinger_bands:GBP/USD(BUY,PnL:$1.27), bollinger_bands:USD/JPY(BUY,PnL:$155.50)]","timestamp":"2026-07-13 23:33:07"}
{"level":"info","message":"[TICK] Balance: $5000.00 | Equity: $5156.77 | Positions: [bollinger_bands:GBP/USD(BUY,PnL:$1.27), bollinger_bands:USD/JPY(BUY,PnL:$155.50)]","timestamp":"2026-07-13 23:34:18"}
{"level":"info","message":"[TICK] Balance: $5000.00 | Equity: $5156.78 | Positions: [bollinger_bands:GBP/USD(BUY,PnL:$1.27), bollinger_bands:USD/JPY(BUY,PnL:$155.51)]","timestamp":"2026-07-13 23:35:27"}
{"level":"info","message":"[TICK] Balance: $5000.00 | Equity: $5156.78 | Positions: [bollinger_bands:GBP/USD(BUY,PnL:$1.27), bollinger_bands:USD/JPY(BUY,PnL:$155.51)]","timestamp":"2026-07-13 23:36:37"}
{"level":"info","message":"[POSITION CLOSED] BUY GBP/USD closed @ 1.26978 | Realized PnL: $0.31 | Reason: Strategy signal CLOSE (bollinger_bands)","timestamp":"2026-07-13 23:37:19"}
{"level":"info","message":"[SIMULATOR] Placed mock SELL order for 0.01 USD/JPY","timestamp":"2026-07-13 23:37:41"}
{"level":"info","message":"[ORDER EXECUTED] MT5 Ticket: mock_1783966061321 | SELL 0.01 lots USD/JPY @ 150.000 | SL: 150.2 | TP: 149.6","timestamp":"2026-07-13 23:37:41"}
{"level":"info","message":"[TICK] Balance: $5000.31 | Equity: $5155.83 | Positions: [bollinger_bands:USD/JPY(BUY,PnL:$155.52), ma_crossover_scalper:USD/JPY(SELL,PnL:$0.00)]","timestamp":"2026-07-13 23:37:42"}
{"level":"info","message":"[POSITION CLOSED] BUY USD/JPY closed @ 155.527 | Realized PnL: $44.22 | Reason: Strategy signal CLOSE (bollinger_bands)","timestamp":"2026-07-13 23:38:42"}
{"level":"info","message":"[TICK] Balance: $5044.53 | Equity: $2273.53 | Positions: [ma_crossover_scalper:USD/JPY(SELL,PnL:$-2771.00)]","timestamp":"2026-07-13 23:38:42"}
{"level":"warn","message":"Risk Management: Daily loss limit breached (PnL: $-2767.50, Limit: -$250.00). Halted trading for today.","timestamp":"2026-07-13 23:39:03"}
{"level":"info","message":"[TICK] Balance: $5044.53 | Equity: $2277.03 | Positions: [ma_crossover_scalper:USD/JPY(SELL,PnL:$-2767.50)]","timestamp":"2026-07-13 23:39:44"}
{"level":"warn","message":"Risk Management: Daily loss limit breached (PnL: $-2765.00, Limit: -$250.00). Halted trading for today.","timestamp":"2026-07-13 23:40:24"}
{"level":"info","message":"[TICK] Balance: $5044.53 | Equity: $2279.53 | Positions: [ma_crossover_scalper:USD/JPY(SELL,PnL:$-2765.00)]","timestamp":"2026-07-13 23:40:46"}
{"level":"warn","message":"Risk Management: Daily loss limit breached (PnL: $-2761.00, Limit: -$250.00). Halted trading for today.","timestamp":"2026-07-13 23:41:05"}
{"level":"info","message":"[POSITION CLOSED] SELL USD/JPY closed @ 155.522 | Realized PnL: $-2761.00 | Reason: Strategy signal CLOSE (ma_crossover_scalper)","timestamp":"2026-07-13 23:41:47"}
{"level":"info","message":"[TICK] Balance: $2283.53 | Equity: $2283.53 | Positions: [None]","timestamp":"2026-07-13 23:41:47"}
{"level":"info","message":"[TICK] Balance: $2283.53 | Equity: $2283.53 | Positions: [None]","timestamp":"2026-07-13 23:42:47"}
{"level":"info","message":"[TICK] Balance: $2283.53 | Equity: $2283.53 | Positions: [None]","timestamp":"2026-07-13 23:43:51"}
{"level":"info","message":"[TICK] Balance: $2283.53 | Equity: $2283.53 | Positions: [None]","timestamp":"2026-07-13 23:44:57"}
{"level":"info","message":"[TICK] Balance: $2283.53 | Equity: $2283.53 | Positions: [None]","timestamp":"2026-07-13 23:46:00"}
{"level":"info","message":"[TICK] Balance: $2283.53 | Equity: $2283.53 | Positions: [None]","timestamp":"2026-07-13 23:46:58"}
{"level":"info","message":"[TICK] Balance: $2283.53 | Equity: $2283.53 | Positions: [None]","timestamp":"2026-07-13 23:47:53"}
{"level":"info","message":"[TICK] Balance: $2283.53 | Equity: $2283.53 | Positions: [None]","timestamp":"2026-07-13 23:48:58"}
{"level":"info","message":"[TICK] Balance: $2283.53 | Equity: $2283.53 | Positions: [None]","timestamp":"2026-07-13 23:50:34"}
{"level":"info","message":"[TICK] Balance: $2283.53 | Equity: $2283.53 | Positions: [None]","timestamp":"2026-07-13 23:52:09"}
{"level":"info","message":"[TICK] Balance: $2283.53 | Equity: $2283.53 | Positions: [None]","timestamp":"2026-07-13 23:53:45"}
{"level":"info","message":"==================================================","timestamp":"2026-07-13 23:55:05"}
{"level":"info","message":"   Starting Forex Paper Trading Bot Engine        ","timestamp":"2026-07-13 23:55:05"}
{"level":"info","message":"==================================================","timestamp":"2026-07-13 23:55:05"}
{"level":"info","message":"Initializing JSON-file Database at: D:\\Frerlancing\\Treding Bot\\forex_bot_db.json","timestamp":"2026-07-13 23:55:05"}
{"level":"info","message":"JSON Database initialized successfully.","timestamp":"2026-07-13 23:55:05"}
{"level":"info","message":"Trading Engine Initialized. Realized PnL: $0.00. Current Account Balance: $5000.00","timestamp":"2026-07-13 23:55:05"}
{"level":"info","message":"Telegram Notifier skipped (missing TELEGRAM_BOT_TOKEN or TELEGRAM_CHAT_ID).","timestamp":"2026-07-13 23:55:05"}
{"level":"error","message":"Bootstrap failed: Cannot read properties of undefined (reading 'on')","stack":"TypeError: Cannot read properties of undefined (reading 'on')\n    at bootstrap (D:\\Frerlancing\\Treding Bot\\src\\index.ts:27:16)\n    at Object.<anonymous> (D:\\Frerlancing\\Treding Bot\\src\\index.ts:193:1)\n    at Module.<anonymous> (node:internal/modules/cjs/loader:1812:14)\n    at Module._compile (D:\\Frerlancing\\Treding Bot\\node_modules\\source-map-support\\source-map-support.js:521:25)\n    at Module.m._compile (C:\\Users\\admin\\AppData\\Local\\Temp\\ts-node-dev-hook-29568703299648247.js:69:33)\n    at node:internal/modules/cjs/loader:1943:10\n    at require.extensions..jsx.require.extensions..js (C:\\Users\\admin\\AppData\\Local\\Temp\\ts-node-dev-hook-29568703299648247.js:114:20)\n    at require.extensions.<computed> (C:\\Users\\admin\\AppData\\Local\\Temp\\ts-node-dev-hook-29568703299648247.js:71:20)\n    at Object.nodeDevHook [as .ts] (D:\\Frerlancing\\Treding Bot\\node_modules\\ts-node-dev\\lib\\hook.js:63:13)\n    at Module.load (node:internal/modules/cjs/loader:1533:32)","timestamp":"2026-07-13 23:55:05"}
{"level":"info","message":"==================================================","timestamp":"2026-07-13 23:55:28"}
{"level":"info","message":"   Starting Forex Paper Trading Bot Engine        ","timestamp":"2026-07-13 23:55:28"}
{"level":"info","message":"==================================================","timestamp":"2026-07-13 23:55:28"}
{"level":"info","message":"Initializing JSON-file Database at: D:\\Frerlancing\\Treding Bot\\forex_bot_db.json","timestamp":"2026-07-13 23:55:28"}
{"level":"info","message":"JSON Database initialized successfully.","timestamp":"2026-07-13 23:55:29"}
{"level":"info","message":"Trading Engine Initialized. Realized PnL: $0.00. Current Account Balance: $5000.00","timestamp":"2026-07-13 23:55:29"}
{"level":"info","message":"Telegram Notifier skipped (missing TELEGRAM_BOT_TOKEN or TELEGRAM_CHAT_ID).","timestamp":"2026-07-13 23:55:29"}
{"level":"error","message":"Bootstrap failed: Cannot read properties of undefined (reading 'on')","stack":"TypeError: Cannot read properties of undefined (reading 'on')\n    at bootstrap (D:\\Frerlancing\\Treding Bot\\src\\index.ts:27:16)\n    at Object.<anonymous> (D:\\Frerlancing\\Treding Bot\\src\\index.ts:193:1)\n    at Module.<anonymous> (node:internal/modules/cjs/loader:1812:14)\n    at Module._compile (D:\\Frerlancing\\Treding Bot\\node_modules\\source-map-support\\source-map-support.js:521:25)\n    at Module.m._compile (C:\\Users\\admin\\AppData\\Local\\Temp\\ts-node-dev-hook-29568703299648247.js:69:33)\n    at node:internal/modules/cjs/loader:1943:10\n    at require.extensions..jsx.require.extensions..js (C:\\Users\\admin\\AppData\\Local\\Temp\\ts-node-dev-hook-29568703299648247.js:114:20)\n    at require.extensions.<computed> (C:\\Users\\admin\\AppData\\Local\\Temp\\ts-node-dev-hook-29568703299648247.js:71:20)\n    at Object.nodeDevHook [as .ts] (D:\\Frerlancing\\Treding Bot\\node_modules\\ts-node-dev\\lib\\hook.js:63:13)\n    at Module.load (node:internal/modules/cjs/loader:1533:32)","timestamp":"2026-07-13 23:55:29"}
{"level":"info","message":"==================================================","timestamp":"2026-07-14 00:11:49"}
{"level":"info","message":"   Starting Forex Paper Trading Bot Engine        ","timestamp":"2026-07-14 00:11:49"}
{"level":"info","message":"==================================================","timestamp":"2026-07-14 00:11:49"}
{"level":"info","message":"Initializing JSON-file Database at: D:\\Frerlancing\\Treding Bot\\forex_bot_db.json","timestamp":"2026-07-14 00:11:49"}
{"level":"info","message":"JSON Database initialized successfully.","timestamp":"2026-07-14 00:11:49"}
{"level":"info","message":"Trading Engine Initialized. Realized PnL: $0.00. Current Account Balance: $5000.00","timestamp":"2026-07-14 00:11:49"}
{"level":"info","message":"Telegram Notifier skipped (missing TELEGRAM_BOT_TOKEN or TELEGRAM_CHAT_ID).","timestamp":"2026-07-14 00:11:49"}
{"level":"error","message":"Bootstrap failed: Cannot read properties of undefined (reading 'on')","stack":"TypeError: Cannot read properties of undefined (reading 'on')\n    at bootstrap (D:\\Frerlancing\\Treding Bot\\src\\index.ts:27:16)\n    at Object.<anonymous> (D:\\Frerlancing\\Treding Bot\\src\\index.ts:193:1)\n    at Module.<anonymous> (node:internal/modules/cjs/loader:1812:14)\n    at Module._compile (D:\\Frerlancing\\Treding Bot\\node_modules\\source-map-support\\source-map-support.js:521:25)\n    at Module.m._compile (C:\\Users\\admin\\AppData\\Local\\Temp\\ts-node-dev-hook-29568703299648247.js:69:33)\n    at node:internal/modules/cjs/loader:1943:10\n    at require.extensions..jsx.require.extensions..js (C:\\Users\\admin\\AppData\\Local\\Temp\\ts-node-dev-hook-29568703299648247.js:114:20)\n    at require.extensions.<computed> (C:\\Users\\admin\\AppData\\Local\\Temp\\ts-node-dev-hook-29568703299648247.js:71:20)\n    at Object.nodeDevHook [as .ts] (D:\\Frerlancing\\Treding Bot\\node_modules\\ts-node-dev\\lib\\hook.js:63:13)\n    at Module.load (node:internal/modules/cjs/loader:1533:32)","timestamp":"2026-07-14 00:11:49"}
{"level":"info","message":"==================================================","timestamp":"2026-07-14 00:19:24"}
{"level":"info","message":"   Starting Forex Paper Trading Bot Engine        ","timestamp":"2026-07-14 00:19:24"}
{"level":"info","message":"==================================================","timestamp":"2026-07-14 00:19:24"}
{"level":"info","message":"Initializing JSON-file Database at: D:\\Frerlancing\\Treding Bot\\forex_bot_db.json","timestamp":"2026-07-14 00:19:24"}
{"level":"info","message":"JSON Database initialized successfully.","timestamp":"2026-07-14 00:19:24"}
{"level":"info","message":"Trading Engine Initialized. Realized PnL: $0.00. Current Account Balance: $5000.00","timestamp":"2026-07-14 00:19:24"}
{"level":"info","message":"Telegram Notifier skipped (missing TELEGRAM_BOT_TOKEN or TELEGRAM_CHAT_ID).","timestamp":"2026-07-14 00:19:24"}
{"level":"info","message":"Enabled Strategy: ma_crossover","timestamp":"2026-07-14 00:19:24"}
{"level":"info","message":"Enabled Strategy: rsi_reversion","timestamp":"2026-07-14 00:19:24"}
{"level":"info","message":"Enabled Strategy: bollinger_bands","timestamp":"2026-07-14 00:19:24"}
{"level":"info","message":"Enabled Strategy: loss_recovery","timestamp":"2026-07-14 00:19:24"}
{"level":"info","message":"Starting execution loop. Polling interval: 15 seconds.","timestamp":"2026-07-14 00:19:24"}
{"level":"info","message":"🚀 Unified REST & WebSocket server running at http://localhost:4000","timestamp":"2026-07-14 00:19:24"}
{"level":"info","message":"[POSITION UPDATE] EUR/USD @ 1.08512","timestamp":"2026-07-14 00:19:24"}
{"level":"info","message":"[TICK] Balance: $5000.00 | Equity: $4957.56 | Positions: [bollinger_bands:EUR/USD(SELL,PnL:$-42.44)]","timestamp":"2026-07-14 00:21:02"}
{"level":"info","message":"[POSITION UPDATE] EUR/USD @ 1.08515","timestamp":"2026-07-14 00:21:17"}
{"level":"info","message":"[POSITION CLOSED] SELL EUR/USD closed @ 1.08515 | Realized PnL: $-43.94 | Reason: Strategy signal CLOSE (bollinger_bands)","timestamp":"2026-07-14 00:21:52"}
{"level":"info","message":"[TICK] Balance: $4956.06 | Equity: $4956.06 | Positions: [None]","timestamp":"2026-07-14 00:22:59"}
{"level":"info","message":"[TICK] Balance: $4956.06 | Equity: $4956.06 | Positions: [None]","timestamp":"2026-07-14 00:24:38"}
{"level":"warn","message":"Dashboard triggered a manual bot restart. Exiting process...","timestamp":"2026-07-14 00:24:38"}
{"level":"info","message":"[TICK] Balance: $4956.06 | Equity: $4956.06 | Positions: [None]","timestamp":"2026-07-14 00:26:18"}
{"level":"info","message":"==================================================","timestamp":"2026-07-14 00:29:08"}
{"level":"info","message":"   Starting Forex Paper Trading Bot Engine        ","timestamp":"2026-07-14 00:29:08"}
{"level":"info","message":"==================================================","timestamp":"2026-07-14 00:29:08"}
{"level":"info","message":"Initializing JSON-file Database at: D:\\Frerlancing\\Treding Bot\\forex_bot_db.json","timestamp":"2026-07-14 00:29:08"}
{"level":"info","message":"JSON Database initialized successfully.","timestamp":"2026-07-14 00:29:08"}
{"level":"info","message":"Trading Engine Initialized. Realized PnL: $0.00. Current Account Balance: $5000.00","timestamp":"2026-07-14 00:29:08"}
{"level":"info","message":"Telegram Notifier skipped (missing TELEGRAM_BOT_TOKEN or TELEGRAM_CHAT_ID).","timestamp":"2026-07-14 00:29:08"}
{"level":"info","message":"Enabled Strategy: ma_crossover","timestamp":"2026-07-14 00:29:08"}
{"level":"info","message":"Enabled Strategy: rsi_reversion","timestamp":"2026-07-14 00:29:08"}
{"level":"info","message":"Enabled Strategy: bollinger_bands","timestamp":"2026-07-14 00:29:08"}
{"level":"info","message":"Enabled Strategy: loss_recovery","timestamp":"2026-07-14 00:29:08"}
{"level":"info","message":"Starting execution loop. Polling interval: 15 seconds.","timestamp":"2026-07-14 00:29:08"}
{"level":"info","message":"🚀 Unified REST & WebSocket server running at http://localhost:4000","timestamp":"2026-07-14 00:29:08"}
{"level":"info","message":"[TICK] Balance: $5000.00 | Equity: $5000.00 | Positions: [None]","timestamp":"2026-07-14 00:31:14"}
{"level":"info","message":"[SIMULATOR] Placed mock SELL order for 0.4 EUR/USD","timestamp":"2026-07-14 00:32:04"}
{"level":"info","message":"[ORDER EXECUTED] MT5 Ticket: mock_1783969324322 | SELL 0.4 lots EUR/USD @ 1.08540 | SL: 1.0879 | TP: 1.0804","timestamp":"2026-07-14 00:32:04"}
{"level":"info","message":"[POSITION UPDATE] EUR/USD @ 1.0853959974686431","timestamp":"2026-07-14 00:32:04"}
{"level":"info","message":"[TICK] Balance: $5000.00 | Equity: $5000.00 | Positions: [rsi_reversion:EUR/USD(SELL,PnL:$0.00)]","timestamp":"2026-07-14 00:33:13"}
{"level":"info","message":"[POSITION UPDATE] EUR/USD @ 1.08506","timestamp":"2026-07-14 00:33:13"}
{"level":"info","message":"[TICK] Balance: $5000.00 | Equity: $5001.09 | Positions: [rsi_reversion:EUR/USD(SELL,PnL:$1.09)]","timestamp":"2026-07-14 00:34:56"}
{"level":"info","message":"==================================================","timestamp":"2026-07-14 00:36:19"}
{"level":"info","message":"   Starting Forex Paper Trading Bot Engine        ","timestamp":"2026-07-14 00:36:19"}
{"level":"info","message":"==================================================","timestamp":"2026-07-14 00:36:19"}
{"level":"info","message":"Initializing JSON-file Database at: D:\\Frerlancing\\Treding Bot\\forex_bot_db.json","timestamp":"2026-07-14 00:36:19"}
{"level":"info","message":"JSON Database initialized successfully.","timestamp":"2026-07-14 00:36:20"}
{"level":"info","message":"Trading Engine Initialized. Realized PnL: $0.00. Current Account Balance: $5000.00","timestamp":"2026-07-14 00:36:20"}
{"level":"info","message":"Telegram Notifier & Command Listener configured successfully.","timestamp":"2026-07-14 00:36:20"}
{"level":"info","message":"Enabled Strategy: ma_crossover","timestamp":"2026-07-14 00:36:20"}
{"level":"info","message":"Enabled Strategy: rsi_reversion","timestamp":"2026-07-14 00:36:20"}
{"level":"info","message":"Enabled Strategy: bollinger_bands","timestamp":"2026-07-14 00:36:20"}
{"level":"info","message":"Enabled Strategy: loss_recovery","timestamp":"2026-07-14 00:36:20"}
{"level":"info","message":"Starting execution loop. Polling interval: 15 seconds.","timestamp":"2026-07-14 00:36:20"}
{"level":"info","message":"🚀 Unified REST & WebSocket server running at http://localhost:4000","timestamp":"2026-07-14 00:36:20"}
{"level":"info","message":"[POSITION UPDATE] EUR/USD @ 1.08508","timestamp":"2026-07-14 00:36:20"}
{"level":"info","message":"[TICK] Balance: $5000.00 | Equity: $5001.09 | Positions: [rsi_reversion:EUR/USD(SELL,PnL:$1.09)]","timestamp":"2026-07-14 00:38:01"}
{"level":"info","message":"[POSITION UPDATE] EUR/USD @ 1.08511","timestamp":"2026-07-14 00:38:16"}
{"level":"info","message":"==================================================","timestamp":"2026-07-14 00:40:14"}
{"level":"info","message":"   Starting Forex Paper Trading Bot Engine        ","timestamp":"2026-07-14 00:40:14"}
{"level":"info","message":"==================================================","timestamp":"2026-07-14 00:40:14"}
{"level":"info","message":"Initializing JSON-file Database at: D:\\Frerlancing\\Treding Bot\\forex_bot_db.json","timestamp":"2026-07-14 00:40:14"}
{"level":"info","message":"JSON Database initialized successfully.","timestamp":"2026-07-14 00:40:14"}
{"level":"info","message":"Trading Engine Initialized. Realized PnL: $0.00. Current Account Balance: $5000.00","timestamp":"2026-07-14 00:40:14"}
{"level":"info","message":"Telegram Notifier & Command Listener configured successfully.","timestamp":"2026-07-14 00:40:14"}
{"level":"info","message":"Enabled Strategy: ma_crossover","timestamp":"2026-07-14 00:40:14"}
{"level":"info","message":"Enabled Strategy: rsi_reversion","timestamp":"2026-07-14 00:40:14"}
{"level":"info","message":"Enabled Strategy: bollinger_bands","timestamp":"2026-07-14 00:40:14"}
{"level":"info","message":"Enabled Strategy: loss_recovery","timestamp":"2026-07-14 00:40:14"}
{"level":"info","message":"Starting execution loop. Polling interval: 15 seconds.","timestamp":"2026-07-14 00:40:14"}
{"level":"info","message":"🚀 Unified REST & WebSocket server running at http://localhost:4000","timestamp":"2026-07-14 00:40:14"}
{"level":"info","message":"[POSITION UPDATE] EUR/USD @ 1.08506","timestamp":"2026-07-14 00:40:15"}
{"level":"info","message":"[POSITION UPDATE] EUR/USD @ 1.08491","timestamp":"2026-07-14 00:40:15"}
{"level":"info","message":"[SIMULATOR] Placed mock SELL order for 0.01 USD/JPY","timestamp":"2026-07-14 00:41:59"}
{"level":"info","message":"[ORDER EXECUTED] MT5 Ticket: mock_1783969919181 | SELL 0.01 lots USD/JPY @ 150.001 | SL: 150.201 | TP: 149.601","timestamp":"2026-07-14 00:41:59"}
{"level":"info","message":"[POSITION UPDATE] USD/JPY @ 150.00095695205997","timestamp":"2026-07-14 00:41:59"}
{"level":"info","message":"[TICK] Balance: $5000.00 | Equity: $4981.25 | Positions: [rsi_reversion:EUR/USD(SELL,PnL:$1.09), ma_crossover_scalper:EUR/USD(BUY,PnL:$-19.84), ma_crossover_scalper:USD/JPY(SELL,PnL:$0.00)]","timestamp":"2026-07-14 00:41:59"}
{"level":"info","message":"[TELEGRAM] Received command: /start","timestamp":"2026-07-14 00:42:00"}
{"level":"info","message":"[TELEGRAM] Received command: /status","timestamp":"2026-07-14 00:42:01"}
{"level":"info","message":"[TELEGRAM] Received command: /list","timestamp":"2026-07-14 00:42:01"}
{"level":"info","message":"[TELEGRAM] Received command: /status","timestamp":"2026-07-14 00:42:01"}
{"level":"info","message":"[TELEGRAM] Received command: /start","timestamp":"2026-07-14 00:42:01"}
{"level":"info","message":"[POSITION UPDATE] EUR/USD @ 1.08506","timestamp":"2026-07-14 00:42:15"}
{"level":"info","message":"==================================================","timestamp":"2026-07-14 00:43:01"}
{"level":"info","message":"   Starting Forex Paper Trading Bot Engine        ","timestamp":"2026-07-14 00:43:01"}
{"level":"info","message":"==================================================","timestamp":"2026-07-14 00:43:01"}
{"level":"info","message":"Initializing JSON-file Database at: D:\\Frerlancing\\Treding Bot\\forex_bot_db.json","timestamp":"2026-07-14 00:43:01"}
{"level":"info","message":"JSON Database initialized successfully.","timestamp":"2026-07-14 00:43:02"}
{"level":"info","message":"Trading Engine Initialized. Realized PnL: $0.00. Current Account Balance: $5000.00","timestamp":"2026-07-14 00:43:02"}
{"level":"info","message":"Telegram Notifier & Command Listener configured successfully.","timestamp":"2026-07-14 00:43:02"}
{"level":"info","message":"Enabled Strategy: ma_crossover","timestamp":"2026-07-14 00:43:02"}
{"level":"info","message":"Enabled Strategy: rsi_reversion","timestamp":"2026-07-14 00:43:02"}
{"level":"info","message":"Enabled Strategy: bollinger_bands","timestamp":"2026-07-14 00:43:02"}
{"level":"info","message":"Enabled Strategy: loss_recovery","timestamp":"2026-07-14 00:43:02"}
{"level":"info","message":"Starting execution loop. Polling interval: 15 seconds.","timestamp":"2026-07-14 00:43:02"}
{"level":"info","message":"🚀 Unified REST & WebSocket server running at http://localhost:4000","timestamp":"2026-07-14 00:43:02"}
{"level":"info","message":"[POSITION UPDATE] EUR/USD @ 1.08505","timestamp":"2026-07-14 00:43:02"}
{"level":"info","message":"[POSITION UPDATE] EUR/USD @ 1.0849","timestamp":"2026-07-14 00:43:02"}
{"level":"info","message":"[POSITION UPDATE] USD/JPY @ 155.509","timestamp":"2026-07-14 00:43:03"}
{"level":"warn","message":"Risk Management: Daily loss limit breached (PnL: $-2773.27, Limit: -$250.00). Halted trading for today.","timestamp":"2026-07-14 00:44:12"}
{"level":"info","message":"[TICK] Balance: $5000.00 | Equity: $2226.73 | Positions: [rsi_reversion:EUR/USD(SELL,PnL:$1.09), ma_crossover_scalper:EUR/USD(BUY,PnL:$-20.34), ma_crossover_scalper:USD/JPY(SELL,PnL:$-2754.02)]","timestamp":"2026-07-14 00:44:47"}
{"level":"info","message":"[TELEGRAM] Received command: /status","timestamp":"2026-07-14 00:44:48"}
{"level":"info","message":"[TELEGRAM] Processing command: /status","timestamp":"2026-07-14 00:44:48"}
{"level":"info","message":"[TELEGRAM] Received command: /start","timestamp":"2026-07-14 00:44:48"}
{"level":"info","message":"[TELEGRAM] Processing command: /start","timestamp":"2026-07-14 00:44:48"}
{"level":"info","message":"[POSITION UPDATE] EUR/USD @ 1.08508","timestamp":"2026-07-14 00:45:03"}
{"level":"info","message":"==================================================","timestamp":"2026-07-14 00:47:51"}
{"level":"info","message":"   Starting Forex Paper Trading Bot Engine        ","timestamp":"2026-07-14 00:47:51"}
{"level":"info","message":"==================================================","timestamp":"2026-07-14 00:47:51"}
{"level":"info","message":"Initializing JSON-file Database at: D:\\Frerlancing\\Treding Bot\\forex_bot_db.json","timestamp":"2026-07-14 00:47:51"}
{"level":"info","message":"JSON Database initialized successfully.","timestamp":"2026-07-14 00:47:52"}
{"level":"info","message":"Trading Engine Initialized. Realized PnL: $0.00. Current Account Balance: $5000.00","timestamp":"2026-07-14 00:47:52"}
{"level":"info","message":"Telegram Notifier & Command Listener configured successfully.","timestamp":"2026-07-14 00:47:52"}
{"level":"info","message":"Enabled Strategy: ma_crossover","timestamp":"2026-07-14 00:47:52"}
{"level":"info","message":"Enabled Strategy: rsi_reversion","timestamp":"2026-07-14 00:47:52"}
{"level":"info","message":"Enabled Strategy: bollinger_bands","timestamp":"2026-07-14 00:47:52"}
{"level":"info","message":"Enabled Strategy: loss_recovery","timestamp":"2026-07-14 00:47:52"}
{"level":"info","message":"Starting execution loop. Polling interval: 15 seconds.","timestamp":"2026-07-14 00:47:52"}
{"level":"info","message":"🚀 Unified REST & WebSocket server running at http://localhost:4000","timestamp":"2026-07-14 00:47:52"}
{"level":"info","message":"[POSITION UPDATE] EUR/USD @ 1.08509","timestamp":"2026-07-14 00:47:52"}
{"level":"info","message":"[POSITION UPDATE] EUR/USD @ 1.08494","timestamp":"2026-07-14 00:47:52"}
{"level":"info","message":"[POSITION UPDATE] USD/JPY @ 155.503","timestamp":"2026-07-14 00:47:53"}
{"level":"info","message":"[TICK] Balance: $5000.00 | Equity: $2231.73 | Positions: [rsi_reversion:EUR/USD(SELL,PnL:$1.09), ma_crossover_scalper:EUR/USD(BUY,PnL:$-18.34), ma_crossover_scalper:USD/JPY(SELL,PnL:$-2751.02)]","timestamp":"2026-07-14 00:49:37"}
{"level":"info","message":"[TELEGRAM] Received command: /start","timestamp":"2026-07-14 00:49:37"}
{"level":"info","message":"[TELEGRAM] Processing command: /start","timestamp":"2026-07-14 00:49:37"}
{"level":"info","message":"[TELEGRAM] Received command: /status","timestamp":"2026-07-14 00:49:38"}
{"level":"info","message":"[TELEGRAM] Processing command: /status","timestamp":"2026-07-14 00:49:38"}
{"level":"info","message":"[TELEGRAM] Received command: /list","timestamp":"2026-07-14 00:49:38"}
{"level":"info","message":"[TELEGRAM] Processing command: /list","timestamp":"2026-07-14 00:49:38"}
{"level":"info","message":"[TELEGRAM] Received command: /resume","timestamp":"2026-07-14 00:49:38"}
{"level":"info","message":"[TELEGRAM] Processing command: /resume","timestamp":"2026-07-14 00:49:38"}
{"level":"info","message":"[POSITION UPDATE] EUR/USD @ 1.08511","timestamp":"2026-07-14 00:49:52"}
{"level":"info","message":"[POSITION UPDATE] EUR/USD @ 1.08496","timestamp":"2026-07-14 00:49:52"}
{"level":"info","message":"[POSITION UPDATE] USD/JPY @ 155.508","timestamp":"2026-07-14 00:49:53"}
{"level":"info","message":"[TICK] Balance: $5000.00 | Equity: $2230.23 | Positions: [rsi_reversion:EUR/USD(SELL,PnL:$1.09), ma_crossover_scalper:EUR/USD(BUY,PnL:$-17.34), ma_crossover_scalper:USD/JPY(SELL,PnL:$-2753.52)]","timestamp":"2026-07-14 00:51:33"}
{"level":"info","message":"==================================================","timestamp":"2026-07-14 07:18:50"}
{"level":"info","message":"   Starting Forex Paper Trading Bot Engine        ","timestamp":"2026-07-14 07:18:50"}
{"level":"info","message":"==================================================","timestamp":"2026-07-14 07:18:50"}
{"level":"info","message":"Initializing JSON-file Database at: D:\\Frerlancing\\Treding Bot\\forex_bot_db.json","timestamp":"2026-07-14 07:18:50"}
{"level":"info","message":"JSON Database initialized successfully.","timestamp":"2026-07-14 07:18:50"}
{"level":"info","message":"Trading Engine Initialized. Realized PnL: $0.00. Current Account Balance: $5000.00","timestamp":"2026-07-14 07:18:50"}
{"level":"info","message":"Telegram Notifier & Command Listener configured successfully.","timestamp":"2026-07-14 07:18:50"}
{"level":"info","message":"Enabled Strategy: ma_crossover","timestamp":"2026-07-14 07:18:51"}
{"level":"info","message":"Enabled Strategy: rsi_reversion","timestamp":"2026-07-14 07:18:51"}
{"level":"info","message":"Enabled Strategy: bollinger_bands","timestamp":"2026-07-14 07:18:51"}
{"level":"info","message":"Enabled Strategy: loss_recovery","timestamp":"2026-07-14 07:18:51"}
{"level":"info","message":"Starting execution loop. Polling interval: 15 seconds.","timestamp":"2026-07-14 07:18:51"}
{"level":"info","message":"🚀 Unified REST & WebSocket server running at http://localhost:4000","timestamp":"2026-07-14 07:18:51"}
{"level":"info","message":"[POSITION UPDATE] EUR/USD @ 1.08502","timestamp":"2026-07-14 07:18:51"}
{"level":"info","message":"[POSITION UPDATE] EUR/USD @ 1.08487","timestamp":"2026-07-14 07:18:51"}
{"level":"info","message":"[POSITION UPDATE] USD/JPY @ 155.507","timestamp":"2026-07-14 07:18:52"}
{"level":"info","message":"[TICK] Balance: $5000.00 | Equity: $2226.23 | Positions: [rsi_reversion:EUR/USD(SELL,PnL:$1.09), ma_crossover_scalper:EUR/USD(BUY,PnL:$-21.84), ma_crossover_scalper:USD/JPY(SELL,PnL:$-2753.02)]","timestamp":"2026-07-14 07:20:54"}
{"level":"info","message":"[POSITION UPDATE] EUR/USD @ 1.08501","timestamp":"2026-07-14 07:21:09"}
{"level":"info","message":"==================================================","timestamp":"2026-07-14 07:21:53"}
{"level":"info","message":"   Starting Forex Paper Trading Bot Engine        ","timestamp":"2026-07-14 07:21:53"}
{"level":"info","message":"==================================================","timestamp":"2026-07-14 07:21:53"}
{"level":"info","message":"Initializing JSON-file Database at: D:\\Frerlancing\\Treding Bot\\forex_bot_db.json","timestamp":"2026-07-14 07:21:53"}
{"level":"info","message":"JSON Database initialized successfully.","timestamp":"2026-07-14 07:21:54"}
{"level":"info","message":"Trading Engine Initialized. Realized PnL: $0.00. Current Account Balance: $52.29","timestamp":"2026-07-14 07:21:54"}
{"level":"info","message":"Telegram Notifier & Command Listener configured successfully.","timestamp":"2026-07-14 07:21:54"}
{"level":"info","message":"Enabled Strategy: rsi_reversion","timestamp":"2026-07-14 07:21:54"}
{"level":"info","message":"Enabled Strategy: bollinger_bands","timestamp":"2026-07-14 07:21:54"}
{"level":"info","message":"Starting execution loop. Polling interval: 15 seconds.","timestamp":"2026-07-14 07:21:54"}
{"level":"info","message":"🚀 Unified REST & WebSocket server running at http://localhost:4000","timestamp":"2026-07-14 07:21:54"}
{"level":"info","message":"[POSITION UPDATE] EUR/USD @ 1.08509","timestamp":"2026-07-14 07:21:54"}
{"level":"info","message":"[POSITION UPDATE] EUR/USD @ 1.08494","timestamp":"2026-07-14 07:21:55"}
{"level":"info","message":"[POSITION UPDATE] USD/JPY @ 155.509","timestamp":"2026-07-14 07:21:55"}
{"level":"info","message":"[TICK] Balance: $52.29 | Equity: $-2718.98 | Positions: [rsi_reversion:EUR/USD(SELL,PnL:$1.09), ma_crossover_scalper:EUR/USD(BUY,PnL:$-18.34), ma_crossover_scalper:USD/JPY(SELL,PnL:$-2754.02)]","timestamp":"2026-07-14 07:23:41"}
{"level":"info","message":"[POSITION UPDATE] EUR/USD @ 1.0851","timestamp":"2026-07-14 07:23:57"}
{"level":"info","message":"==================================================","timestamp":"2026-07-14 07:24:25"}
{"level":"info","message":"   Starting Forex Paper Trading Bot Engine        ","timestamp":"2026-07-14 07:24:25"}
{"level":"info","message":"==================================================","timestamp":"2026-07-14 07:24:25"}
{"level":"info","message":"Initializing JSON-file Database at: D:\\Frerlancing\\Treding Bot\\forex_bot_db.json","timestamp":"2026-07-14 07:24:25"}
{"level":"info","message":"JSON Database initialized successfully.","timestamp":"2026-07-14 07:24:25"}
{"level":"info","message":"Trading Engine Initialized. Realized PnL: $0.00. Current Account Balance: $52.29","timestamp":"2026-07-14 07:24:25"}
{"level":"info","message":"Telegram Notifier & Command Listener configured successfully.","timestamp":"2026-07-14 07:24:25"}
{"level":"info","message":"Enabled Strategy: rsi_reversion","timestamp":"2026-07-14 07:24:25"}
{"level":"info","message":"Enabled Strategy: bollinger_bands","timestamp":"2026-07-14 07:24:25"}
{"level":"info","message":"Enabled Strategy: ml_signal (Python microservice)","timestamp":"2026-07-14 07:24:25"}
{"level":"info","message":"Checking ML Service connectivity and models...","timestamp":"2026-07-14 07:24:25"}
{"level":"error","message":"ML Client predict failed for EUR/USD: connect ECONNREFUSED 127.0.0.1:8000","timestamp":"2026-07-14 07:24:40"}
{"level":"info","message":"ML model for EUR/USD is loaded and ready.","timestamp":"2026-07-14 07:24:40"}
{"level":"error","message":"ML Client predict failed for GBP/USD: connect ECONNREFUSED 127.0.0.1:8000","timestamp":"2026-07-14 07:24:55"}
{"level":"info","message":"ML model for GBP/USD is loaded and ready.","timestamp":"2026-07-14 07:24:55"}
{"level":"error","message":"ML Client predict failed for USD/JPY: connect ECONNREFUSED 127.0.0.1:8000","timestamp":"2026-07-14 07:25:10"}
{"level":"info","message":"ML model for USD/JPY is loaded and ready.","timestamp":"2026-07-14 07:25:10"}
{"level":"info","message":"Starting execution loop. Polling interval: 15 seconds.","timestamp":"2026-07-14 07:25:10"}
{"level":"info","message":"[POSITION UPDATE] EUR/USD @ 1.08503","timestamp":"2026-07-14 07:25:10"}
{"level":"info","message":"[POSITION UPDATE] EUR/USD @ 1.08488","timestamp":"2026-07-14 07:25:10"}
{"level":"info","message":"[POSITION UPDATE] USD/JPY @ 155.51","timestamp":"2026-07-14 07:25:11"}
{"level":"info","message":"🚀 Unified REST & WebSocket server running at http://localhost:4000","timestamp":"2026-07-14 07:25:46"}
{"level":"error","message":"ML Client predict failed for EUR/USD: connect ECONNREFUSED 127.0.0.1:8000","timestamp":"2026-07-14 07:25:46"}
{"level":"info","message":"[TELEGRAM] Received command: /start","timestamp":"2026-07-14 07:26:21"}
{"level":"info","message":"[TELEGRAM] Processing command: /start","timestamp":"2026-07-14 07:26:21"}
{"level":"error","message":"ML Client predict failed for GBP/USD: connect ECONNREFUSED 127.0.0.1:8000","timestamp":"2026-07-14 07:26:21"}
{"level":"error","message":"ML Client predict failed for USD/JPY: connect ECONNREFUSED 127.0.0.1:8000","timestamp":"2026-07-14 07:26:55"}
{"level":"info","message":"[TICK] Balance: $52.29 | Equity: $-2722.48 | Positions: [rsi_reversion:EUR/USD(SELL,PnL:$1.09), ma_crossover_scalper:EUR/USD(BUY,PnL:$-21.34), ma_crossover_scalper:USD/JPY(SELL,PnL:$-2754.52)]","timestamp":"2026-07-14 07:26:55"}
{"level":"info","message":"[TELEGRAM] Received command: /status","timestamp":"2026-07-14 07:26:56"}
{"level":"info","message":"[TELEGRAM] Processing command: /status","timestamp":"2026-07-14 07:26:56"}
{"level":"info","message":"[TELEGRAM] Received command: /list","timestamp":"2026-07-14 07:26:56"}
{"level":"info","message":"[TELEGRAM] Processing command: /list","timestamp":"2026-07-14 07:26:56"}
{"level":"info","message":"[POSITION UPDATE] EUR/USD @ 1.08506","timestamp":"2026-07-14 07:27:11"}
{"level":"info","message":"[POSITION UPDATE] EUR/USD @ 1.08491","timestamp":"2026-07-14 07:27:11"}
{"level":"info","message":"[POSITION UPDATE] USD/JPY @ 155.512","timestamp":"2026-07-14 07:27:11"}
{"level":"error","message":"ML Client predict failed for EUR/USD: connect ECONNREFUSED 127.0.0.1:8000","timestamp":"2026-07-14 07:27:45"}
{"level":"info","message":"[POSITION UPDATE] EUR/USD @ 1.08502","timestamp":"2026-07-14 07:28:20"}
{"level":"info","message":"[POSITION UPDATE] EUR/USD @ 1.08487","timestamp":"2026-07-14 07:28:20"}
{"level":"info","message":"[POSITION UPDATE] USD/JPY @ 155.516","timestamp":"2026-07-14 07:28:21"}
{"level":"error","message":"ML Client predict failed for GBP/USD: connect ECONNREFUSED 127.0.0.1:8000","timestamp":"2026-07-14 07:28:55"}
{"level":"error","message":"ML Client predict failed for EUR/USD: connect ECONNREFUSED 127.0.0.1:8000","timestamp":"2026-07-14 07:29:31"}
{"level":"info","message":"[POSITION UPDATE] EUR/USD @ 1.08505","timestamp":"2026-07-14 07:30:07"}
{"level":"info","message":"[POSITION UPDATE] EUR/USD @ 1.0849","timestamp":"2026-07-14 07:30:07"}
{"level":"info","message":"[POSITION UPDATE] USD/JPY @ 155.517","timestamp":"2026-07-14 07:30:07"}
{"level":"error","message":"ML Client predict failed for USD/JPY: timeout of 15000ms exceeded","timestamp":"2026-07-14 07:30:42"}
{"level":"info","message":"[TICK] Balance: $52.29 | Equity: $-2724.98 | Positions: [rsi_reversion:EUR/USD(SELL,PnL:$1.09), ma_crossover_scalper:EUR/USD(BUY,PnL:$-20.34), ma_crossover_scalper:USD/JPY(SELL,PnL:$-2758.02)]","timestamp":"2026-07-14 07:30:42"}
{"level":"error","message":"ML Client predict failed for GBP/USD: timeout of 15000ms exceeded","timestamp":"2026-07-14 07:30:42"}
{"level":"info","message":"[POSITION UPDATE] EUR/USD @ 1.08508","timestamp":"2026-07-14 07:31:18"}
{"level":"info","message":"[POSITION UPDATE] EUR/USD @ 1.08493","timestamp":"2026-07-14 07:31:19"}
{"level":"info","message":"[POSITION UPDATE] USD/JPY @ 155.517","timestamp":"2026-07-14 07:31:19"}
{"level":"error","message":"ML Client predict failed for GBP/USD: read ECONNRESET","timestamp":"2026-07-14 07:32:31"}
{"level":"warn","message":"Telegram polling error: read ECONNRESET","timestamp":"2026-07-14 07:33:06"}
{"level":"error","message":"ML Client predict failed for USD/JPY: timeout of 15000ms exceeded","timestamp":"2026-07-14 07:33:06"}
{"level":"info","message":"[TICK] Balance: $52.29 | Equity: $-2723.48 | Positions: [rsi_reversion:EUR/USD(SELL,PnL:$1.09), ma_crossover_scalper:EUR/USD(BUY,PnL:$-18.84), ma_crossover_scalper:USD/JPY(SELL,PnL:$-2758.02)]","timestamp":"2026-07-14 07:33:06"}
{"level":"info","message":"[POSITION UPDATE] EUR/USD @ 1.08508","timestamp":"2026-07-14 07:33:07"}
{"level":"info","message":"[POSITION UPDATE] EUR/USD @ 1.08493","timestamp":"2026-07-14 07:33:07"}
{"level":"info","message":"[POSITION UPDATE] USD/JPY @ 155.524","timestamp":"2026-07-14 07:33:07"}
{"level":"error","message":"ML Client predict failed for EUR/USD: timeout of 15000ms exceeded","timestamp":"2026-07-14 07:33:42"}
{"level":"error","message":"ML Client predict failed for USD/JPY: timeout of 15000ms exceeded","timestamp":"2026-07-14 07:34:16"}
{"level":"info","message":"[TICK] Balance: $52.29 | Equity: $-2726.98 | Positions: [rsi_reversion:EUR/USD(SELL,PnL:$1.09), ma_crossover_scalper:EUR/USD(BUY,PnL:$-18.84), ma_crossover_scalper:USD/JPY(SELL,PnL:$-2761.52)]","timestamp":"2026-07-14 07:34:16"}
{"level":"info","message":"[POSITION UPDATE] EUR/USD @ 1.08506","timestamp":"2026-07-14 07:34:17"}
{"level":"info","message":"[POSITION UPDATE] EUR/USD @ 1.08491","timestamp":"2026-07-14 07:34:17"}
{"level":"info","message":"[POSITION UPDATE] USD/JPY @ 155.528","timestamp":"2026-07-14 07:34:17"}
{"level":"error","message":"ML Client predict failed for EUR/USD: timeout of 15000ms exceeded","timestamp":"2026-07-14 07:34:52"}
{"level":"error","message":"ML Client predict failed for USD/JPY: read ECONNRESET","timestamp":"2026-07-14 07:36:01"}
{"level":"info","message":"[TICK] Balance: $52.29 | Equity: $-2729.98 | Positions: [rsi_reversion:EUR/USD(SELL,PnL:$1.09), ma_crossover_scalper:EUR/USD(BUY,PnL:$-19.84), ma_crossover_scalper:USD/JPY(SELL,PnL:$-2763.52)]","timestamp":"2026-07-14 07:36:01"}
{"level":"info","message":"[POSITION UPDATE] EUR/USD @ 1.08503","timestamp":"2026-07-14 07:36:02"}
{"level":"info","message":"[POSITION UPDATE] EUR/USD @ 1.08488","timestamp":"2026-07-14 07:36:02"}
{"level":"info","message":"[POSITION UPDATE] USD/JPY @ 155.521","timestamp":"2026-07-14 07:36:03"}
{"level":"info","message":"[POSITION CLOSED] SELL EUR/USD closed @ 1.08503 | Realized PnL: $14.64 | Reason: Strategy signal CLOSE (rsi_reversion)","timestamp":"2026-07-14 07:36:37"}
{"level":"error","message":"ML Client predict failed for EUR/USD: timeout of 15000ms exceeded","timestamp":"2026-07-14 07:36:37"}
{"level":"error","message":"ML Client predict failed for GBP/USD: timeout of 15000ms exceeded","timestamp":"2026-07-14 07:37:12"}
{"level":"info","message":"[POSITION UPDATE] EUR/USD @ 1.08484","timestamp":"2026-07-14 07:37:47"}
{"level":"info","message":"[POSITION UPDATE] USD/JPY @ 155.517","timestamp":"2026-07-14 07:37:47"}
{"level":"error","message":"ML Client predict failed for EUR/USD: timeout of 15000ms exceeded","timestamp":"2026-07-14 07:38:22"}
{"level":"error","message":"ML Client predict failed for GBP/USD: timeout of 15000ms exceeded","timestamp":"2026-07-14 07:38:56"}
{"level":"warn","message":"Risk Management: Position count limit reached (2/2). Rejects signal.","timestamp":"2026-07-14 07:39:31"}
{"level":"info","message":"[TICK] Balance: $66.93 | Equity: $-2714.43 | Positions: [ma_crossover_scalper:EUR/USD(BUY,PnL:$-23.34), ma_crossover_scalper:USD/JPY(SELL,PnL:$-2758.02)]","timestamp":"2026-07-14 07:39:31"}
{"level":"warn","message":"Telegram polling error: Client network socket disconnected before secure TLS connection was established","timestamp":"2026-07-14 07:39:31"}
{"level":"info","message":"[POSITION UPDATE] EUR/USD @ 1.08483","timestamp":"2026-07-14 07:39:32"}
{"level":"info","message":"[POSITION UPDATE] USD/JPY @ 155.514","timestamp":"2026-07-14 07:39:32"}
{"level":"error","message":"ML Client predict failed for EUR/USD: timeout of 15000ms exceeded","timestamp":"2026-07-14 07:40:07"}
{"level":"error","message":"ML Client predict failed for GBP/USD: timeout of 15000ms exceeded","timestamp":"2026-07-14 07:40:41"}
{"level":"info","message":"[TICK] Balance: $66.93 | Equity: $-2713.43 | Positions: [ma_crossover_scalper:EUR/USD(BUY,PnL:$-23.84), ma_crossover_scalper:USD/JPY(SELL,PnL:$-2756.52)]","timestamp":"2026-07-14 07:41:17"}
{"level":"info","message":"[POSITION UPDATE] EUR/USD @ 1.08483","timestamp":"2026-07-14 07:41:17"}
{"level":"info","message":"[POSITION UPDATE] USD/JPY @ 155.515","timestamp":"2026-07-14 07:41:18"}
{"level":"error","message":"ML Client predict failed for EUR/USD: timeout of 15000ms exceeded","timestamp":"2026-07-14 07:41:53"}
{"level":"error","message":"ML Client predict failed for GBP/USD: timeout of 15000ms exceeded","timestamp":"2026-07-14 07:42:28"}
{"level":"warn","message":"Risk Management: Position count limit reached (2/2). Rejects signal.","timestamp":"2026-07-14 07:43:03"}
{"level":"info","message":"[TICK] Balance: $66.93 | Equity: $-2713.93 | Positions: [ma_crossover_scalper:EUR/USD(BUY,PnL:$-23.84), ma_crossover_scalper:USD/JPY(SELL,PnL:$-2757.02)]","timestamp":"2026-07-14 07:43:03"}
{"level":"info","message":"[POSITION UPDATE] EUR/USD @ 1.08483","timestamp":"2026-07-14 07:43:03"}
{"level":"info","message":"[POSITION UPDATE] USD/JPY @ 155.522","timestamp":"2026-07-14 07:43:04"}
{"level":"error","message":"ML Client predict failed for EUR/USD: timeout of 15000ms exceeded","timestamp":"2026-07-14 07:43:39"}
{"level":"error","message":"ML Client predict failed for GBP/USD: timeout of 15000ms exceeded","timestamp":"2026-07-14 07:44:14"}
{"level":"warn","message":"Risk Management: Position count limit reached (2/2). Rejects signal.","timestamp":"2026-07-14 07:44:49"}
{"level":"info","message":"[TICK] Balance: $66.93 | Equity: $-2717.43 | Positions: [ma_crossover_scalper:EUR/USD(BUY,PnL:$-23.84), ma_crossover_scalper:USD/JPY(SELL,PnL:$-2760.52)]","timestamp":"2026-07-14 07:44:49"}
{"level":"info","message":"[POSITION UPDATE] EUR/USD @ 1.08481","timestamp":"2026-07-14 07:44:50"}
{"level":"info","message":"[POSITION UPDATE] USD/JPY @ 155.521","timestamp":"2026-07-14 07:44:50"}
{"level":"error","message":"ML Client predict failed for EUR/USD: timeout of 15000ms exceeded","timestamp":"2026-07-14 07:45:25"}
{"level":"error","message":"ML Client predict failed for GBP/USD: timeout of 15000ms exceeded","timestamp":"2026-07-14 07:46:01"}
{"level":"info","message":"[TICK] Balance: $66.93 | Equity: $-2717.93 | Positions: [ma_crossover_scalper:EUR/USD(BUY,PnL:$-24.84), ma_crossover_scalper:USD/JPY(SELL,PnL:$-2760.02)]","timestamp":"2026-07-14 07:46:36"}
{"level":"warn","message":"Telegram polling error: read ECONNRESET","timestamp":"2026-07-14 07:46:36"}
{"level":"info","message":"[POSITION UPDATE] EUR/USD @ 1.08478","timestamp":"2026-07-14 07:46:36"}
{"level":"info","message":"[POSITION UPDATE] USD/JPY @ 155.527","timestamp":"2026-07-14 07:46:37"}
{"level":"error","message":"ML Client predict failed for EUR/USD: timeout of 15000ms exceeded","timestamp":"2026-07-14 07:47:12"}
{"level":"error","message":"ML Client predict failed for GBP/USD: timeout of 15000ms exceeded","timestamp":"2026-07-14 07:47:47"}
{"level":"warn","message":"Risk Management: Position count limit reached (2/2). Rejects signal.","timestamp":"2026-07-14 07:48:23"}
{"level":"info","message":"[TICK] Balance: $66.93 | Equity: $-2722.43 | Positions: [ma_crossover_scalper:EUR/USD(BUY,PnL:$-26.34), ma_crossover_scalper:USD/JPY(SELL,PnL:$-2763.02)]","timestamp":"2026-07-14 07:48:23"}
{"level":"info","message":"[POSITION UPDATE] EUR/USD @ 1.08481","timestamp":"2026-07-14 07:48:23"}
{"level":"info","message":"[POSITION UPDATE] USD/JPY @ 155.53","timestamp":"2026-07-14 07:48:24"}
{"level":"error","message":"ML Client predict failed for EUR/USD: timeout of 15000ms exceeded","timestamp":"2026-07-14 07:48:59"}
{"level":"error","message":"ML Client predict failed for GBP/USD: timeout of 15000ms exceeded","timestamp":"2026-07-14 07:49:34"}
{"level":"info","message":"[TICK] Balance: $66.93 | Equity: $-2722.43 | Positions: [ma_crossover_scalper:EUR/USD(BUY,PnL:$-24.84), ma_crossover_scalper:USD/JPY(SELL,PnL:$-2764.52)]","timestamp":"2026-07-14 07:50:10"}
{"level":"info","message":"[POSITION UPDATE] EUR/USD @ 1.08483","timestamp":"2026-07-14 07:50:10"}
{"level":"info","message":"[POSITION UPDATE] USD/JPY @ 155.529","timestamp":"2026-07-14 07:50:11"}
{"level":"error","message":"ML Client predict failed for EUR/USD: timeout of 15000ms exceeded","timestamp":"2026-07-14 07:50:46"}
{"level":"error","message":"ML Client predict failed for GBP/USD: timeout of 15000ms exceeded","timestamp":"2026-07-14 07:51:22"}
{"level":"warn","message":"Risk Management: Position count limit reached (2/2). Rejects signal.","timestamp":"2026-07-14 07:51:57"}
{"level":"info","message":"[TICK] Balance: $66.93 | Equity: $-2720.93 | Positions: [ma_crossover_scalper:EUR/USD(BUY,PnL:$-23.84), ma_crossover_scalper:USD/JPY(SELL,PnL:$-2764.02)]","timestamp":"2026-07-14 07:51:58"}
{"level":"info","message":"[POSITION UPDATE] EUR/USD @ 1.08481","timestamp":"2026-07-14 07:51:58"}
{"level":"info","message":"[POSITION UPDATE] USD/JPY @ 155.526","timestamp":"2026-07-14 07:51:58"}
{"level":"error","message":"ML Client predict failed for EUR/USD: timeout of 15000ms exceeded","timestamp":"2026-07-14 07:52:34"}
{"level":"error","message":"ML Client predict failed for GBP/USD: timeout of 15000ms exceeded","timestamp":"2026-07-14 07:53:13"}
{"level":"info","message":"[TICK] Balance: $66.93 | Equity: $-2720.43 | Positions: [ma_crossover_scalper:EUR/USD(BUY,PnL:$-24.84), ma_crossover_scalper:USD/JPY(SELL,PnL:$-2762.52)]","timestamp":"2026-07-14 07:53:52"}
{"level":"warn","message":"Telegram polling error: Client network socket disconnected before secure TLS connection was established","timestamp":"2026-07-14 07:53:52"}
{"level":"info","message":"[POSITION UPDATE] EUR/USD @ 1.08484","timestamp":"2026-07-14 07:53:53"}
{"level":"info","message":"[POSITION UPDATE] USD/JPY @ 155.527","timestamp":"2026-07-14 07:53:53"}
{"level":"error","message":"ML Client predict failed for EUR/USD: timeout of 15000ms exceeded","timestamp":"2026-07-14 07:54:32"}
{"level":"error","message":"ML Client predict failed for GBP/USD: timeout of 15000ms exceeded","timestamp":"2026-07-14 07:55:12"}
{"level":"info","message":"[TICK] Balance: $66.93 | Equity: $-2719.43 | Positions: [ma_crossover_scalper:EUR/USD(BUY,PnL:$-23.34), ma_crossover_scalper:USD/JPY(SELL,PnL:$-2763.02)]","timestamp":"2026-07-14 07:55:51"}
{"level":"info","message":"[POSITION UPDATE] EUR/USD @ 1.08486","timestamp":"2026-07-14 07:55:52"}
{"level":"info","message":"[POSITION UPDATE] USD/JPY @ 155.523","timestamp":"2026-07-14 07:55:52"}
{"level":"error","message":"ML Client predict failed for EUR/USD: timeout of 15000ms exceeded","timestamp":"2026-07-14 07:56:32"}
{"level":"warn","message":"Risk Management: Position count limit reached (2/2). Rejects signal.","timestamp":"2026-07-14 07:57:11"}
{"level":"error","message":"ML Client predict failed for GBP/USD: timeout of 15000ms exceeded","timestamp":"2026-07-14 07:57:11"}
{"level":"info","message":"[TICK] Balance: $66.93 | Equity: $-2716.43 | Positions: [ma_crossover_scalper:EUR/USD(BUY,PnL:$-22.34), ma_crossover_scalper:USD/JPY(SELL,PnL:$-2761.02)]","timestamp":"2026-07-14 07:57:51"}
{"level":"info","message":"[POSITION UPDATE] EUR/USD @ 1.08488","timestamp":"2026-07-14 07:57:52"}
{"level":"info","message":"[POSITION UPDATE] USD/JPY @ 155.528","timestamp":"2026-07-14 07:57:52"}
{"level":"error","message":"ML Client predict failed for EUR/USD: timeout of 15000ms exceeded","timestamp":"2026-07-14 07:58:31"}
{"level":"error","message":"ML Client predict failed for GBP/USD: timeout of 15000ms exceeded","timestamp":"2026-07-14 07:59:11"}
{"level":"warn","message":"Risk Management: Position count limit reached (2/2). Rejects signal.","timestamp":"2026-07-14 07:59:51"}
{"level":"info","message":"[TICK] Balance: $66.93 | Equity: $-2717.93 | Positions: [ma_crossover_scalper:EUR/USD(BUY,PnL:$-21.34), ma_crossover_scalper:USD/JPY(SELL,PnL:$-2763.52)]","timestamp":"2026-07-14 07:59:51"}
{"level":"info","message":"[POSITION UPDATE] EUR/USD @ 1.08493","timestamp":"2026-07-14 07:59:52"}
{"level":"info","message":"[POSITION UPDATE] USD/JPY @ 155.526","timestamp":"2026-07-14 07:59:52"}
{"level":"error","message":"ML Client predict failed for EUR/USD: timeout of 15000ms exceeded","timestamp":"2026-07-14 08:00:32"}
{"level":"error","message":"ML Client predict failed for GBP/USD: timeout of 15000ms exceeded","timestamp":"2026-07-14 08:01:12"}
{"level":"info","message":"[TICK] Balance: $66.93 | Equity: $-2714.43 | Positions: [ma_crossover_scalper:EUR/USD(BUY,PnL:$-18.84), ma_crossover_scalper:USD/JPY(SELL,PnL:$-2762.52)]","timestamp":"2026-07-14 08:01:52"}
{"level":"warn","message":"Telegram polling error: read ECONNRESET","timestamp":"2026-07-14 08:01:52"}
{"level":"info","message":"[POSITION UPDATE] EUR/USD @ 1.08495","timestamp":"2026-07-14 08:01:52"}
{"level":"info","message":"[POSITION UPDATE] USD/JPY @ 155.531","timestamp":"2026-07-14 08:01:52"}
{"level":"error","message":"ML Client predict failed for EUR/USD: timeout of 15000ms exceeded","timestamp":"2026-07-14 08:02:32"}
{"level":"error","message":"ML Client predict failed for GBP/USD: timeout of 15000ms exceeded","timestamp":"2026-07-14 08:03:12"}
{"level":"warn","message":"Risk Management: Position count limit reached (2/2). Rejects signal.","timestamp":"2026-07-14 08:03:52"}
{"level":"info","message":"[TICK] Balance: $66.93 | Equity: $-2715.93 | Positions: [ma_crossover_scalper:EUR/USD(BUY,PnL:$-17.84), ma_crossover_scalper:USD/JPY(SELL,PnL:$-2765.02)]","timestamp":"2026-07-14 08:03:52"}
{"level":"info","message":"[POSITION UPDATE] EUR/USD @ 1.08489","timestamp":"2026-07-14 08:03:53"}
{"level":"info","message":"[POSITION UPDATE] USD/JPY @ 155.525","timestamp":"2026-07-14 08:03:53"}
{"level":"error","message":"ML Client predict failed for EUR/USD: timeout of 15000ms exceeded","timestamp":"2026-07-14 08:04:33"}
{"level":"error","message":"ML Client predict failed for GBP/USD: timeout of 15000ms exceeded","timestamp":"2026-07-14 08:05:14"}
{"level":"warn","message":"Risk Management: Position count limit reached (2/2). Rejects signal.","timestamp":"2026-07-14 08:05:54"}
{"level":"info","message":"[TICK] Balance: $66.93 | Equity: $-2715.93 | Positions: [ma_crossover_scalper:EUR/USD(BUY,PnL:$-20.84), ma_crossover_scalper:USD/JPY(SELL,PnL:$-2762.02)]","timestamp":"2026-07-14 08:05:54"}
{"level":"info","message":"[POSITION UPDATE] EUR/USD @ 1.08486","timestamp":"2026-07-14 08:05:55"}
{"level":"info","message":"[POSITION UPDATE] USD/JPY @ 155.52","timestamp":"2026-07-14 08:05:55"}
{"level":"error","message":"ML Client predict failed for EUR/USD: timeout of 15000ms exceeded","timestamp":"2026-07-14 08:06:35"}
{"level":"error","message":"ML Client predict failed for GBP/USD: timeout of 15000ms exceeded","timestamp":"2026-07-14 08:07:15"}
{"level":"warn","message":"Risk Management: Position count limit reached (2/2). Rejects signal.","timestamp":"2026-07-14 08:07:56"}
{"level":"info","message":"[TICK] Balance: $66.93 | Equity: $-2714.93 | Positions: [ma_crossover_scalper:EUR/USD(BUY,PnL:$-22.34), ma_crossover_scalper:USD/JPY(SELL,PnL:$-2759.52)]","timestamp":"2026-07-14 08:07:56"}
{"level":"info","message":"[POSITION UPDATE] EUR/USD @ 1.08482","timestamp":"2026-07-14 08:07:56"}
{"level":"info","message":"[POSITION UPDATE] USD/JPY @ 155.514","timestamp":"2026-07-14 08:07:57"}
{"level":"error","message":"ML Client predict failed for EUR/USD: timeout of 15000ms exceeded","timestamp":"2026-07-14 08:08:37"}
{"level":"error","message":"ML Client predict failed for GBP/USD: timeout of 15000ms exceeded","timestamp":"2026-07-14 08:09:17"}
{"level":"warn","message":"Risk Management: Position count limit reached (2/2). Rejects signal.","timestamp":"2026-07-14 08:09:58"}
{"level":"info","message":"[TICK] Balance: $66.93 | Equity: $-2713.93 | Positions: [ma_crossover_scalper:EUR/USD(BUY,PnL:$-24.34), ma_crossover_scalper:USD/JPY(SELL,PnL:$-2756.52)]","timestamp":"2026-07-14 08:09:58"}
{"level":"warn","message":"Telegram polling error: Client network socket disconnected before secure TLS connection was established","timestamp":"2026-07-14 08:09:58"}
{"level":"info","message":"[POSITION UPDATE] EUR/USD @ 1.08481","timestamp":"2026-07-14 08:09:59"}
{"level":"info","message":"[POSITION UPDATE] USD/JPY @ 155.513","timestamp":"2026-07-14 08:09:59"}
{"level":"error","message":"ML Client predict failed for EUR/USD: timeout of 15000ms exceeded","timestamp":"2026-07-14 08:10:39"}
{"level":"error","message":"ML Client predict failed for GBP/USD: timeout of 15000ms exceeded","timestamp":"2026-07-14 08:11:20"}
{"level":"warn","message":"Risk Management: Position count limit reached (2/2). Rejects signal.","timestamp":"2026-07-14 08:12:00"}
{"level":"info","message":"[TICK] Balance: $66.93 | Equity: $-2713.93 | Positions: [ma_crossover_scalper:EUR/USD(BUY,PnL:$-24.84), ma_crossover_scalper:USD/JPY(SELL,PnL:$-2756.02)]","timestamp":"2026-07-14 08:12:01"}
{"level":"info","message":"[POSITION UPDATE] EUR/USD @ 1.08476","timestamp":"2026-07-14 08:12:01"}
{"level":"info","message":"[POSITION UPDATE] USD/JPY @ 155.513","timestamp":"2026-07-14 08:12:01"}
{"level":"error","message":"ML Client predict failed for EUR/USD: timeout of 15000ms exceeded","timestamp":"2026-07-14 08:12:42"}
{"level":"error","message":"ML Client predict failed for GBP/USD: timeout of 15000ms exceeded","timestamp":"2026-07-14 08:13:24"}
{"level":"info","message":"[TICK] Balance: $66.93 | Equity: $-2716.43 | Positions: [ma_crossover_scalper:EUR/USD(BUY,PnL:$-27.34), ma_crossover_scalper:USD/JPY(SELL,PnL:$-2756.02)]","timestamp":"2026-07-14 08:14:05"}
{"level":"info","message":"[POSITION UPDATE] EUR/USD @ 1.08474","timestamp":"2026-07-14 08:14:06"}
{"level":"info","message":"[POSITION UPDATE] USD/JPY @ 155.512","timestamp":"2026-07-14 08:14:06"}
{"level":"warn","message":"Risk Management: Position count limit reached (2/2). Rejects signal.","timestamp":"2026-07-14 08:14:48"}
{"level":"error","message":"ML Client predict failed for EUR/USD: timeout of 15000ms exceeded","timestamp":"2026-07-14 08:14:48"}
{"level":"error","message":"ML Client predict failed for GBP/USD: timeout of 15000ms exceeded","timestamp":"2026-07-14 08:15:29"}
{"level":"warn","message":"Risk Management: Position count limit reached (2/2). Rejects signal.","timestamp":"2026-07-14 08:16:09"}
{"level":"info","message":"[TICK] Balance: $66.93 | Equity: $-2716.93 | Positions: [ma_crossover_scalper:EUR/USD(BUY,PnL:$-28.34), ma_crossover_scalper:USD/JPY(SELL,PnL:$-2755.52)]","timestamp":"2026-07-14 08:16:10"}
{"level":"info","message":"[POSITION UPDATE] EUR/USD @ 1.08472","timestamp":"2026-07-14 08:16:10"}
{"level":"info","message":"[POSITION UPDATE] USD/JPY @ 155.509","timestamp":"2026-07-14 08:16:10"}
{"level":"error","message":"ML Client predict failed for EUR/USD: timeout of 15000ms exceeded","timestamp":"2026-07-14 08:16:51"}
{"level":"error","message":"ML Client predict failed for GBP/USD: timeout of 15000ms exceeded","timestamp":"2026-07-14 08:17:32"}
{"level":"warn","message":"Risk Management: Position count limit reached (2/2). Rejects signal.","timestamp":"2026-07-14 08:18:13"}
{"level":"warn","message":"Risk Management: Position count limit reached (2/2). Rejects signal.","timestamp":"2026-07-14 08:18:13"}
{"level":"info","message":"[TICK] Balance: $66.93 | Equity: $-2716.43 | Positions: [ma_crossover_scalper:EUR/USD(BUY,PnL:$-29.34), ma_crossover_scalper:USD/JPY(SELL,PnL:$-2754.02)]","timestamp":"2026-07-14 08:18:13"}
{"level":"warn","message":"Telegram polling error: Client network socket disconnected before secure TLS connection was established","timestamp":"2026-07-14 08:18:13"}
{"level":"info","message":"[POSITION UPDATE] EUR/USD @ 1.08472","timestamp":"2026-07-14 08:18:14"}
{"level":"info","message":"[POSITION UPDATE] USD/JPY @ 155.511","timestamp":"2026-07-14 08:18:14"}
{"level":"error","message":"ML Client predict failed for EUR/USD: timeout of 15000ms exceeded","timestamp":"2026-07-14 08:18:55"}
{"level":"error","message":"ML Client predict failed for GBP/USD: timeout of 15000ms exceeded","timestamp":"2026-07-14 08:19:36"}
{"level":"info","message":"[TICK] Balance: $66.93 | Equity: $-2717.43 | Positions: [ma_crossover_scalper:EUR/USD(BUY,PnL:$-29.34), ma_crossover_scalper:USD/JPY(SELL,PnL:$-2755.02)]","timestamp":"2026-07-14 08:20:17"}
{"level":"info","message":"[POSITION UPDATE] EUR/USD @ 1.08472","timestamp":"2026-07-14 08:20:17"}
{"level":"info","message":"[POSITION UPDATE] USD/JPY @ 155.517","timestamp":"2026-07-14 08:20:18"}
{"level":"error","message":"ML Client predict failed for EUR/USD: timeout of 15000ms exceeded","timestamp":"2026-07-14 08:20:58"}
{"level":"error","message":"ML Client predict failed for GBP/USD: timeout of 15000ms exceeded","timestamp":"2026-07-14 08:21:39"}
{"level":"warn","message":"Risk Management: Position count limit reached (2/2). Rejects signal.","timestamp":"2026-07-14 08:22:20"}
{"level":"info","message":"[TICK] Balance: $66.93 | Equity: $-2720.43 | Positions: [ma_crossover_scalper:EUR/USD(BUY,PnL:$-29.34), ma_crossover_scalper:USD/JPY(SELL,PnL:$-2758.02)]","timestamp":"2026-07-14 08:22:21"}
{"level":"info","message":"[POSITION UPDATE] EUR/USD @ 1.08472","timestamp":"2026-07-14 08:22:21"}
{"level":"info","message":"[POSITION UPDATE] USD/JPY @ 155.511","timestamp":"2026-07-14 08:22:21"}
{"level":"error","message":"ML Client predict failed for EUR/USD: timeout of 15000ms exceeded","timestamp":"2026-07-14 08:23:03"}
{"level":"error","message":"ML Client predict failed for GBP/USD: timeout of 15000ms exceeded","timestamp":"2026-07-14 08:23:45"}
{"level":"info","message":"[TICK] Balance: $66.93 | Equity: $-2717.43 | Positions: [ma_crossover_scalper:EUR/USD(BUY,PnL:$-29.34), ma_crossover_scalper:USD/JPY(SELL,PnL:$-2755.02)]","timestamp":"2026-07-14 08:24:27"}
{"level":"info","message":"[POSITION UPDATE] EUR/USD @ 1.08475","timestamp":"2026-07-14 08:24:27"}
{"level":"info","message":"[POSITION UPDATE] USD/JPY @ 155.503","timestamp":"2026-07-14 08:24:27"}
{"level":"error","message":"ML Client predict failed for EUR/USD: timeout of 15000ms exceeded","timestamp":"2026-07-14 08:25:09"}
{"level":"error","message":"ML Client predict failed for GBP/USD: timeout of 15000ms exceeded","timestamp":"2026-07-14 08:25:51"}
{"level":"warn","message":"Risk Management: Position count limit reached (2/2). Rejects signal.","timestamp":"2026-07-14 08:26:33"}
{"level":"info","message":"[TICK] Balance: $66.93 | Equity: $-2711.93 | Positions: [ma_crossover_scalper:EUR/USD(BUY,PnL:$-27.84), ma_crossover_scalper:USD/JPY(SELL,PnL:$-2751.02)]","timestamp":"2026-07-14 08:26:33"}
{"level":"warn","message":"Telegram polling error: Client network socket disconnected before secure TLS connection was established","timestamp":"2026-07-14 08:26:33"}
{"level":"info","message":"[POSITION UPDATE] EUR/USD @ 1.08471","timestamp":"2026-07-14 08:26:33"}
{"level":"info","message":"[POSITION UPDATE] USD/JPY @ 155.5","timestamp":"2026-07-14 08:26:34"}
{"level":"error","message":"ML Client predict failed for EUR/USD: timeout of 15000ms exceeded","timestamp":"2026-07-14 08:27:16"}
{"level":"error","message":"ML Client predict failed for GBP/USD: timeout of 15000ms exceeded","timestamp":"2026-07-14 08:27:57"}
{"level":"info","message":"[TICK] Balance: $66.93 | Equity: $-2712.43 | Positions: [ma_crossover_scalper:EUR/USD(BUY,PnL:$-29.84), ma_crossover_scalper:USD/JPY(SELL,PnL:$-2749.52)]","timestamp":"2026-07-14 08:28:39"}
{"level":"info","message":"[POSITION UPDATE] EUR/USD @ 1.08467","timestamp":"2026-07-14 08:28:39"}
{"level":"info","message":"[POSITION UPDATE] USD/JPY @ 155.497","timestamp":"2026-07-14 08:28:40"}
{"level":"error","message":"ML Client predict failed for EUR/USD: timeout of 15000ms exceeded","timestamp":"2026-07-14 08:29:21"}
{"level":"error","message":"ML Client predict failed for GBP/USD: timeout of 15000ms exceeded","timestamp":"2026-07-14 08:30:03"}
{"level":"warn","message":"Risk Management: Position count limit reached (2/2). Rejects signal.","timestamp":"2026-07-14 08:30:45"}
{"level":"info","message":"[TICK] Balance: $66.93 | Equity: $-2712.93 | Positions: [ma_crossover_scalper:EUR/USD(BUY,PnL:$-31.84), ma_crossover_scalper:USD/JPY(SELL,PnL:$-2748.02)]","timestamp":"2026-07-14 08:30:45"}
{"level":"info","message":"[POSITION UPDATE] EUR/USD @ 1.0847","timestamp":"2026-07-14 08:30:46"}
{"level":"info","message":"[POSITION UPDATE] USD/JPY @ 155.504","timestamp":"2026-07-14 08:30:46"}
{"level":"error","message":"ML Client predict failed for EUR/USD: timeout of 15000ms exceeded","timestamp":"2026-07-14 08:31:28"}
{"level":"error","message":"ML Client predict failed for GBP/USD: timeout of 15000ms exceeded","timestamp":"2026-07-14 08:32:10"}
{"level":"warn","message":"Risk Management: Position count limit reached (2/2). Rejects signal.","timestamp":"2026-07-14 08:32:52"}
{"level":"info","message":"[TICK] Balance: $66.93 | Equity: $-2714.93 | Positions: [ma_crossover_scalper:EUR/USD(BUY,PnL:$-30.34), ma_crossover_scalper:USD/JPY(SELL,PnL:$-2751.52)]","timestamp":"2026-07-14 08:32:52"}
{"level":"info","message":"[POSITION UPDATE] EUR/USD @ 1.08472","timestamp":"2026-07-14 08:32:52"}
{"level":"info","message":"[POSITION UPDATE] USD/JPY @ 155.509","timestamp":"2026-07-14 08:32:53"}
{"level":"error","message":"ML Client predict failed for EUR/USD: timeout of 15000ms exceeded","timestamp":"2026-07-14 08:33:37"}
{"level":"error","message":"ML Client predict failed for GBP/USD: timeout of 15000ms exceeded","timestamp":"2026-07-14 08:34:21"}
{"level":"info","message":"[TICK] Balance: $66.93 | Equity: $-2716.43 | Positions: [ma_crossover_scalper:EUR/USD(BUY,PnL:$-29.34), ma_crossover_scalper:USD/JPY(SELL,PnL:$-2754.02)]","timestamp":"2026-07-14 08:34:50"}
{"level":"warn","message":"Telegram polling error: read ECONNRESET","timestamp":"2026-07-14 08:34:50"}
{"level":"info","message":"[POSITION UPDATE] EUR/USD @ 1.08471","timestamp":"2026-07-14 08:34:51"}
{"level":"info","message":"[POSITION UPDATE] USD/JPY @ 155.515","timestamp":"2026-07-14 08:34:51"}
{"level":"error","message":"ML Client predict failed for EUR/USD: timeout of 15000ms exceeded","timestamp":"2026-07-14 08:35:13"}
{"level":"error","message":"ML Client predict failed for GBP/USD: timeout of 15000ms exceeded","timestamp":"2026-07-14 08:35:36"}
{"level":"info","message":"[TICK] Balance: $66.93 | Equity: $-2719.93 | Positions: [ma_crossover_scalper:EUR/USD(BUY,PnL:$-29.84), ma_crossover_scalper:USD/JPY(SELL,PnL:$-2757.02)]","timestamp":"2026-07-14 08:35:58"}
{"level":"info","message":"[POSITION UPDATE] EUR/USD @ 1.08475","timestamp":"2026-07-14 08:35:58"}
{"level":"info","message":"[POSITION UPDATE] USD/JPY @ 155.512","timestamp":"2026-07-14 08:35:58"}
{"level":"warn","message":"Risk Management: Position count limit reached (2/2). Rejects signal.","timestamp":"2026-07-14 08:36:28"}
{"level":"error","message":"ML Client predict failed for EUR/USD: timeout of 15000ms exceeded","timestamp":"2026-07-14 08:36:28"}
{"level":"error","message":"ML Client predict failed for GBP/USD: timeout of 15000ms exceeded","timestamp":"2026-07-14 08:36:56"}
{"level":"info","message":"==================================================","timestamp":"2026-07-14 08:37:33"}
{"level":"info","message":"   Starting Forex Paper Trading Bot Engine        ","timestamp":"2026-07-14 08:37:33"}
{"level":"info","message":"==================================================","timestamp":"2026-07-14 08:37:33"}
{"level":"info","message":"Initializing JSON-file Database at: D:\\Frerlancing\\Treding Bot\\forex_bot_db.json","timestamp":"2026-07-14 08:37:33"}
{"level":"info","message":"JSON Database initialized successfully.","timestamp":"2026-07-14 08:37:33"}
{"level":"info","message":"Trading Engine Initialized. Realized PnL: $0.00. Current Account Balance: $52.29","timestamp":"2026-07-14 08:37:33"}
{"level":"info","message":"Telegram Notifier & Command Listener configured successfully.","timestamp":"2026-07-14 08:37:33"}
{"level":"info","message":"Enabled Strategy: rsi_reversion","timestamp":"2026-07-14 08:37:33"}
{"level":"info","message":"Enabled Strategy: bollinger_bands","timestamp":"2026-07-14 08:37:33"}
{"level":"info","message":"Enabled Strategy: ml_signal (Python microservice)","timestamp":"2026-07-14 08:37:33"}
{"level":"info","message":"Checking ML Service connectivity and models...","timestamp":"2026-07-14 08:37:33"}
{"level":"info","message":"ML model for EUR/USD is loaded and ready.","timestamp":"2026-07-14 08:37:42"}
{"level":"info","message":"==================================================","timestamp":"2026-07-14 08:37:57"}
{"level":"info","message":"   Starting Forex Paper Trading Bot Engine        ","timestamp":"2026-07-14 08:37:57"}
{"level":"info","message":"==================================================","timestamp":"2026-07-14 08:37:57"}
{"level":"info","message":"Initializing JSON-file Database at: D:\\Frerlancing\\Treding Bot\\forex_bot_db.json","timestamp":"2026-07-14 08:37:57"}
{"level":"info","message":"JSON Database initialized successfully.","timestamp":"2026-07-14 08:37:57"}
{"level":"info","message":"Trading Engine Initialized. Realized PnL: $0.00. Current Account Balance: $52.29","timestamp":"2026-07-14 08:37:57"}
{"level":"info","message":"Telegram Notifier & Command Listener configured successfully.","timestamp":"2026-07-14 08:37:57"}
{"level":"info","message":"Enabled Strategy: rsi_reversion","timestamp":"2026-07-14 08:37:57"}
{"level":"info","message":"Enabled Strategy: bollinger_bands","timestamp":"2026-07-14 08:37:57"}
{"level":"info","message":"Enabled Strategy: ml_signal (Python microservice)","timestamp":"2026-07-14 08:37:57"}
{"level":"info","message":"Checking ML Service connectivity and models...","timestamp":"2026-07-14 08:37:57"}
{"level":"info","message":"Fetching 50 1h candles for EUR/USD from Twelve Data...","timestamp":"2026-07-14 08:37:57"}
{"level":"info","message":"ML model for EUR/USD is loaded and ready.","timestamp":"2026-07-14 08:38:06"}
{"level":"info","message":"Fetching 50 1h candles for GBP/USD from Twelve Data...","timestamp":"2026-07-14 08:38:06"}
{"level":"info","message":"[TELEGRAM] Received command: /status","timestamp":"2026-07-14 08:38:07"}
{"level":"info","message":"[TELEGRAM] Processing command: /status","timestamp":"2026-07-14 08:38:07"}
{"level":"info","message":"==================================================","timestamp":"2026-07-14 08:38:22"}
{"level":"info","message":"   Starting Forex Paper Trading Bot Engine        ","timestamp":"2026-07-14 08:38:22"}
{"level":"info","message":"==================================================","timestamp":"2026-07-14 08:38:22"}
{"level":"info","message":"Initializing JSON-file Database at: D:\\Frerlancing\\Treding Bot\\forex_bot_db.json","timestamp":"2026-07-14 08:38:22"}
{"level":"info","message":"JSON Database initialized successfully.","timestamp":"2026-07-14 08:38:23"}
{"level":"info","message":"Trading Engine Initialized. Realized PnL: $0.00. Current Account Balance: $52.29","timestamp":"2026-07-14 08:38:23"}
{"level":"info","message":"Telegram Notifier & Command Listener configured successfully.","timestamp":"2026-07-14 08:38:23"}
{"level":"info","message":"Enabled Strategy: rsi_reversion","timestamp":"2026-07-14 08:38:23"}
{"level":"info","message":"Enabled Strategy: bollinger_bands","timestamp":"2026-07-14 08:38:23"}
{"level":"info","message":"Enabled Strategy: ml_signal (Python microservice)","timestamp":"2026-07-14 08:38:23"}
{"level":"info","message":"Checking ML Service connectivity and models...","timestamp":"2026-07-14 08:38:23"}
{"level":"info","message":"Fetching 50 1h candles for EUR/USD from Twelve Data...","timestamp":"2026-07-14 08:38:23"}
{"level":"info","message":"ML model for EUR/USD is loaded and ready.","timestamp":"2026-07-14 08:38:32"}
{"level":"info","message":"Fetching 50 1h candles for GBP/USD from Twelve Data...","timestamp":"2026-07-14 08:38:32"}
{"level":"info","message":"[TELEGRAM] Received command: /status","timestamp":"2026-07-14 08:38:32"}
{"level":"info","message":"[TELEGRAM] Processing command: /status","timestamp":"2026-07-14 08:38:32"}
{"level":"error","message":"ML Client predict failed for GBP/USD: read ECONNRESET","timestamp":"2026-07-14 08:38:41"}
{"level":"info","message":"ML model for GBP/USD is loaded and ready.","timestamp":"2026-07-14 08:38:41"}
{"level":"info","message":"Fetching 50 1h candles for USD/JPY from Twelve Data...","timestamp":"2026-07-14 08:38:41"}
{"level":"info","message":"ML model for USD/JPY is loaded and ready.","timestamp":"2026-07-14 08:38:50"}
{"level":"info","message":"Starting execution loop. Polling interval: 15 seconds.","timestamp":"2026-07-14 08:38:50"}
{"level":"info","message":"🚀 Unified REST & WebSocket server running at http://localhost:4000","timestamp":"2026-07-14 08:38:50"}
{"level":"info","message":"[POSITION UPDATE] EUR/USD @ 1.13889","timestamp":"2026-07-14 08:38:52"}
{"level":"info","message":"[POSITION UPDATE] USD/JPY @ 162.368","timestamp":"2026-07-14 08:38:52"}
{"level":"info","message":"Fetching 100 1h candles for EUR/USD from Twelve Data...","timestamp":"2026-07-14 08:38:52"}
{"level":"info","message":"Fetching 30 1day candles for EUR/USD from Twelve Data...","timestamp":"2026-07-14 08:39:12"}
{"level":"warn","message":"Risk Management: Position count limit reached (2/2). Rejects signal.","timestamp":"2026-07-14 08:39:18"}
{"level":"info","message":"Fetching 100 1h candles for GBP/USD from Twelve Data...","timestamp":"2026-07-14 08:39:18"}
{"level":"info","message":"Fetching 30 1day candles for GBP/USD from Twelve Data...","timestamp":"2026-07-14 08:39:38"}
{"level":"info","message":"[POSITION CLOSED] SELL USD/JPY closed @ 155.507 | Realized PnL: $-2753.02 | Reason: Manual Close","timestamp":"2026-07-14 08:39:39"}
{"level":"info","message":"Fetching 100 1h candles for USD/JPY from Twelve Data...","timestamp":"2026-07-14 08:39:45"}
{"level":"info","message":"Fetching 30 1day candles for USD/JPY from Twelve Data...","timestamp":"2026-07-14 08:40:02"}
{"level":"warn","message":"Calculated unit size is 0 for USD/JPY. Cancelling execution.","timestamp":"2026-07-14 08:40:09"}
{"level":"info","message":"[TICK] Balance: $-2700.73 | Equity: $-2699.59 | Positions: [ma_crossover_scalper:EUR/USD(BUY,PnL:$1.14)]","timestamp":"2026-07-14 08:40:10"}
{"level":"info","message":"[POSITION UPDATE] EUR/USD @ 1.13895","timestamp":"2026-07-14 08:40:26"}
{"level":"info","message":"Fetching 100 1h candles for EUR/USD from Twelve Data...","timestamp":"2026-07-14 08:40:26"}
{"level":"info","message":"Fetching 30 1day candles for EUR/USD from Twelve Data...","timestamp":"2026-07-14 08:40:47"}
{"level":"warn","message":"Calculated unit size is 0 for EUR/USD. Cancelling execution.","timestamp":"2026-07-14 08:40:55"}
{"level":"info","message":"Fetching 100 1h candles for GBP/USD from Twelve Data...","timestamp":"2026-07-14 08:40:55"}
{"level":"error","message":"Twelve Data candle fetch failed for GBP/USD: Request failed with status code 429. Using cache or simulator...","timestamp":"2026-07-14 08:40:55"}
{"level":"info","message":"Fetching 30 1day candles for GBP/USD from Twelve Data...","timestamp":"2026-07-14 08:40:55"}
{"level":"error","message":"MT5 quote fetch failed: Request failed with status code 429. Using simulator fallback.","timestamp":"2026-07-14 08:40:55"}
{"level":"error","message":"Twelve Data candle fetch failed for GBP/USD: Request failed with status code 429. Using cache or simulator...","timestamp":"2026-07-14 08:40:55"}
{"level":"error","message":"MT5 quote fetch failed: Request failed with status code 429. Using simulator fallback.","timestamp":"2026-07-14 08:40:55"}
{"level":"warn","message":"Calculated unit size is 0 for GBP/USD. Cancelling execution.","timestamp":"2026-07-14 08:40:55"}
{"level":"info","message":"Fetching 100 1h candles for USD/JPY from Twelve Data...","timestamp":"2026-07-14 08:40:55"}
{"level":"info","message":"==================================================","timestamp":"2026-07-14 08:57:31"}
{"level":"info","message":"   Starting Forex Paper Trading Bot Engine        ","timestamp":"2026-07-14 08:57:31"}
{"level":"info","message":"==================================================","timestamp":"2026-07-14 08:57:31"}
{"level":"info","message":"Initializing JSON-file Database at: D:\\Frerlancing\\Treding Bot\\forex_bot_db.json","timestamp":"2026-07-14 08:57:31"}
{"level":"info","message":"JSON Database initialized successfully.","timestamp":"2026-07-14 08:57:31"}
{"level":"info","message":"Trading Engine Initialized. Realized PnL: $0.00. Current Account Balance: $52.29","timestamp":"2026-07-14 08:57:31"}
{"level":"info","message":"Telegram Notifier & Command Listener configured successfully.","timestamp":"2026-07-14 08:57:31"}
{"level":"info","message":"Enabled Strategy: rsi_reversion","timestamp":"2026-07-14 08:57:31"}
{"level":"info","message":"Enabled Strategy: bollinger_bands","timestamp":"2026-07-14 08:57:31"}
{"level":"info","message":"Enabled Strategy: ml_signal (Python microservice)","timestamp":"2026-07-14 08:57:31"}
{"level":"info","message":"Checking ML Service connectivity and models...","timestamp":"2026-07-14 08:57:31"}
{"level":"info","message":"Fetching 50 1h candles for EUR/USD from Twelve Data...","timestamp":"2026-07-14 08:57:31"}
{"level":"info","message":"ML model for EUR/USD is loaded and ready.","timestamp":"2026-07-14 08:57:47"}
{"level":"info","message":"Fetching 50 1h candles for GBP/USD from Twelve Data...","timestamp":"2026-07-14 08:57:47"}
{"level":"info","message":"[TELEGRAM] Received command: /start","timestamp":"2026-07-14 08:57:47"}
{"level":"info","message":"[TELEGRAM] Processing command: /start","timestamp":"2026-07-14 08:57:47"}
{"level":"error","message":"ML Client predict failed for GBP/USD: read ECONNRESET","timestamp":"2026-07-14 08:58:02"}
{"level":"info","message":"ML model for GBP/USD is loaded and ready.","timestamp":"2026-07-14 08:58:02"}
{"level":"info","message":"Fetching 50 1h candles for USD/JPY from Twelve Data...","timestamp":"2026-07-14 08:58:02"}
{"level":"info","message":"ML model for USD/JPY is loaded and ready.","timestamp":"2026-07-14 08:58:14"}
{"level":"info","message":"Starting execution loop. Polling interval: 15 seconds.","timestamp":"2026-07-14 08:58:14"}
{"level":"info","message":"🚀 Unified REST & WebSocket server running at http://localhost:4000","timestamp":"2026-07-14 08:58:14"}
{"level":"info","message":"[POSITION UPDATE] EUR/USD @ 1.13908","timestamp":"2026-07-14 08:58:15"}
{"level":"info","message":"Fetching 100 1h candles for EUR/USD from Twelve Data...","timestamp":"2026-07-14 08:58:15"}
{"level":"info","message":"==================================================","timestamp":"2026-07-14 08:58:27"}
{"level":"info","message":"   Starting Forex Paper Trading Bot Engine        ","timestamp":"2026-07-14 08:58:27"}
{"level":"info","message":"==================================================","timestamp":"2026-07-14 08:58:27"}
{"level":"info","message":"Initializing JSON-file Database at: D:\\Frerlancing\\Treding Bot\\forex_bot_db.json","timestamp":"2026-07-14 08:58:27"}
{"level":"info","message":"JSON Database initialized successfully.","timestamp":"2026-07-14 08:58:27"}
{"level":"info","message":"Trading Engine Initialized. Realized PnL: $0.00. Current Account Balance: $52.29","timestamp":"2026-07-14 08:58:27"}
{"level":"info","message":"Telegram Notifier & Command Listener configured successfully.","timestamp":"2026-07-14 08:58:27"}
{"level":"info","message":"Enabled Strategy: rsi_reversion","timestamp":"2026-07-14 08:58:27"}
{"level":"info","message":"Enabled Strategy: bollinger_bands","timestamp":"2026-07-14 08:58:27"}
{"level":"info","message":"Enabled Strategy: ml_signal (Python microservice)","timestamp":"2026-07-14 08:58:27"}
{"level":"info","message":"Checking ML Service connectivity and models...","timestamp":"2026-07-14 08:58:27"}
{"level":"info","message":"Fetching 50 1h candles for EUR/USD from Twelve Data...","timestamp":"2026-07-14 08:58:27"}
{"level":"info","message":"ML model for EUR/USD is loaded and ready.","timestamp":"2026-07-14 08:58:38"}
{"level":"info","message":"Fetching 50 1h candles for GBP/USD from Twelve Data...","timestamp":"2026-07-14 08:58:38"}
{"level":"error","message":"ML Client predict failed for GBP/USD: read ECONNRESET","timestamp":"2026-07-14 08:58:48"}
{"level":"info","message":"ML model for GBP/USD is loaded and ready.","timestamp":"2026-07-14 08:58:48"}
{"level":"info","message":"Fetching 50 1h candles for USD/JPY from Twelve Data...","timestamp":"2026-07-14 08:58:48"}
{"level":"info","message":"ML model for USD/JPY is loaded and ready.","timestamp":"2026-07-14 08:59:00"}
{"level":"info","message":"Starting execution loop. Polling interval: 15 seconds.","timestamp":"2026-07-14 08:59:00"}
{"level":"info","message":"🚀 Unified REST & WebSocket server running at http://localhost:4000","timestamp":"2026-07-14 08:59:00"}
{"level":"info","message":"[POSITION UPDATE] EUR/USD @ 1.13914","timestamp":"2026-07-14 08:59:01"}
{"level":"info","message":"Fetching 100 1h candles for EUR/USD from Twelve Data...","timestamp":"2026-07-14 08:59:01"}
{"level":"info","message":"==================================================","timestamp":"2026-07-14 09:04:49"}
{"level":"info","message":"   Starting Forex Paper Trading Bot Engine        ","timestamp":"2026-07-14 09:04:49"}
{"level":"info","message":"==================================================","timestamp":"2026-07-14 09:04:49"}
{"level":"info","message":"Initializing JSON-file Database at: D:\\Frerlancing\\Treding Bot\\forex_bot_db.json","timestamp":"2026-07-14 09:04:49"}
{"level":"info","message":"JSON Database initialized successfully.","timestamp":"2026-07-14 09:04:49"}
{"level":"info","message":"Trading Engine Initialized. Realized PnL: $0.00. Current Account Balance: $52.29","timestamp":"2026-07-14 09:04:49"}
{"level":"info","message":"Telegram Notifier & Command Listener configured successfully.","timestamp":"2026-07-14 09:04:49"}
{"level":"info","message":"Enabled Strategy: rsi_reversion","timestamp":"2026-07-14 09:04:49"}
{"level":"info","message":"Enabled Strategy: bollinger_bands","timestamp":"2026-07-14 09:04:49"}
{"level":"info","message":"Enabled Strategy: ml_signal (Python microservice)","timestamp":"2026-07-14 09:04:49"}
{"level":"info","message":"Checking ML Service connectivity and models...","timestamp":"2026-07-14 09:04:49"}
{"level":"info","message":"Fetching 50 1h candles for EUR/USD from Twelve Data...","timestamp":"2026-07-14 09:04:49"}
{"level":"info","message":"ML model for EUR/USD is loaded and ready.","timestamp":"2026-07-14 09:05:01"}
{"level":"info","message":"Fetching 50 1h candles for GBP/USD from Twelve Data...","timestamp":"2026-07-14 09:05:01"}
{"level":"error","message":"ML Client predict failed for GBP/USD: read ECONNRESET","timestamp":"2026-07-14 09:05:11"}
{"level":"info","message":"ML model for GBP/USD is loaded and ready.","timestamp":"2026-07-14 09:05:11"}
{"level":"info","message":"Fetching 50 1h candles for USD/JPY from Twelve Data...","timestamp":"2026-07-14 09:05:11"}
{"level":"info","message":"ML model for USD/JPY is loaded and ready.","timestamp":"2026-07-14 09:05:20"}
{"level":"info","message":"Starting execution loop. Polling interval: 15 seconds.","timestamp":"2026-07-14 09:05:20"}
{"level":"info","message":"🚀 Unified REST & WebSocket server running at http://localhost:4000","timestamp":"2026-07-14 09:05:20"}
{"level":"info","message":"[POSITION UPDATE] EUR/USD @ 1.13926","timestamp":"2026-07-14 09:05:21"}
{"level":"info","message":"Fetching 100 1h candles for EUR/USD from Twelve Data...","timestamp":"2026-07-14 09:05:21"}
{"level":"info","message":"==================================================","timestamp":"2026-07-14 09:05:30"}
{"level":"info","message":"   Starting Forex Paper Trading Bot Engine        ","timestamp":"2026-07-14 09:05:30"}
{"level":"info","message":"==================================================","timestamp":"2026-07-14 09:05:30"}
{"level":"info","message":"Initializing JSON-file Database at: D:\\Frerlancing\\Treding Bot\\forex_bot_db.json","timestamp":"2026-07-14 09:05:30"}
{"level":"info","message":"JSON Database initialized successfully.","timestamp":"2026-07-14 09:05:30"}
{"level":"info","message":"Trading Engine Initialized. Realized PnL: $0.00. Current Account Balance: $52.29","timestamp":"2026-07-14 09:05:30"}
{"level":"info","message":"Telegram Notifier & Command Listener configured successfully.","timestamp":"2026-07-14 09:05:30"}
{"level":"info","message":"Enabled Strategy: rsi_reversion","timestamp":"2026-07-14 09:05:30"}
{"level":"info","message":"Enabled Strategy: bollinger_bands","timestamp":"2026-07-14 09:05:30"}
{"level":"info","message":"Enabled Strategy: ml_signal (Python microservice)","timestamp":"2026-07-14 09:05:30"}
{"level":"info","message":"Checking ML Service connectivity and models...","timestamp":"2026-07-14 09:05:30"}
{"level":"info","message":"Fetching 50 1h candles for EUR/USD from Twelve Data...","timestamp":"2026-07-14 09:05:30"}
{"level":"info","message":"==================================================","timestamp":"2026-07-14 09:05:38"}
{"level":"info","message":"   Starting Forex Paper Trading Bot Engine        ","timestamp":"2026-07-14 09:05:38"}
{"level":"info","message":"==================================================","timestamp":"2026-07-14 09:05:38"}
{"level":"info","message":"Initializing JSON-file Database at: D:\\Frerlancing\\Treding Bot\\forex_bot_db.json","timestamp":"2026-07-14 09:05:38"}
{"level":"info","message":"JSON Database initialized successfully.","timestamp":"2026-07-14 09:05:38"}
{"level":"info","message":"Trading Engine Initialized. Realized PnL: $0.00. Current Account Balance: $52.29","timestamp":"2026-07-14 09:05:38"}
{"level":"info","message":"Telegram Notifier & Command Listener configured successfully.","timestamp":"2026-07-14 09:05:38"}
{"level":"info","message":"Enabled Strategy: rsi_reversion","timestamp":"2026-07-14 09:05:38"}
{"level":"info","message":"Enabled Strategy: bollinger_bands","timestamp":"2026-07-14 09:05:38"}
{"level":"info","message":"Enabled Strategy: ml_signal (Python microservice)","timestamp":"2026-07-14 09:05:38"}
{"level":"info","message":"Checking ML Service connectivity and models...","timestamp":"2026-07-14 09:05:38"}
{"level":"info","message":"Fetching 50 1h candles for EUR/USD from Twelve Data...","timestamp":"2026-07-14 09:05:38"}
{"level":"info","message":"ML model for EUR/USD is loaded and ready.","timestamp":"2026-07-14 09:05:48"}
{"level":"info","message":"Fetching 50 1h candles for GBP/USD from Twelve Data...","timestamp":"2026-07-14 09:05:48"}
{"level":"error","message":"Twelve Data candle fetch failed for GBP/USD: Request failed with status code 429. Using cache or simulator...","timestamp":"2026-07-14 09:05:48"}
{"level":"info","message":"ML model for GBP/USD is loaded and ready.","timestamp":"2026-07-14 09:05:49"}
{"level":"info","message":"Fetching 50 1h candles for USD/JPY from Twelve Data...","timestamp":"2026-07-14 09:05:49"}
{"level":"error","message":"Twelve Data candle fetch failed for USD/JPY: Request failed with status code 429. Using cache or simulator...","timestamp":"2026-07-14 09:05:49"}
{"level":"info","message":"ML model for USD/JPY is loaded and ready.","timestamp":"2026-07-14 09:05:49"}
{"level":"info","message":"Starting execution loop. Polling interval: 15 seconds.","timestamp":"2026-07-14 09:05:49"}
{"level":"info","message":"🚀 Unified REST & WebSocket server running at http://localhost:4000","timestamp":"2026-07-14 09:05:49"}
{"level":"error","message":"MT5 quote fetch failed: Request failed with status code 429. Using simulator fallback.","timestamp":"2026-07-14 09:05:50"}
{"level":"error","message":"MT5 quote fetch failed: Request failed with status code 429. Using simulator fallback.","timestamp":"2026-07-14 09:05:50"}
{"level":"error","message":"MT5 quote fetch failed: Request failed with status code 429. Using simulator fallback.","timestamp":"2026-07-14 09:05:50"}
{"level":"error","message":"MT5 quote fetch failed: Request failed with status code 429. Using simulator fallback.","timestamp":"2026-07-14 09:05:51"}
{"level":"error","message":"MT5 quote fetch failed: Request failed with status code 429. Using simulator fallback.","timestamp":"2026-07-14 09:05:51"}
{"level":"error","message":"MT5 quote fetch failed: Request failed with status code 429. Using simulator fallback.","timestamp":"2026-07-14 09:05:51"}
{"level":"error","message":"MT5 quote fetch failed: Request failed with status code 429. Using simulator fallback.","timestamp":"2026-07-14 09:05:51"}
{"level":"error","message":"MT5 quote fetch failed: Request failed with status code 429. Using simulator fallback.","timestamp":"2026-07-14 09:05:52"}
{"level":"error","message":"MT5 quote fetch failed: Request failed with status code 429. Using simulator fallback.","timestamp":"2026-07-14 09:05:52"}
{"level":"error","message":"MT5 quote fetch failed: Request failed with status code 429. Using simulator fallback.","timestamp":"2026-07-14 09:05:52"}
{"level":"error","message":"MT5 quote fetch failed: Request failed with status code 429. Using simulator fallback.","timestamp":"2026-07-14 09:05:52"}
{"level":"error","message":"MT5 quote fetch failed: Request failed with status code 429. Using simulator fallback.","timestamp":"2026-07-14 09:05:52"}
{"level":"error","message":"MT5 quote fetch failed: Request failed with status code 429. Using simulator fallback.","timestamp":"2026-07-14 09:05:53"}
{"level":"error","message":"MT5 quote fetch failed: Request failed with status code 429. Using simulator fallback.","timestamp":"2026-07-14 09:05:53"}
{"level":"error","message":"MT5 quote fetch failed: Request failed with status code 429. Using simulator fallback.","timestamp":"2026-07-14 09:05:53"}
{"level":"error","message":"MT5 quote fetch failed: Request failed with status code 429. Using simulator fallback.","timestamp":"2026-07-14 09:05:53"}
{"level":"error","message":"MT5 quote fetch failed: Request failed with status code 429. Using simulator fallback.","timestamp":"2026-07-14 09:05:54"}
{"level":"error","message":"MT5 quote fetch failed: Request failed with status code 429. Using simulator fallback.","timestamp":"2026-07-14 09:05:54"}
{"level":"error","message":"MT5 quote fetch failed: Request failed with status code 429. Using simulator fallback.","timestamp":"2026-07-14 09:05:54"}
{"level":"error","message":"MT5 quote fetch failed: Request failed with status code 429. Using simulator fallback.","timestamp":"2026-07-14 09:05:54"}
{"level":"error","message":"MT5 quote fetch failed: Request failed with status code 429. Using simulator fallback.","timestamp":"2026-07-14 09:05:55"}
{"level":"error","message":"MT5 quote fetch failed: Request failed with status code 429. Using simulator fallback.","timestamp":"2026-07-14 09:05:55"}
{"level":"error","message":"MT5 quote fetch failed: Request failed with status code 429. Using simulator fallback.","timestamp":"2026-07-14 09:05:55"}
{"level":"error","message":"MT5 quote fetch failed: Request failed with status code 429. Using simulator fallback.","timestamp":"2026-07-14 09:05:55"}
{"level":"error","message":"MT5 quote fetch failed: Request failed with status code 429. Using simulator fallback.","timestamp":"2026-07-14 09:05:55"}
{"level":"error","message":"MT5 quote fetch failed: Request failed with status code 429. Using simulator fallback.","timestamp":"2026-07-14 09:05:56"}
{"level":"error","message":"MT5 quote fetch failed: Request failed with status code 429. Using simulator fallback.","timestamp":"2026-07-14 09:05:56"}
{"level":"error","message":"MT5 quote fetch failed: Request failed with status code 429. Using simulator fallback.","timestamp":"2026-07-14 09:05:56"}
{"level":"error","message":"MT5 quote fetch failed: Request failed with status code 429. Using simulator fallback.","timestamp":"2026-07-14 09:05:56"}
{"level":"error","message":"MT5 quote fetch failed: Request failed with status code 429. Using simulator fallback.","timestamp":"2026-07-14 09:05:57"}
{"level":"error","message":"MT5 quote fetch failed: Request failed with status code 429. Using simulator fallback.","timestamp":"2026-07-14 09:05:57"}
{"level":"error","message":"MT5 quote fetch failed: Request failed with status code 429. Using simulator fallback.","timestamp":"2026-07-14 09:05:57"}
{"level":"error","message":"MT5 quote fetch failed: Request failed with status code 429. Using simulator fallback.","timestamp":"2026-07-14 09:05:57"}
{"level":"error","message":"MT5 quote fetch failed: Request failed with status code 429. Using simulator fallback.","timestamp":"2026-07-14 09:05:58"}
{"level":"error","message":"MT5 quote fetch failed: Request failed with status code 429. Using simulator fallback.","timestamp":"2026-07-14 09:05:58"}
{"level":"error","message":"MT5 quote fetch failed: Request failed with status code 429. Using simulator fallback.","timestamp":"2026-07-14 09:05:58"}
{"level":"error","message":"MT5 quote fetch failed: Request failed with status code 429. Using simulator fallback.","timestamp":"2026-07-14 09:05:58"}
{"level":"error","message":"MT5 quote fetch failed: Request failed with status code 429. Using simulator fallback.","timestamp":"2026-07-14 09:05:58"}
{"level":"error","message":"MT5 quote fetch failed: Request failed with status code 429. Using simulator fallback.","timestamp":"2026-07-14 09:05:59"}
{"level":"warn","message":"[MT5] API Call failed. Retrying in 1000ms... (Attempt 1/3)","timestamp":"2026-07-14 09:06:00"}
{"level":"warn","message":"[MT5] API Call failed. Retrying in 2000ms... (Attempt 2/3)","timestamp":"2026-07-14 09:06:01"}
{"level":"error","message":"[MT5] Failed to get positions: Request failed with status code 500","timestamp":"2026-07-14 09:06:03"}
{"level":"info","message":"[POSITION UPDATE] EUR/USD @ 1.13925","timestamp":"2026-07-14 09:06:03"}
{"level":"info","message":"Fetching 100 1h candles for EUR/USD from Twelve Data...","timestamp":"2026-07-14 09:06:03"}
{"level":"info","message":"Fetching 30 1day candles for EUR/USD from Twelve Data...","timestamp":"2026-07-14 09:06:21"}
{"level":"info","message":"Fetching 100 1h candles for GBP/USD from Twelve Data...","timestamp":"2026-07-14 09:06:27"}
{"level":"info","message":"Fetching 30 1day candles for GBP/USD from Twelve Data...","timestamp":"2026-07-14 09:06:47"}
{"level":"info","message":"Fetching 100 1h candles for USD/JPY from Twelve Data...","timestamp":"2026-07-14 09:06:53"}
{"level":"info","message":"Fetching 30 1day candles for USD/JPY from Twelve Data...","timestamp":"2026-07-14 09:07:12"}
{"level":"warn","message":"Risk Management: Correlation limit. Blocking SELL USD/JPY due to existing correlated exposure in EUR/USD.","timestamp":"2026-07-14 09:07:18"}
{"level":"info","message":"[TICK] Balance: $52.29 | Equity: $53.43 | Positions: [ma_crossover_scalper:EUR/USD(BUY,PnL:$1.14)]","timestamp":"2026-07-14 09:07:18"}
{"level":"warn","message":"[MT5] API Call failed. Retrying in 1000ms... (Attempt 1/3)","timestamp":"2026-07-14 09:07:34"}
{"level":"warn","message":"[MT5] API Call failed. Retrying in 2000ms... (Attempt 2/3)","timestamp":"2026-07-14 09:07:35"}
{"level":"error","message":"[MT5] Failed to get positions: Request failed with status code 500","timestamp":"2026-07-14 09:07:37"}
{"level":"info","message":"[POSITION UPDATE] EUR/USD @ 1.13935","timestamp":"2026-07-14 09:07:37"}
{"level":"info","message":"Fetching 100 1h candles for EUR/USD from Twelve Data...","timestamp":"2026-07-14 09:07:37"}
{"level":"info","message":"==================================================","timestamp":"2026-07-14 09:07:48"}
{"level":"info","message":"   Starting Forex Paper Trading Bot Engine        ","timestamp":"2026-07-14 09:07:48"}
{"level":"info","message":"==================================================","timestamp":"2026-07-14 09:07:48"}
{"level":"info","message":"Initializing JSON-file Database at: D:\\Frerlancing\\Treding Bot\\forex_bot_db.json","timestamp":"2026-07-14 09:07:48"}
{"level":"info","message":"JSON Database initialized successfully.","timestamp":"2026-07-14 09:07:48"}
{"level":"info","message":"Trading Engine Initialized. Realized PnL: $0.00. Current Account Balance: $52.29","timestamp":"2026-07-14 09:07:48"}
{"level":"info","message":"Telegram Notifier & Command Listener configured successfully.","timestamp":"2026-07-14 09:07:48"}
{"level":"info","message":"Enabled Strategy: rsi_reversion","timestamp":"2026-07-14 09:07:48"}
{"level":"info","message":"Enabled Strategy: bollinger_bands","timestamp":"2026-07-14 09:07:48"}
{"level":"info","message":"Enabled Strategy: ml_signal (Python microservice)","timestamp":"2026-07-14 09:07:48"}
{"level":"info","message":"Checking ML Service connectivity and models...","timestamp":"2026-07-14 09:07:48"}
{"level":"info","message":"Fetching 50 1h candles for EUR/USD from Twelve Data...","timestamp":"2026-07-14 09:07:48"}
{"level":"info","message":"ML model for EUR/USD is loaded and ready.","timestamp":"2026-07-14 09:07:57"}
{"level":"info","message":"Fetching 50 1h candles for GBP/USD from Twelve Data...","timestamp":"2026-07-14 09:07:57"}
{"level":"error","message":"ML Client predict failed for GBP/USD: read ECONNRESET","timestamp":"2026-07-14 09:08:06"}
{"level":"info","message":"ML model for GBP/USD is loaded and ready.","timestamp":"2026-07-14 09:08:06"}
{"level":"info","message":"Fetching 50 1h candles for USD/JPY from Twelve Data...","timestamp":"2026-07-14 09:08:06"}
{"level":"info","message":"ML model for USD/JPY is loaded and ready.","timestamp":"2026-07-14 09:08:15"}
{"level":"info","message":"Starting execution loop. Polling interval: 15 seconds.","timestamp":"2026-07-14 09:08:15"}
{"level":"info","message":"🚀 Unified REST & WebSocket server running at http://localhost:4000","timestamp":"2026-07-14 09:08:15"}
{"level":"info","message":"[POSITION UPDATE] EUR/USD @ 1.13938","timestamp":"2026-07-14 09:08:16"}
{"level":"info","message":"Fetching 100 1h candles for EUR/USD from Twelve Data...","timestamp":"2026-07-14 09:08:16"}
{"level":"info","message":"Fetching 30 1day candles for EUR/USD from Twelve Data...","timestamp":"2026-07-14 09:08:34"}
{"level":"info","message":"Fetching 100 1h candles for GBP/USD from Twelve Data...","timestamp":"2026-07-14 09:08:39"}
{"level":"info","message":"Fetching 30 1day candles for GBP/USD from Twelve Data...","timestamp":"2026-07-14 09:08:57"}
{"level":"info","message":"Fetching 100 1h candles for USD/JPY from Twelve Data...","timestamp":"2026-07-14 09:09:02"}
{"level":"info","message":"Fetching 30 1day candles for USD/JPY from Twelve Data...","timestamp":"2026-07-14 09:09:19"}
{"level":"warn","message":"Risk Management: Correlation limit. Blocking SELL USD/JPY due to existing correlated exposure in EUR/USD.","timestamp":"2026-07-14 09:09:25"}
{"level":"info","message":"[TICK] Balance: $52.29 | Equity: $53.43 | Positions: [ma_crossover_scalper:EUR/USD(BUY,PnL:$1.14)]","timestamp":"2026-07-14 09:09:25"}
{"level":"info","message":"[POSITION UPDATE] EUR/USD @ 1.1395","timestamp":"2026-07-14 09:09:41"}
{"level":"info","message":"Fetching 100 1h candles for EUR/USD from Twelve Data...","timestamp":"2026-07-14 09:09:41"}
{"level":"info","message":"Fetching 30 1day candles for EUR/USD from Twelve Data...","timestamp":"2026-07-14 09:10:07"}
{"level":"info","message":"Fetching 100 1h candles for GBP/USD from Twelve Data...","timestamp":"2026-07-14 09:10:13"}
{"code":"UNKNOWN","errno":-4094,"level":"error","message":"Failed to save JSON database state: UNKNOWN: unknown error, open 'D:\\Frerlancing\\Treding Bot\\forex_bot_db.json'","path":"D:\\Frerlancing\\Treding Bot\\forex_bot_db.json","stack":"Error: UNKNOWN: unknown error, open 'D:\\Frerlancing\\Treding Bot\\forex_bot_db.json'\n    at Object.writeFileSync (node:fs:2413:20)\n    at saveState (D:\\Frerlancing\\Treding Bot\\src\\db\\index.ts:46:8)\n    at Object.run (D:\\Frerlancing\\Treding Bot\\src\\db\\index.ts:251:11)\n    at D:\\Frerlancing\\Treding Bot\\src\\data\\priceFeed.ts:237:16\n    at D:\\Frerlancing\\Treding Bot\\src\\db\\index.ts:355:22\n    at PriceFeed.saveCandlesToDb (D:\\Frerlancing\\Treding Bot\\src\\data\\priceFeed.ts:241:5)\n    at PriceFeed.fetchCandles (D:\\Frerlancing\\Treding Bot\\src\\data\\priceFeed.ts:104:12)\n    at processTicksAndRejections (node:internal/process/task_queues:104:5)\n    at Timeout.executionLoop [as _onTimeout] (D:\\Frerlancing\\Treding Bot\\src\\index.ts:102:25)","syscall":"open","timestamp":"2026-07-14 09:10:21"}
{"code":"UNKNOWN","errno":-4094,"level":"error","message":"Failed to save JSON database state: UNKNOWN: unknown error, open 'D:\\Frerlancing\\Treding Bot\\forex_bot_db.json'","path":"D:\\Frerlancing\\Treding Bot\\forex_bot_db.json","stack":"Error: UNKNOWN: unknown error, open 'D:\\Frerlancing\\Treding Bot\\forex_bot_db.json'\n    at Object.writeFileSync (node:fs:2413:20)\n    at saveState (D:\\Frerlancing\\Treding Bot\\src\\db\\index.ts:46:8)\n    at Object.run (D:\\Frerlancing\\Treding Bot\\src\\db\\index.ts:251:11)\n    at D:\\Frerlancing\\Treding Bot\\src\\data\\priceFeed.ts:237:16\n    at D:\\Frerlancing\\Treding Bot\\src\\db\\index.ts:355:22\n    at PriceFeed.saveCandlesToDb (D:\\Frerlancing\\Treding Bot\\src\\data\\priceFeed.ts:241:5)\n    at PriceFeed.fetchCandles (D:\\Frerlancing\\Treding Bot\\src\\data\\priceFeed.ts:104:12)\n    at processTicksAndRejections (node:internal/process/task_queues:104:5)\n    at Timeout.executionLoop [as _onTimeout] (D:\\Frerlancing\\Treding Bot\\src\\index.ts:102:25)","syscall":"open","timestamp":"2026-07-14 09:10:21"}
{"code":"UNKNOWN","errno":-4094,"level":"error","message":"Failed to save JSON database state: UNKNOWN: unknown error, open 'D:\\Frerlancing\\Treding Bot\\forex_bot_db.json'","path":"D:\\Frerlancing\\Treding Bot\\forex_bot_db.json","stack":"Error: UNKNOWN: unknown error, open 'D:\\Frerlancing\\Treding Bot\\forex_bot_db.json'\n    at Object.writeFileSync (node:fs:2413:20)\n    at saveState (D:\\Frerlancing\\Treding Bot\\src\\db\\index.ts:46:8)\n    at Object.run (D:\\Frerlancing\\Treding Bot\\src\\db\\index.ts:251:11)\n    at D:\\Frerlancing\\Treding Bot\\src\\data\\priceFeed.ts:237:16\n    at D:\\Frerlancing\\Treding Bot\\src\\db\\index.ts:355:22\n    at PriceFeed.saveCandlesToDb (D:\\Frerlancing\\Treding Bot\\src\\data\\priceFeed.ts:241:5)\n    at PriceFeed.fetchCandles (D:\\Frerlancing\\Treding Bot\\src\\data\\priceFeed.ts:104:12)\n    at processTicksAndRejections (node:internal/process/task_queues:104:5)\n    at Timeout.executionLoop [as _onTimeout] (D:\\Frerlancing\\Treding Bot\\src\\index.ts:102:25)","syscall":"open","timestamp":"2026-07-14 09:10:22"}
{"level":"info","message":"Fetching 30 1day candles for GBP/USD from Twelve Data...","timestamp":"2026-07-14 09:10:34"}
{"level":"info","message":"[POSITION UPDATE] EUR/USD @ 1.1395","timestamp":"2026-07-14 09:10:34"}
{"level":"info","message":"Fetching 100 1h candles for EUR/USD from Twelve Data...","timestamp":"2026-07-14 09:10:34"}
{"level":"info","message":"Fetching 30 1day candles for EUR/USD from Twelve Data...","timestamp":"2026-07-14 09:11:11"}
{"level":"error","message":"ML Client predict failed for GBP/USD: timeout of 15000ms exceeded","timestamp":"2026-07-14 09:11:11"}
{"level":"info","message":"Fetching 100 1h candles for USD/JPY from Twelve Data...","timestamp":"2026-07-14 09:11:11"}
{"code":"UNKNOWN","errno":-4094,"level":"error","message":"Failed to save JSON database state: UNKNOWN: unknown error, open 'D:\\Frerlancing\\Treding Bot\\forex_bot_db.json'","path":"D:\\Frerlancing\\Treding Bot\\forex_bot_db.json","stack":"Error: UNKNOWN: unknown error, open 'D:\\Frerlancing\\Treding Bot\\forex_bot_db.json'\n    at Object.writeFileSync (node:fs:2413:20)\n    at saveState (D:\\Frerlancing\\Treding Bot\\src\\db\\index.ts:46:8)\n    at Object.run (D:\\Frerlancing\\Treding Bot\\src\\db\\index.ts:251:11)\n    at D:\\Frerlancing\\Treding Bot\\src\\data\\priceFeed.ts:237:16\n    at D:\\Frerlancing\\Treding Bot\\src\\db\\index.ts:355:22\n    at PriceFeed.saveCandlesToDb (D:\\Frerlancing\\Treding Bot\\src\\data\\priceFeed.ts:241:5)\n    at PriceFeed.fetchCandles (D:\\Frerlancing\\Treding Bot\\src\\data\\priceFeed.ts:104:12)\n    at processTicksAndRejections (node:internal/process/task_queues:104:5)\n    at Timeout.executionLoop [as _onTimeout] (D:\\Frerlancing\\Treding Bot\\src\\index.ts:106:30)","syscall":"open","timestamp":"2026-07-14 09:11:18"}
